L_function,N_zeros_in_window,lambda_min,lambda_max,rank_numeric,lambda_0,lambda_1,lambda_2,lambda_3,lambda_4,lambda_5,lambda_6,lambda_7,lambda_8,lambda_9
zeta,12,5.9744695608018995e-06,171766248.65001765,8,5.9744695608018995e-06,0.0015814248181479933,0.6644409112445655,5.7845156439574525,181.2296012614396,5415.228853849324,62115.3369344848,1010754.3325149502,12550796.177368285,171766248.65001765
L_chi,21,0.6063500418374109,422443264.4305091,10,0.6063500418374109,4.675238167656477,21.476353319405174,101.16987658801855,970.9792042978878,9428.286541857258,106803.27086911192,1489530.0754602102,22169447.90079156,422443264.4305091
L_delta,26,2.6400004835391537,575352402.973833,10,2.6400004835391537,5.808932267352585,25.34909932501638,133.7830439084742,1163.7841847219238,12212.939722749063,115813.30640468276,1301441.9360403046,30700492.7709756,575352402.973833
L_DH,19,0.00016538409647995055,457761986.63246846,9,0.00016538409647995055,0.2028896319987708,11.364616998654112,63.23466337445452,803.2644694416819,6206.310902075529,100122.72317179487,1228302.5810293166,20136440.86201573,457761986.63246846
