{ "N_max": 1000000, "t_star": 80.91, "epsilon": -0.05, "M_LDH_original": 1.8346634675013094, "M_LDH_perturbed": 1.8371436103806866, "delta_M": 0.002480142879377256, "relative_change_percent": 0.1351824420832365, "D_magnitude_original": 2.4891555764758433, "D_magnitude_perturbed": 2.4443094778294334, "S_k_values_perturbed": { "1": { "real": 0.8466371116254985, "imag": 0.20431467184747187, "magnitude": 0.8709413780006706 }, "2": { "real": 0.81723368090289, "imag": 0.12246459179027175, "magnitude": 0.8263585574340261 }, "3": { "real": 0.46203336149008517, "imag": -0.21366238676031404, "magnitude": 0.5090446371841488 }, "4": { "real": 0.2590934519353677, "imag": 0.000279727073556035, "magnitude": 0.25909360293727896 }, "5": { "real": 0.046801738133927705, "imag": -0.014268779477786044, "magnitude": 0.048928527058786794 }, "6": { "real": 0.010755605121980788, "imag": -0.006531153378853125, "magnitude": 0.012583282798939392 } }, "squarefree_counts_by_k": { "1": 78498, "2": 209867, "3": 206964, "4": 92966, "5": 18387, "6": 1235 }
}