{ "L_DH": { "xi": 0.08956790044254077, "mu": 9.682479053920101, "sigma": 2.524097273878733, "ci_xi": [ -0.06743946467622601, 0.2350874052163642 ], "ci_mu": [ 9.12871490625259, 10.29419930386855 ], "ci_sigma": [ 2.148426171436391, 2.913215039478689 ], "ks_pvalue": 0.9426871474328862 }, "statistical_tests": { "delta_xi_vs_zeta": 0.22605203510181748, "permutation_pvalue_onesided": 0.0288, "permutation_pvalue_twosided": 0.0564, "ci_overlap_with_zeta": true, "significant_at_0.05": true }, "comparison": { "zeta_xi": -0.13648413465927672, "zeta_ci": [ -0.263474333347865, 0.015299439613264592 ], "frand_xi": 0.2086609175485526, "frand_ci": [ 0.027365284293340616, 0.3559029695017957 ] }, "parameters": { "N": 100000, "t_min": 1000, "t_max": 10000, "n_blocks": 100, "n_points": 9000, "n_bootstrap": 1000, "n_permutations": 10000, "seed": 42 }
}