{ "description": "L(chi mod 5, odd, 5.c.a) zeros near T0=700, newly computed to fill gap in original file", "range_T": [ 680, 720 ], "n_zeros": 38, "zeros_str": [ "680.408884123808761675853853959", "681.369646639830390191245121543", "682.713633764153095754815402706", "683.597666655364354563875759392", "684.606764214964082692021668278", "685.792425971367263140736081179", "688.384122231500101138093794947", "689.150889179747522281617064656", "690.227413433591496795981145773", "691.795621426651984650506198124", "693.089903994613419611326052266", "693.557711448793136071778885582", "694.284703293510995744672713035", "695.651914729815775678784191875", "696.24442628206303256176406826", "697.664020672515896503355215022", "698.226039941813044351000800742", "699.339887386123233944475184828", "700.290002427622482424258664203", "701.58051442832295972402142046", "702.937382950341170466981439359", "703.665310403170056419970551561", "704.322522491653665299133953859", "705.582895594409351411783096713", "706.146117305277763163793059045", "706.861213744399577150410723665", "708.505993624918290365269961879", "709.479410989029089057241620047", "710.777424865436952059200451426", "711.361285022639555224919326552", "712.426820904751954911665262894", "713.337362123908608581158134088", "714.421598412133292539366333236", "715.495300189219034518629865578", "716.197544131505333023623019224", "716.783969904469333955259542382", "718.20026980545882225376837258", "719.636320367613765097922847022" ]
}