N,xi,xi_se,xi_ci_lower,xi_ci_upper,location,scale
10000,0.0647083953216902,0.07097134146766342,-0.08397371249049983,0.19579613507079374,13.453246217647859,3.4070921321888563
50000,0.05390543630547343,0.0808722578172824,-0.1635168985175743,0.1816199177495459,13.088817172221347,4.954942138437456
100000,0.11775744830632598,0.090246679307701,-0.08516601752769462,0.2845583112119091,13.702886240735339,4.672923602387119
200000,0.13043759543451372,0.09144587013287217,-0.0722351185731629,0.2783200793132016,14.405397903901992,4.825147645223977
500000,0.1937338608971338,0.09605661094428541,-0.02502112125817824,0.3655180630377952,14.251581332177242,5.651143787102503
1000000,0.1895769749540925,0.08204046993512244,0.026135089965257794,0.35050076686383896,14.446167289697975,4.984307287146151
