{ "N": 1000000, "n_peaks": 200, "t_peak_range": [ 50.49999999999986, 1967.099999999993 ], "peak_amp_min": 9.063318656910036, "peak_amp_max": 21.44589503458089, "K": 8, "M_matrix": [ [ 1.0, 1.499398435163051, 1.9643464788679534, 2.3898647191634246, 1.1981498016489645, 0.30071521246682203, 0.021162180190468866, -2.9476397290472724e-05 ], [ 1.499398435163051, 6.491236160249651, 7.526197158382954, 7.722355235993905, 4.436099745958952, 0.9601586337138008, 0.08293655789886978, 0.0006455766168746653 ], [ 1.9643464788679534, 7.526197158382954, 12.791178794239043, 12.233560498089151, 7.1367367829572546, 1.6335749834260787, 0.12716880058472005, 0.0013235201798983392 ], [ 2.3898647191634246, 7.722355235993905, 12.233560498089151, 16.57869251238542, 9.194119997686522, 2.190066150517978, 0.1680874499580896, 0.00037580238787256036 ], [ 1.1981498016489645, 4.436099745958952, 7.1367367829572546, 9.194119997686522, 5.880819215531992, 1.2674591947031306, 0.10458960067903028, 0.0003791116297092597 ], [ 0.30071521246682203, 0.9601586337138008, 1.6335749834260787, 2.190066150517978, 1.2674591947031306, 0.33615839629598354, 0.020160051124791148, 7.77121855777675e-05 ], [ 0.021162180190468866, 0.08293655789886978, 0.12716880058472005, 0.1680874499580896, 0.10458960067903028, 0.020160051124791148, 0.0034781369711438235, -7.544490330357136e-06 ], [ -2.9476397290472724e-05, 0.0006455766168746653, 0.0013235201798983392, 0.00037580238787256036, 0.0003791116297092597, 7.77121855777675e-05, -7.544490330357136e-06, 8.616986076807105e-06 ] ], "M_ci_low_2.5": [ [ 1.0, 1.3224283273012025, 1.689718272624436, 2.1549912555777353, 1.0358533483106758, 0.25694394411477406, 0.016882857450709332, -0.0003214535885559962 ], [ 1.3224283273012025, 5.973699880030603, 6.932752975845788, 7.0620261850485315, 3.9510651886928447, 0.8501012099365205, 0.06907334178172242, 4.562253413759827e-06 ], [ 1.689718272624436, 6.932752975845788, 11.847586725642138, 11.07918917352433, 6.3229974389946175, 1.445876773864642, 0.10673133940541958, 0.000375652317008757 ], [ 2.1549912555777353, 7.0620261850485315, 11.07918917352433, 14.683534671731167, 8.07935775013846, 1.9140498246375448, 0.14410424274186054, -0.000781098001772154 ], [ 1.0358533483106758, 3.9510651886928447, 6.3229974389946175, 8.07935775013846, 5.107592005057622, 1.107134205295682, 0.08839671117077404, -0.0002866686448188793 ], [ 0.25694394411477406, 0.8501012099365205, 1.445876773864642, 1.9140498246375448, 1.107134205295682, 0.29777168573139623, 0.016944639761795114, -9.166670669150959e-05 ], [ 0.016882857450709332, 0.06907334178172242, 0.10673133940541958, 0.14410424274186054, 0.08839671117077404, 0.016944639761795114, 0.0030267006090562852, -2.498262552331219e-05 ], [ -0.0003214535885559962, 4.562253413759827e-06, 0.000375652317008757, -0.000781098001772154, -0.0002866686448188793, -9.166670669150959e-05, -2.498262552331219e-05, 7.677414221773043e-06 ] ], "M_ci_high_97.5": [ [ 1.0, 1.6805011190184826, 2.2245895063731513, 2.6320887669233355, 1.3624086737798466, 0.344528442486088, 0.02522566324491229, 0.00026638812760050573 ], [ 1.6805011190184826, 7.025561164950511, 8.11512852588982, 8.406938365691792, 4.936134976680528, 1.0865205643306033, 0.09657918383167778, 0.0013100991830213055 ], [ 2.2245895063731513, 8.11512852588982, 13.783894530065064, 13.46891585055289, 8.011777844273846, 1.8343621003508672, 0.1474571195352289, 0.0022644457354677643 ], [ 2.6320887669233355, 8.406938365691792, 13.46891585055289, 18.554974028108674, 10.350965435870776, 2.4787576173031183, 0.1930423944855707, 0.001530618333897633 ], [ 1.3624086737798466, 4.936134976680528, 8.011777844273846, 10.350965435870776, 6.693330025933382, 1.431082360384735, 0.12134627003129066, 0.0010564955878768784 ], [ 0.344528442486088, 1.0865205643306033, 1.8343621003508672, 2.4787576173031183, 1.431082360384735, 0.37705413172747193, 0.023577426811725866, 0.00024956119101883533 ], [ 0.02522566324491229, 0.09657918383167778, 0.1474571195352289, 0.1930423944855707, 0.12134627003129066, 0.023577426811725866, 0.0039454819424816785, 8.818283511555847e-06 ], [ 0.00026638812760050573, 0.0013100991830213055, 0.0022644457354677643, 0.001530618333897633, 0.0010564955878768784, 0.00024956119101883533, 8.818283511555847e-06, 9.57171457005032e-06 ] ], "diagonals_E_Sk_sq_at_peaks": { "0": 1.0, "1": 6.491236160249651, "2": 12.791178794239043, "3": 16.57869251238542, "4": 5.880819215531992, "5": 0.33615839629598354, "6": 0.0034781369711438235, "7": 8.616986076807105e-06 }, "log_log_N": 2.625791914476011, "total_E_D_sq_at_peaks": 167.44091657523575, "total_check_sum_M": 167.44091657523575, "top5_positive_offdiag": [ { "j": 2, "k": 3, "M_jk": 12.233560498089151, "ci95": [ 11.07918917352433, 13.46891585055289 ], "contrib_to_total_2M": 24.467120996178302 }, { "j": 3, "k": 4, "M_jk": 9.194119997686522, "ci95": [ 8.07935775013846, 10.350965435870776 ], "contrib_to_total_2M": 18.388239995373045 }, { "j": 1, "k": 3, "M_jk": 7.722355235993905, "ci95": [ 7.0620261850485315, 8.406938365691792 ], "contrib_to_total_2M": 15.44471047198781 }, { "j": 1, "k": 2, "M_jk": 7.526197158382954, "ci95": [ 6.932752975845788, 8.11512852588982 ], "contrib_to_total_2M": 15.052394316765907 }, { "j": 2, "k": 4, "M_jk": 7.1367367829572546, "ci95": [ 6.3229974389946175, 8.011777844273846 ], "contrib_to_total_2M": 14.273473565914509 } ], "top5_negative_offdiag": [ { "j": 0, "k": 7, "M_jk": -2.9476397290472724e-05, "ci95": [ -0.0003214535885559962, 0.00026638812760050573 ], "contrib_to_total_2M": -5.895279458094545e-05 }, { "j": 6, "k": 7, "M_jk": -7.544490330357136e-06, "ci95": [ -2.498262552331219e-05, 8.818283511555847e-06 ], "contrib_to_total_2M": -1.5088980660714272e-05 }, { "j": 5, "k": 7, "M_jk": 7.77121855777675e-05, "ci95": [ -9.166670669150959e-05, 0.00024956119101883533 ], "contrib_to_total_2M": 0.000155424371155535 }, { "j": 3, "k": 7, "M_jk": 0.00037580238787256036, "ci95": [ -0.000781098001772154, 0.001530618333897633 ], "contrib_to_total_2M": 0.0007516047757451207 }, { "j": 4, "k": 7, "M_jk": 0.0003791116297092597, "ci95": [ -0.0002866686448188793, 0.0010564955878768784 ], "contrib_to_total_2M": 0.0007582232594185194 } ], "is_12_channel_largest_positive": false, "M_12_value": 7.526197158382954, "M_12_ci95": [ 6.932752975845788, 8.11512852588982 ], "rank_of_12_channel": 4, "t_grid_dt": 0.1, "t_grid_range": [ 50.0, 2000.0 ], "method": "Top 200 peaks of |D_zeta(1/2+it; N=1e6)| identified on dt=0.1 grid in t in [50,2000] using scipy.signal.find_peaks (distance=5). At each peak, compute S_k = sum over n with omega(n)=k for k=0..7 using Numba-parallel Kahan-compensated summation. M_jk = mean over 200 peaks of Re(S_j * conj(S_k)). Bootstrap with B=2000 replicates over peak indices for 95% CIs."
}