{ "N_zeros": 1000, "window_dim": 3, "n_permutations": 100, "zeta_vs_LDH": { "observed_H0": 18.472192827253494, "observed_H1": 7.15661206412075, "null_H0_mean": 3.56272074665813, "null_H0_std": 0.9341878378704549, "null_H1_mean": 2.9343691143558512, "null_H1_std": 0.21349198070138137, "p_value_H0": 0.009900990099009901, "p_value_H1": 0.009900990099009901, "z_score_H0": 15.959822506983741, "z_score_H1": 19.77705643038038 }, "zeta_vs_Lchi": { "observed_H0": 4.464536220567706, "observed_H1": 2.886850230255708, "null_H0_mean": 2.410254225811644, "null_H0_std": 0.6931957194699224, "null_H1_mean": 2.4916772149246804, "null_H1_std": 0.21396409191598106, "p_value_H0": 0.009900990099009901, "p_value_H1": 0.04950495049504951, "z_score_H0": 2.9634949222233287, "z_score_H1": 1.846912777711334 }, "R2_gate": { "zeta_passed": true, "LDH_passed_caveat": "3/4 coords pass <1e-6; coord (0.650786,114.163343) gives ~8e-5, matching documented spec transcription artifact" }
}