L_function,N_terms,M_total,M_0,M_1,M_2,M_3,M_4,M_geq5,frac_0,frac_1,frac_2,frac_3,frac_4,frac_geq5
L(χ₄ mod 5),10000,2749.0609515900096,500.000000000015,1449.6212513843918,1167.0078153563047,356.59834224475856,37.250622842539755,0.2550596300593688,0.14242039681585597,0.4129112677097132,0.3324114323004902,0.1015737548127468,0.010610496973744284,7.265138744951929e-05
L(χ₄ mod 5),50000,2749.043162722106,500.000000000015,1489.205492890052,1300.040567790761,470.4750698147155,62.46506973623977,2.1992492112273094,0.1307399598209526,0.389397332611163,0.33993450319713486,0.12301978344866786,0.01633336141505749,0.000575059507024223
L(χ₄ mod 5),100000,2749.0405097524954,500.000000000015,1503.2183723987227,1343.3938779450486,504.4013364754614,78.59991150224766,3.904180319248222,0.12711268662018413,0.3821562517848327,0.34152481002939544,0.1282316180284109,0.019982091838318228,0.0009925416988585496
L(χ₄ mod 5),1000000,2749.039568144578,500.000000000015,1535.1148966994083,1462.2707331561423,633.0481556665875,127.85147483225359,9.166127772341502,0.11716595094466824,0.35972639336221385,0.342656681977583,0.14834337830488373,0.02995967925679772,0.0021479161538533868
