k,Square_Free_Count_N1,Square_Free_Count_N2,Proportion_N1_%,Proportion_N2_%,Density_Change_%,Variance_N1,Variance_N2,Variance_Change_%
1,9592,78498,15.778132350764068,12.912448081589012,-18.16237945954537,1.2934220280799784,1.336581511146706,3.336844597489639
2,23313,209867,38.348165084795944,34.521857136982355,-9.977812339528656,1.1986887834674986,1.3604951352787378,13.498612320637134
3,19919,206964,32.76528547694636,34.0443311263725,3.903660935065168,0.597737898916071,0.7104147475433178,18.850544499783823
4,7039,92966,11.578635698188936,15.292346917794136,32.07382386325598,0.14723811949115162,0.2540647387233928,72.55364276685225
5,910,18387,1.4968828648035135,3.0245507258296667,102.05660689600319,0.011579296048115353,0.030237817385718378,161.1369228325403
6,20,1235,0.03289852450117612,0.2031500596290661,517.5050787514907,0.00015850579142014426,0.0015074994068327698,851.0689756672095
