{ "description": "Single-zero asymmetric displacement of zeta zero closest to T0=85.6993, with beta=0.3085, sigma=2.0, mimicking L_DH geometric parameters from r28. Tests whether beta/sigma ratio (not intrinsic L_DH structure) controls Weil-form growth exponent.", "parameters": { "T0": "85.6993", "sigma": "2.0", "half_window": "40.0", "beta_shift": "0.3085", "prime_bound": 100000, "dps": 80, "zeros_in_window": 33, "shifted_zero_index_0based": 22, "shifted_zero_index_1based": 23, "shifted_zero_gamma": "84.735492980517050105735311206827741417106627934241", "distance_T0_to_shifted_zero": "0.96380701948294989426468879317225858289337206575900000000000000000000000000000008", "basis": "h_i(z) = exp(-(z-T0)^2/(2 sigma^2)) * (z-T0)^i (Gaussian-modulated monomials, no factorial)", "M_zeros_formula": "Re[v v^T] with v = h(\u00b1gamma - i*beta) (non-Hermitian, functional-equation pair)", "M_arith_formula": "sum (log p)/sqrt(p^k) * [h(k log p) h(k log p)^T + h(-k log p) h(-k log p)^T] for p^k <= prime_bound", "note_M_arith": "M_arith is numerically zero (~10^-661 trace) because Gaussian centered at T0=85.7 with sigma=2.0 vanishes at k log p << T0; arithmetic side does not contribute appreciably." }, "J_values": [ 4, 8, 12, 16, 20 ], "lambda_min_zeta_single_shift_beta0p3085": [ 0.5294780785396644, -0.16880601441257617, -0.6494860484897667, -2.945244747487964, -4.5184633475580975 ], "lambda_max_zeta_single_shift_beta0p3085": [ 167.4304670512502, 12676100.909961963, 44646906994713.93, 3.4171936518984624e+20, 9.031728938791643e+27 ], "lambda_min_zeta_crit_only_control": [ 0.5729817920404884, 0.0002700838850487085, 1.3868542529150597e-12, 1.329812731788743e-27, 5.326615559379235e-53 ], "lambda_max_zeta_crit_only_control": [ 168.18521790411214, 12676102.022216856, 44646906994713.266, 3.4171936518984624e+20, 9.031728938791643e+27 ], "fits": { "power_law_alpha_lmin_J4to20": 1.5256298369128662, "power_law_alpha_lmin_J8to20": 3.7602209876048813, "power_law_alpha_lmax_J8to20": 51.51624640577478, "local_log_log_slopes_lmin": [ { "J_from": 4, "J_to": 8, "alpha": -1.6492046480298876 }, { "J_from": 8, "J_to": 12, "alpha": 3.323174094679096 }, { "J_from": 12, "J_to": 16, "alpha": 5.254988016325723 }, { "J_from": 16, "J_to": 20, "alpha": 1.9179584012566744 } ], "growth_ratio_lmin_J8_to_J20": 26.76719406759164 }, "comparison_reference": { "r28_ldh_offcrit_lmin": [ 0.17293066452683875, -0.015689552756595115, -0.01898305822234395, -0.028435580315451656, -0.03495023860480681 ], "r28_ldh_offcrit_alpha_J8to20": 0.9038640584609449, "r51_zeta_single_shift_small_delta_lmin": [ -0.00017588931453140318, -0.005469174291454321, -0.3840812775774776, -56.90127697594482, -1738.0261319017789 ], "r51_zeta_single_shift_small_delta_alpha_J8to20": 13.975311690480662, "hypothesized_alpha": 1.0 }, "conclusion": "Single-zero asymmetric displacement of the closest zeta zero (gamma_23\u224884.7355) at beta=0.3085 with basis centered at T0=85.6993, sigma=2.0 produces |lambda_min| growing with power-law exponent alpha = 3.76 (J=8..20). This is well above the hypothesized alpha\u22481 of L_DH (r28: alpha=0.90) but well below the small-delta single-shift exponent (r51: alpha=13.98). Hypothesis NOT supported: matching beta/sigma ratio alone does not reproduce L_DH's weak signal. The growth ratio (J=8->20) is 26.8x vs 2.2x for L_DH, ~12x larger growth despite identical geometric parameters."
}