{ "param_points": { "optimal": [ 46.13, 1.0, 10 ], "L_DH": [ 85.7, 2.0, 10 ] }, "X_grid": [ 10000, 100000, 500000, 1000000 ], "H_grid": [ 1000, 2500, 5000 ], "X_fine": [ 1000, 3000, 10000, 30000, 100000, 300000, 1000000 ], "main_grid": { "optimal|X=10000|H=1000": 0.02559638933801269, "optimal|X=10000|H=2500": 0.02559638933801269, "optimal|X=10000|H=5000": 0.02559638933801269, "optimal|X=100000|H=1000": 6.0984094655466866e-05, "optimal|X=100000|H=2500": 6.0984094655466866e-05, "optimal|X=100000|H=5000": 6.0984094655466866e-05, "optimal|X=500000|H=1000": 2.3630822645658702e-07, "optimal|X=500000|H=2500": 2.3630822645658702e-07, "optimal|X=500000|H=5000": 2.3630822645658702e-07, "optimal|X=1000000|H=1000": 5.795525797172522e-09, "optimal|X=1000000|H=2500": 5.795525797172522e-09, "optimal|X=1000000|H=5000": 5.795525797172522e-09, "L_DH|X=10000|H=1000": 4.6197185828994235e-10, "L_DH|X=10000|H=2500": 4.6197185828994235e-10, "L_DH|X=10000|H=5000": 4.6197185828994235e-10, "L_DH|X=100000|H=1000": 4.6197314212934915e-10, "L_DH|X=100000|H=2500": 4.6197314212934915e-10, "L_DH|X=100000|H=5000": 4.6197314212934915e-10, "L_DH|X=500000|H=1000": 4.6192474983974385e-10, "L_DH|X=500000|H=2500": 4.6192474983974385e-10, "L_DH|X=500000|H=5000": 4.6192474983974385e-10, "L_DH|X=1000000|H=1000": 4.6197337846178183e-10, "L_DH|X=1000000|H=2500": 4.6197337846178183e-10, "L_DH|X=1000000|H=5000": 4.6197337846178183e-10 }, "fine_X_scan_H2500": { "optimal|X=1000": 0.15592269575707887, "optimal|X=3000": 0.07011246333162913, "optimal|X=10000": 0.02559638933801269, "optimal|X=30000": 0.0011963878860368046, "optimal|X=100000": 6.0984094655466866e-05, "optimal|X=300000": 5.347440200676383e-07, "optimal|X=1000000": 5.795525797172522e-09, "L_DH|X=1000": 4.918747155499281e-10, "L_DH|X=3000": 4.6196770546115363e-10, "L_DH|X=10000": 4.6197185828994235e-10, "L_DH|X=30000": 4.6197295215467136e-10, "L_DH|X=100000": 4.6197314212934915e-10, "L_DH|X=300000": 4.61925866910208e-10, "L_DH|X=1000000": 4.6197337846178183e-10 }
}