{ "data": { "point": "optimal (T0=46.13, sigma=1, H=2500, m=20)", "X": [ 1000.0, 3000.0, 10000.0, 30000.0, 100000.0, 300000.0, 1000000.0 ], "eta": [ 0.15592269575707887, 0.07011246333162913, 0.02559638933801269, 0.0011963878860368046, 6.0984094655466866e-05, 5.347440200676383e-07, 5.795525797172522e-09 ] }, "models": { "M1_unconditional_(logX)^2_over_X": { "logA": -2.569879795852209, "A": 0.07654474586687954, "R2_logspace": 0.5043960301959798, "MSE_logspace": 17.75243009414859, "AIC": 22.135656892842068, "X_crossover_signal_1.687e-5": 844900.0 }, "M2_zero_density_exp(-c(logX)^a)": { "logA": -0.048726170256764845, "c": 0.0011935046891276221, "a": 3.6893131610555785, "R2_logspace": 0.9953836369437131, "MSE_logspace": 0.16535715498475603, "AIC": -6.597532981145887, "X_crossover_signal_1.687e-5": 141100.0, "note": "Free-a fit yields a\u22483.69 (super-exponential in logX). With a<1 enforced, best is a\u22480.99, R\u00b2=0.93." }, "M3_RH_like_(logX)^2_over_sqrtX": { "logA": -7.739407640863204, "A": 0.0004353293700474547, "R2_logspace": 0.21411957101232082, "MSE_logspace": 28.15007188800389, "AIC": 25.362849358312495, "X_crossover_signal_1.687e-5": 71140000.0 } }, "detectability": { "signal_delta_1e-3": 1.6871819e-05, "c_prefactor_m20": 16.871819, "empirical_X_min_loglog_interp": 134700.0, "best_fit_model": "M2", "verdict": "\u03b7(X) decays FASTER than both unconditional (logX)^2/X and RH-conditional (logX)^2/sqrt(X). A super-exponential-in-logX form (zero-density / strong sieve regime) matches the data and reproduces the empirical X_min~1.35e5 for \u03b4=1e-3 detection." }
}