N,Condition,PD (%),MD (%),3A (%),3B (%),4I (%),Total M₄
10⁴,All points,20.85820728092289,43.62804565173483,-17.14397916012059,0.0,52.65772622746289,369.23491653609915
10⁴,Top 10% |M₄|,19.316209154138676,35.6103454698676,-6.001409304082264,0.0,51.07485468007598,3203.3046303340207
10⁵,All points,27.792086211398242,27.250609512722395,30.410651637654468,0.0,14.546652638224904,1424.7027508073886
10⁵,Top 10% |M₄|,27.28427418306217,22.05978129713028,38.19077414885505,0.0,12.465170370952487,13387.079008721927
10⁶,All points,17.587769674976077,35.720038015946024,12.940627177940945,0.0,33.751565131136964,1085.3650464301122
10⁶,Top 10% |M₄|,16.54655056287233,30.34944700118548,21.918543556251247,0.0,31.18545887969093,9889.171064034272
