{ "zeta": { "lambda_min_Q": -2.1722282402523078e-05, "lambda_max_Q": 0.0005818614723696509, "eigenvalues": [ -2.1722282402523078e-05, -4.267004678836403e-08, -1.5852368898237738e-13, -4.895126238987132e-15, -3.450605617533757e-15, 2.8078794837410264e-15, 5.15274328833104e-15, 5.757545173231158e-12, 2.023959384923234e-09, 0.0005818614723696509 ], "trace_M_zeros": 166122.70434872582, "rel_lambda_min": 1.3076046701553527e-10 }, "lchi": { "lambda_min_Q": -0.011108421521818831, "lambda_max_Q": 0.0003842119841985873, "eigenvalues": [ -0.011108421521818831, -1.3771524580998303e-08, -3.0230893937717314e-11, -1.6963418799705377e-14, 2.8585831495286203e-15, 5.087276193273076e-15, 8.69590968559988e-15, 1.1446924956802519e-12, 3.832737952891274e-07, 0.0003842119841985873 ], "trace_M_zeros": 161695.9280705374, "rel_lambda_min": 6.869945121297644e-08 }, "ldelta": { "lambda_min_Q": -0.00491888493275604, "lambda_max_Q": 0.00033754068580976916, "eigenvalues": [ -0.00491888493275604, -1.0906023693202509e-08, -1.4251612061245203e-11, -1.8950600171341475e-14, -7.59669471186892e-15, 2.9810151082744135e-15, 1.095114020745197e-14, 9.057546847703475e-13, 1.709586946797076e-07, 0.00033754068580976916 ], "trace_M_zeros": 214759.1999038931, "rel_lambda_min": 2.2904187270940152e-08 }, "ldh": { "lambda_min_Q": -89952.96618611802, "lambda_max_Q": 22.514339931907678, "eigenvalues": [ -89952.96618611802, -12680.179660025724, -7.932800557111932, -0.5560337569010548, -0.08733505991199614, -0.013806664045459202, 0.0013569877057573604, 0.005463430926219358, 1.3396479515476436, 22.514339931907678 ], "trace_M_zeros": 53258.19100073293, "rel_lambda_min": 1.6889977766026658 }, "params": { "T0": 85.7, "sigma": 2.0, "J": 10, "prime_bound": 1000, "half_window_zeros": 20.0 }
}