,zeta,L_DH,L(chi5),L(Delta)
zeta,0.0,14.3345,0.030500000000000027,0.09400000000000003
L_DH,14.3345,0.0,14.365,14.4285
L(chi5),0.030500000000000027,14.365,0.0,0.0635
L(Delta),0.09400000000000003,14.4285,0.0635,0.0
