Function,Multiplicative,Coefficient_Formula,Sum_ACF_squared_1_50,Sum_ACF_squared_1_100,Mean_abs_ACF_1_100,Max_abs_ACF_1_50,ACF_lag1,ACF_ratio_5_to_1,Std_ACF_1_50,Coefficient_mean,Coefficient_std,N_coefficients,Max_lag_computed
Riemann_zeta,True,a_n=1,49.9745042925,99.89903383500001,0.999495,0.99999,0.99999,0.9999599995999959,0.0001443086968966167,1.0,0.0,100000,500
L_chi5,True,a_n=(n/5),12.493251178125,24.97400885625,0.39979499999999996,0.99995,-0.25,-3.9998,0.49986500531393474,0.0,0.894427,100000,500
Validated_L_DH,True,a_n=(-1)^omega(n),0.0008940981,0.0015140934,0.002936,0.01333,-0.00257,0.5252918287937743,0.00418124272914166,-0.0016,0.999999,100000,500
