{ "description": "Weil-form J-sweep for single-zero-shift deformed zeta vs multi-zero (r24) and L_DH off-critical (r28). T0=46.13, sigma=1.0, prime_bound=1000, dps=80, delta=0.05. Only the zero closest to T0 (gamma_9 = 48.005) is given real part 0.5 + delta; all others remain on critical line.", "parameters": { "T0": "46.1347251417347", "sigma": "1.0", "half_window": "20.0", "prime_bound": 1000, "dps": 80, "delta": "0.05", "zeros_in_window": 12, "shifted_zero_index_in_window": 5, "shifted_zero_gamma": "48.005150881167159727942472749427516041686844001144", "shifted_zero_label": "gamma_9 (closest to T0=46.13 in window), 1-indexed in full zeta zero list", "M_zeros_formula": "for zero at 1/2+beta+i*gamma: contribute Re[v v^T] with v = h(+/-gamma - i*beta) (non-Hermitian, no conjugation)", "M_arith_formula": "sum (log p)/sqrt(p^k) * [h(k log p) h(k log p)^T + h(-k log p) h(-k log p)^T] for p^k <= prime_bound" }, "J_values": [ 4, 8, 12, 16, 20 ], "lambda_min_zeta_single_shift": [ -0.00017588931453140318, -0.005469174291454321, -0.3840812775774776, -56.90127697594482, -1738.0261319017789 ], "lambda_max_zeta_single_shift": [ 1.9105587299598104, 1070.746318589047, 6751675.215097373, 142408787476.44806, 6559116942076837.0 ], "lambda_min_zeta_crit_only": [ 7.782845486781603e-11, 1.1176654040531937e-70, -3.0431170845949793e-82, -1.9689884538063704e-79, -1.0782466669088964e-75 ], "lambda_max_zeta_crit_only": [ 1.9050384646147196, 1072.5125486573806, 6753792.985138875, 142409689543.15378, 6559117166978509.0 ], "comparison": { "r24_multi_shift_lambda_min": [ -0.00018128214144119638, -0.011384445197815432, -10.119100212646314, -55462.06483502127, -4425992286.845759 ], "r28_ldh_offcrit_lambda_min": [ 0.17293066452683875, -0.015689552756595115, -0.01898305822234395, -0.028435580315451656, -0.03495023860480681 ] }, "log_log_local_slopes": { "single_shift": [ 4.958583293305671, 10.486047881035685, 17.374106176223403, 15.32281590864553 ], "multi_shift_r24": [ 5.972683367023727, 16.746032948248388, 29.92549979934855, 50.58315922580091 ], "ldh_r28": [ -3.462317581383896, 0.4699586813508179, 1.4046557601456968, 0.924445745498053 ] }, "fits_J8_to_J20": { "power_law_alpha": { "multi": 28.242704189282815, "single": 13.975311690480662, "ldh": 0.9038640584609486 }, "exp_rate": { "multi": 2.2166958185993244, "single": 1.0751404443548642, "ldh": 0.07017212458010649 } }, "conclusion": "Single-zero shift exhibits super-polynomial growth (alpha~14) \u2014 milder than multi-zero (alpha~28) but vastly stronger than L_DH off-critical anomaly (alpha~0.9). The hypothesis that a single-zero shift mimics the L_DH growth pattern is NOT supported; the L_DH anomaly's mild growth reflects something other than just a single off-critical zero, likely involving the missing Euler product / arithmetic-side cancellation."
}