Function,Sparsity (%),Var(Re),Var(Im),Mean |a_n|,MD (%),3-Index B (%),4-Index (%)
Zeta,100.0,0.0,0.0,1.0,28.8,26.84,26.9
Möbius,60.79256079256079,0.6077586036625998,0.0,1.0,45.46,25.63,8.34
f_rand,100.0,0.49973724481455273,0.5002625372286122,1.0,23.35,26.89,34.49
