function,type,description,xi,xi_lower_ci,xi_upper_ci,xi_se,location,scale,n_blocks,bm_mean,bm_std,bm_max
zeta,standard,Riemann zeta (a_n=1),-0.29642420303215966,-0.36087590754121124,-0.23643438987573703,0.032016340748715615,4.830671531957487,0.4829291637479002,200,4.996797012449231,0.47886413411392015,6.1396568194968655
mu,anomalous,"Mobius mu (equivalent to 1/zeta, poles at zeta zeros)",-0.11219969162497724,-0.20276514134832416,-0.04464763049576737,0.04107150445448264,4.543263789515951,0.816440198809026,200,4.931162174727934,0.9211766164850507,8.044978186328896
lambda,anomalous,Liouville lambda (validated historical L_DH from r77),-0.2968033849905166,-0.39012635566495474,-0.21928393897141085,0.042505168855676054,5.974202094406717,1.0210284004215475,200,6.327996732186159,1.0198361707664079,8.847493534020877
chi4,standard,Real character mod 5,-0.2197671481478949,-0.3103326285031056,-0.12432160653940924,0.046107918534371926,5.020848829656785,0.48539623719761454,200,5.213374345402866,0.506213364965734,6.60365113749658
