{ "analysis": "Fine-grained scan of L_DH^(epsilon=-0.05)", "parameters": { "N": 1000000, "epsilon": -0.05, "kappa_base": 0.24860289393928922, "kappa_perturbed": 0.1986028939392892, "t_range": [ 80.5, 81.5 ], "dt": 0.001, "n_points": 1001 }, "results": { "D_magnitude_peak": { "t_D": 80.85200000000168, "value": 3.542370626239143, "R_comp_at_peak": 0.003148460233459317, "FWHM": 0.484, "SNR": 1.4521723012135788 }, "R_comp_peak": { "t_R": 80.91000000000196, "value": 0.0032129047361588612, "D_magnitude_at_peak": 3.465311931830058, "FWHM": 0.622, "SNR": 1.2450429844983535 }, "peak_separation": { "absolute": 0.05800000000027694, "relative_to_D_FWHM": 0.11983471074437385, "relative_to_R_FWHM": 0.09324758842488254 }, "rayleigh_tests": { "at_t_D": { "t": 80.85200000000168, "R": 0.003148460233459202, "p_value": 0.350252374207773, "n_eff": 105833.21329773086, "significant": false }, "at_t_R": { "t": 80.91000000000196, "R": 0.0032129047361587463, "p_value": 0.3353809648251524, "n_eff": 105833.21329773086, "significant": false } }, "correlation_D_Rcomp": 0.935935314755412, "composite_squarefree_count": 428106, "expected_R_random": 0.003073894860669436 }, "interpretation": { "peaks_distinct": true, "phase_coherence_significant": false, "resonance_strength": "weak" }
}