{ "t_star": 3231.24791643516, "D_magnitude": 42.228977012284034, "M_value": 1.9283966540603372, "S_k_magnitudes": { "1": 4.700565079240779, "2": 10.362593559254007, "3": 14.618401342161528, "4": 10.576399654146735, "5": 2.1856894892196848 }, "S_total_magnitude": 41.351128098194685, "random_expectation": 21.4432689515032, "M_values_top5": [ 1.9283966540603372, 1.9557084046757134, 1.9273045356472478, 1.836694758001254, 1.6926695438398347 ], "cross_term_contribution_percent": 73.10898088240063
}