Function,Mean r (all 200 peaks),"Mean r (Q4, top 50 peaks)",Std r (all 200),Min r,Max r
zeta,0.6645088433125593,1.0423372303784075,0.5083086249287275,-0.43577144002410917,2.1972304196274375
chi4,0.6349378914668665,0.9479027331671734,0.452371492143082,-0.42854155992970805,1.5089506110914117
mobius,0.968680813038761,1.2178169205160725,0.4712470129409395,-0.27172578391687197,1.7857892743412396
f_rand,0.689955144285438,0.9664905858157256,0.5780201057571032,-0.4230396084273782,2.1300866412128294
liouville,0.7003302390903334,1.0136965063420509,0.5168607475122635,-0.31715345646359555,1.960241454975913
