Function,"D(F, ζ)",GEV ξ,R_comp
F1_zeta,0.0,-0.15,0.002
F2_chi4,1.9736395026076718,-0.12,0.003
F3_rand_mult,1.872940880507482,0.3,0.0119
F4_DH,1.604469844086635,-0.2,0.0132
F5_liouville,2.403051434974996,0.25,0.05
F6_mobius,2.403051434974996,0.2,0.038
F7_fully_rand,1.7802256995631618,0.15,0.023
F8_rand_mult2,1.875366355406897,0.28,0.0115
