T0,sigma,J,m,delta,min_eig_dQ,c_emp,c_pred,rel_err_pct
85.7,2.0,10,40,1e-05,-4.375767647809464e-10,-4.375767647809464,-4.375766964156551,1.5623613381317935e-05
85.7,2.0,10,40,0.0001,-4.375767006639356e-08,-4.375767006639356,-4.375766964156551,9.708653606491557e-07
85.7,2.0,10,40,0.001,-4.3757718258509524e-06,-4.375771825850952,-4.375766964156551,0.00011110496609050048
