14.1347251417
21.0220396388
25.0108575801
30.4248761259
32.9350615877
37.5861781588
40.9187190121
43.3270732809
48.0051508812
49.7738324777
52.9703214777
56.4462476971
59.3470440026
60.8317785246
65.1125440481
67.0798105295
69.5464017112
72.0671576745
75.7046906991
77.1448400689
79.3373750202
82.9103808541
84.7354929805
87.4252746131
88.8091112076
92.4918992706
94.6513440405
95.8706342282
98.8311942182
101.3178510057
103.7255380405
105.4466230523
107.1686111843
111.0295355432
111.8746591770
114.3202209155
116.2266803209
118.7907828660
121.3701250024
122.9468292936
124.2568185543
127.5166838796
129.5787042000
131.0876885309
133.4977372030
134.7565097534
138.1160420545
139.7362089521
141.1237074040
143.1118458076
146.0009824868
147.4227653426
150.0535204208
150.9252576122
153.0246938112
156.1129092942
157.5975918176
158.8499881714
161.1889641376
163.0307096872
165.5370691879
167.1844399782
169.0945154156
169.9119764794
173.4115365196
174.7541915234
176.4414342977
178.3774077761
179.9164840203
182.2070784844
184.8744678484
185.5987836777
187.2289225835
189.4161586560
192.0266563607
193.0797266038
195.2653966795
196.8764818410
198.0153096763
201.2647519437
202.4935945141
204.1896718031
205.3946972022
207.9062588878
209.5765097169
211.6908625954
213.3479193597
214.5470447835
216.1695385083
219.0675963490
220.7149188393
221.4307055547
224.0070002546
224.9833246696
227.4214442797
229.3374133055
231.2501887005
231.9872352532
233.6934041789
236.5242296658
237.7698204809
239.5554775733
241.0491577962
242.8232719342
244.0708984971
247.1369900749
248.1019900601
249.5736896447
251.0149477950
253.0699867480
255.3062564549
256.3807136944
258.6104394915
259.8744069897
260.8050845046
263.5738939049
265.5578518389
266.6149737815
267.9219150828
269.9704490240
271.4940556416
273.4596091884
275.5874926493
276.4520495031
278.2507435298
279.2292509277
282.4651147651
283.2111857332
284.8359639809
286.6674453630
287.9119205014
289.5798549292
291.8462913291
293.5584341394
294.9653696193
295.5732548790
297.9792770619
299.8403260537
301.6493254622
302.6967495896
304.8643713409
305.7289126020
307.2194961282
310.1094631467
311.1651415304
312.4278011806
313.9852857312
315.4756160895
317.7348059424
318.8531042563
321.1601343091
322.1445586725
323.4669695575
324.8628660517
327.4439012619
329.0330716805
329.9532397282
331.4744675827
333.6453785249
334.2113548332
336.8418504284
338.3399928508
339.8582167254
341.0422611110
342.0548775104
344.6617029403
346.3478705660
347.2726775844
349.3162608707
350.4084193492
351.8786490254
353.4889004887
356.0175749773
357.1513022520
357.9526851016
359.7437549531
361.2893616958
363.3313305790
364.7360241141
366.2127102883
367.9935754817
368.9684380957
370.0509192121
373.0619283721
373.8648739109
375.8259127667
376.3240922307
378.4366802500
379.8729753465
381.4844686172
383.4435294495
384.9561168149
385.8613008460
387.2228902224
388.8461283542
391.4560835636
392.2450833395
393.4277438444
395.5828700110
396.3818542226
397.9187362096
399.9851198762
401.8392286005
402.8619177639
404.2364418002
405.1343874599
407.5814603869
408.9472455024
410.5138691934
411.9722678043
413.2627360702
415.0188097552
415.4552149963
418.3877057895
419.8613648182
420.6438276250
422.0767100588
423.7165796275
425.0698824945
427.2088250841
428.1279140766
430.3287454309
431.3013069307
432.1386417346
433.8892184809
436.1610064326
437.5816981677
438.6217386563
439.9184422144
441.6831992012
442.9045463026
444.3193362776
446.8606226964
447.4417041945
449.1485456850
450.1269457803
451.4033084454
453.9867378067
454.9746837686
456.3284266892
457.9038930641
459.5134152811
460.0879444222
462.0653672749
464.0572869105
465.6715392114
466.5702869308
467.4390462103
469.5360045591
470.7736554781
472.7991746619
473.8352323451
475.6003393694
476.7690152375
478.0752637667
478.9421815346
481.8303393763
482.8347827910
483.8514272125
485.5391481294
486.5287182617
488.3805670900
489.6617615780
491.3988215937
493.3144415818
493.9579978054
495.3588288221
496.4296962158
498.5807824297
500.3090849417
501.6044469651
502.2762703271
504.4997733134
505.4152317422
506.4641527095
508.8007003365
510.2642279437
511.5622897004
512.6231445314
513.6689855555
515.4350571673
517.5896685725
518.2342231476
520.1063104117
521.5251934495
522.4566961777
523.9605308920
525.0773856873
527.9036416013
528.4062138523
529.8062263187
530.8669178840
532.6881830283
533.7796307538
535.6643140759
537.0697590831
538.4285261762
540.2131663762
540.6313902473
541.8474371212
544.3238901010
545.6368332489
547.0109120581
547.9316133645
549.4975675627
550.9700100395
552.0495722006
553.7649721192
555.7920205617
556.8994764069
557.5646591721
559.3162370287
560.2408074973
562.5592076160
564.1608791108
564.5060559381
566.6987876828
567.7317579012
568.9239551796
570.0511147825
572.4199841325
573.6146105268
575.0938860145
575.8072471409
577.0390034721
579.0988346720
580.1369593624
581.9465762659
583.2360882192
584.5617059035
585.9845632050
586.7427718913
588.1396632662
590.6603975168
591.7258580650
592.5713583002
593.9747146822
595.7281536974
596.3627683284
598.4930773462
599.5456403644
601.6021367359
602.5791678864
603.6256189036
604.6162184938
606.3834604221
608.4132173112
609.3895751547
610.8391629377
611.7742096209
613.5997786756
614.6462378722
615.5385633694
618.1128313664
619.1844825980
620.2728936722
621.7092945279
622.3750027398
624.2699000182
626.0192834277
627.2683968508
628.3258623595
630.4738874383
630.8057809272
632.2251411671
633.5468582523
635.5238003106
637.3971931598
637.9255139808
638.9279382669
640.6947946688
641.9454996657
643.2788837814
644.9905782297
646.3481915955
647.7617530043
648.7864008888
650.1975193453
650.6686838914
653.6495716054
654.3019205863
655.7094630224
656.9640845995
658.1756144186
659.6638459730
660.7167325953
662.2965864311
664.2446046523
665.3427630956
666.5151477042
667.1484948946
668.9758488202
670.3235852059
672.4581835842
673.0435782861
674.3558978101
676.1396743636
677.2301806688
677.8004447462
679.7421978825
681.8949915332
682.6027350198
684.0135498139
684.9726298621
686.1632235877
687.9615431847
689.3689413623
690.4747350324
692.4516844155
693.1769700606
694.5339086999
695.7263359209
696.6260699003
699.1320954760
700.2967391321
701.3017429546
702.2273431458
704.0338392955
705.1258139546
706.1846547995
708.2690708851
709.2295885703
711.1302741797
711.9002899144
712.7493834701
714.0827718207
716.1123964541
717.4825697031
718.7427865455
719.6971009884
721.3511622185
722.2775049757
723.8458210451
724.5626138904
727.0564032300
728.4054815889
728.7587497956
730.4164821228
731.4173549186
732.8180527145
734.7896432524
735.7654592086
737.0529289123
738.5804211714
739.9095236740
740.5738074473
741.7573355729
743.8950131425
745.3449895506
746.4993058994
747.6745636243
748.2427544651
750.6559503621
750.9663810667
752.8876215672
754.3223704717
755.8393089760
756.7682484400
758.1017292464
758.9002382249
760.2823669835
762.7000332497
763.5930661728
764.3075227242
766.0875400998
767.2184721555
768.2814618065
769.6934072526
771.0708393137
772.9616175658
774.1177446279
775.0478470966
775.9997119632
777.2997485296
779.1570769492
780.3489250042
782.1376643908
782.5979439461
784.2888226125
785.7390897007
786.4611474505
787.4684638159
790.0590923641
790.8316204679
792.4277076086
792.8886525626
794.4837918699
795.6065961562
797.2634700380
798.7075701663
799.6543362109
801.6042464630
802.5419848784
803.2430962043
804.7622391127
805.8616356671
808.1518149360
809.1977833633
810.0818048864
811.1843588465
812.7711083891
814.0459136075
814.8705396259
816.7277377144
818.3806688664
819.2046421708
820.7218984439
821.7134541334
822.1977574934
824.5262938716
826.0392873766
826.9058109541
828.3401743005
829.4370109683
830.8958840533
831.7997776591
833.0036409092
834.6519151478
836.6935761876
837.3473350595
838.2490219927
839.4653948103
841.0363898290
842.0413542065
844.1661966074
844.8059939758
846.1947699277
847.9717176395
848.4892811809
849.8622743487
850.6454484660
853.1631125834
854.0955117199
855.2867102444
856.4841174908
857.3107406026
858.9040264665
860.4106708960
861.1710982127
863.1897197719
864.3408239301
865.5946643265
866.4237399040
867.6931226118
868.6704942291
870.8469023258
872.1887508216
873.0989789713
873.9083892353
875.9852851088
876.6008258330
877.6546983410
879.3809519698
880.8346488479
882.3866966272
883.4303318387
884.1987431146
885.2723044796
886.8528019629
888.4755666738
889.7352942941
890.8131321125
892.3864332602
893.1191175673
894.8862923209
895.3979196748
896.6322515562
899.2215226684
899.8588846079
900.8497398605
902.2432075868
903.0996744426
904.7029027223
905.8299407582
907.6567294690
908.3335436451
910.1863340572
911.2349514860
912.3310456000
912.8239992467
914.7300969584
916.3550008086
917.8253775704
918.8365352435
919.4483444397
921.1563955072
922.5006293066
923.2857198024
924.7734839335
926.5515527846
927.8508589858
928.6636593289
929.8740928506
931.0092113366
931.8527407455
934.3853068373
934.9954248638
936.2286493793
937.5329257120
939.0243008992
939.6609406145
941.1569996420
942.0523416434
944.1880358096
945.3335625030
946.7658422047
947.0791830963
948.3466462550
950.1516126846
951.0332487338
952.7279886199
954.1297192696
954.8293089382
956.6754793433
957.5100525964
958.4145933901
959.4591688071
961.6695724742
963.1820866713
963.5670401916
965.0555796238
966.1107548184
967.3711537663
968.6363019061
970.1256105569
971.0714914864
973.1853612943
973.8730789927
974.7746350658
976.1785024206
976.9172021171
978.7666715351
980.5780006398
981.2886153018
982.3964851688
983.5750760064
985.1869286558
986.1305151102
986.7560084077
988.9926223707
990.2239178040
991.3742941478
992.7286963367
993.2145809574
994.4045905711
996.2053361643
997.5119347519
998.8275471369
999.7915715574
1001.3494826378
1002.4043054884
1003.2678081795
1004.6750441212
1005.5434203044
1008.0067043071
1008.7957099007
1009.8065907470
1010.5697570111
1012.4100425158
1013.0586380984
1014.6896326224
1016.0601789426
1017.2664023644
1018.6055725186
1019.9124397439
1020.9174750173
1021.5443444999
1022.8852709117
1025.2657241977
1025.7079443715
1027.4676935156
1028.1289642555
1029.2272974440
1030.8973687906
1031.8331802974
1032.8128830352
1034.6129155295
1036.1959173581
1037.0247076463
1038.0877522406
1039.0774014369
1040.2640379377
1041.6215280145
1043.6239543496
1044.5149758291
1045.1070423530
1047.0898174843
1047.9871474896
1048.9537851947
1049.9962842566
1051.5765718432
1053.2457851584
1054.7810394783
1055.0021464757
1056.6888473638
1057.1000436596
1059.1337691069
1060.1395185616
1061.5013044651
1062.9153815079
1064.0715510717
1065.1218551063
1066.4632234692
1067.4188601210
1067.9900000790
1070.5350419968
1071.6186232151
1072.5439980111
1073.5703531651
1074.7477710443
1076.2666255942
1076.9240560658
1078.6471984810
1079.8099654293
1081.1710023435
1082.9527497231
1083.2954665141
1084.1832643104
1085.6478312086
1086.9119989898
1088.7557246748
1089.7953379241
1090.8631910262
1091.7284729669
1093.4408732724
1094.2844575238
1095.4330847587
1096.4019177947
1098.8410154666
1099.3606671786
1100.5744606225
1101.8391111688
1102.5517798999
1103.7322971745
1105.6171888308
1106.7743716758
1107.7745319550
1109.1589188568
1110.4441429936
1111.4435047649
1112.4329954081
1113.3975951148
1115.0653594616
1116.7872538812
1117.9659196692
1118.6841348610
1119.4732474262
1121.1559376758
1122.4586213569
1123.1011173878
1125.3147293978
1125.7634424293
1127.6580235272
1128.4302246139
1129.7289967771
1130.3915978962
1131.4950855619
1133.7086256695
1134.8856545915
1135.5622139755
1136.9292934810
1138.1515897798
1138.9923418205
1140.7218481719
1141.2610229641
1142.8586596079
1144.7822995186
1145.4853275171
1146.5768149249
1147.5017765233
1148.6152772088
1149.9826010281
1151.5628147237
1152.9431285306
1153.8903037163
1154.6975195354
1156.6215678339
1157.4323145756
1158.0016090273
1159.4806570190
1161.3966446344
1162.4875286020
1163.7010316828
1164.7375863512
1165.2712277065
1166.9436134095
1168.0862716101
1169.6983568849
1170.4636385783
1172.1206818657
1173.3056877640
1174.2327668565
1175.2154523960
1176.6328758098
1177.1063044217
1179.7012235019
1180.6535437871
1181.2673181517
1182.5822703469
1183.7127752960
1185.1558428475
1185.8753586954
1187.3451614933
1188.8564442982
1189.9636364979
1191.4826059264
1192.2186114781
1193.3240214275
1193.8574271354
1196.0346717487
1197.0717866588
1198.6865691046
1199.3565137079
1200.5326920312
1201.8103348566
1203.1373508614
1203.8552475941
1204.9854921715
1206.8704997939
1208.4714599495
1208.9894841679
1209.8980300875
1211.4161158928
1212.1131530663
1213.5983726804
1215.3899750650
1216.1837220335
1217.1744824977
1219.0500281774
1219.6144713109
1220.8163476910
1221.6922424831
1222.9524840951
1225.0183300242
1225.8550207608
1227.2318276415
1227.9171416144
1228.7931543630
1230.5846031542
1231.5622738776
1232.5295870406
1234.2778166534
1235.5025485265
1236.3990174658
1237.9772985136
1238.4572327957
1239.4908071468
1240.8134717852
1243.0780763980
1243.5381465261
1244.8514339670
1245.6558661881
1247.3725619699
1248.0630610532
1249.1598879530
1250.6723972757
1251.6598320043
1253.6735778521
1254.4313284218
1255.4082306453
1256.1812141985
1257.5412194126
1258.7792334886
1260.3445483162
1261.6117171615
1262.5566140004
1263.6767328439
1264.9572230070
1266.1790377606
1267.2003456118
1267.5705717794
1270.1189218865
1271.1342996316
1272.0839595993
1273.2611446335
1274.1962208895
1275.0920303158
1276.8421715556
1277.7630919863
1279.3328433167
1280.1557944090
1281.8287269597
1283.0004913867
1283.3350321389
1284.8547951546
1285.6950233311
1287.4100266171
1289.1653515328
1290.1047715198
1290.4177080730
1291.9458709681
1293.4939815574
1294.1184743778
1295.3653635054
1296.8011109923
1298.2565270679
1299.4051712507
1300.4900189824
1301.4955166806
1302.3467423792
1303.2732002288
1305.4016721880
1306.5083933130
1307.2672421078
1308.9881965176
1309.4215324933
1311.0565705111
1311.9669406080
1313.0315993690
1314.0525656517
1316.2121126029
1317.0729860348
1318.1712791322
1318.9478805966
1319.9310828775
1321.6281385519
1322.2580671234
1324.2249787188
1325.2376243590
1325.9819696304
1327.6352811085
1329.0435179965
1329.2050187855
1330.4299371205
1331.8275913853
1333.6735226103
1334.7473290517
1335.6949745260
1336.6901846534
1337.6887918097
1338.9231645987
1340.4264004573
1341.1662722529
1342.6085078838
1344.1560440036
1345.4771062614
1345.7314132554
1347.5194717509
1348.0172380187
1349.0851940140
1351.2962063741
1352.2104651592
1353.4833383583
1353.8867819717
1355.6805953206
1356.6056557098
1357.7717428286
1358.4601603992
1360.3931447622
1361.3930747136
1363.0223286033
1363.8791907971
1364.5765848968
1365.4937335513
1367.1040909700
1368.3301933080
1369.6869490773
1370.9735227678
1371.6865535528
1373.2029145624
1374.1547986586
1375.3023923447
1376.1617799936
1377.1776336421
1379.6832830286
1380.1485784417
1381.0739771492
1382.3456629785
1383.2975910079
1384.4444158478
1385.6637770112
1387.3266476635
1387.9214541271
1389.5658317984
1390.7054902864
1391.8532004433
1392.6440277885
1393.4334017408
1394.8841846757
1396.5441631237
1397.8346233214
1398.8376752014
1399.8394729412
1400.4269462974
1402.5643472501
1402.9737476409
1404.0062921705
1405.6669750592
1407.0851427764
1408.1363074962
1409.3206810798
1410.0248107258
1411.2570568157
1411.9656534618
1413.8431487886
1415.5857847955
1415.7815813033
1417.1028229338
1418.6969638525
1419.4224809460
1420.4165263238
1421.8505671870
1422.4613109875
1424.4630456696
1425.8734692450
1426.6459796821
1427.3656711094
1428.5923058760
1429.6504772762
1431.2183136728
1432.0497408933
1433.8219407371
1434.5849421683
1435.6929073834
1437.2267216238
1438.0062848417
1438.9495527469
1439.6227930782
1441.9609875049
1442.9110595809
1444.0419307064
1445.0722784592
1445.8300847797
1447.2262271000
1448.3238535157
1449.4887712807
1450.7735618583
1451.8352979994
1453.7375967571
1454.2260112602
1455.3120912398
1456.1677976084
1457.5390016684
1458.3937773687
1460.6882705354
1461.2454433452
1462.2661232658
1463.2868911904
1464.6969032979
1465.8895576141
1466.5056211079
1467.7039895861
1469.3476498783
1470.9665891272
1471.3887645271
1473.0201323242
1473.7456491857
1474.2032215657
1476.0921270382
1477.4351911475
1478.4413959734
1479.7599187065
1480.7668790180
1481.9646842098
1483.0329599581
1484.1435808818
1484.8178832312
1486.1713490276
1488.1163379762
1489.2524669464
1489.9708922047
1490.6706938146
1492.1800905440
1493.3308354213
1494.1553686137
1495.7688329789
1497.0655055717
1497.7473609331
1499.6408247466
1500.3519515166
1501.1193249221
1502.3460632924
1503.0909331267
1505.2615296547
1506.1529861381
1507.4075051638
1508.2530310295
1509.2804193632
1510.3917974465
1511.9230054590
1512.5897647055
1513.5897655399
1515.7083435869
1516.4359897188
1517.7198062541
1518.4147914873
1519.7410094939
1520.2736222204
1521.9019090655
1523.4860471493
1524.7248921606
1525.2278372338
1526.5523119104
1528.0409304293
1529.0344567287
1529.3699753652
1531.0207429702
1532.2223269394
1533.8869779132
1535.0422774712
1535.7695023952
1536.6207018240
1537.6510621679
1539.3028548556
1540.0302701395
1541.7422487628
1542.4965229228
1544.1186700545
1544.8346082275
1546.0911977863
1547.2975811214
1547.8065638019
1548.8713481787
1551.2738453264
1552.0068728377
1552.7361053298
1554.1565191097
1554.9212851650
1556.1629874976
1557.3945070177
1558.3391528524
1559.7811543907
1560.8764757778
1562.4101531802
1563.3854009585
1564.1779404604
1564.9157882623
1566.2664156016
1567.6234507172
1569.0224778044
1570.5092778669
1571.0453814855
1571.8453520880
1573.8065633303
1574.2309154299
1575.6381549520
1576.1613523634
1578.1188269458
1579.5140550677
1580.3720816255
1581.3635517730
1582.3294869441
1583.3946934354
1584.2348480664
1586.2932107503
1587.0043421070
1588.1634040289
1589.3579459496
1590.8359043214
1591.2938843736
1592.6371670392
1593.5848081889
1594.4426896557
1596.4844924097
1597.7158959444
1598.4207985497
1599.6193489505
1600.0480449034
1601.9119462286
1602.8154047937
1603.6552029961
1605.5216466466
1606.2934181266
1607.5569052120
1608.8362953050
1610.0032641900
1610.2538231626
1611.4371412696
1613.0788554510
1614.7106278522
1615.5746087190
1616.3983948416
1617.7346848410
1618.5375178320
1619.9525012611
1620.7743108214
1622.0987516980
1622.9777676995
1625.0218566580
1625.9870201636
1626.3999193116
1627.7554412763
1628.7153168568
1629.6586689549
1631.1948145515
1632.7981835707
1633.5125168897
1634.5168226621
1635.7183663262
1637.0891901734
1637.9946435860
1638.5996583042
1639.8212357298
1641.8998190085
1642.4897798224
1644.1520659597
1644.7137457747
1645.5737603628
1646.6248665932
1648.2705982225
1649.1185354092
1650.4169889830
1651.7326933414
1652.6710658996
1654.2058967594
1654.7266523933
1655.8227756768
1657.1142363998
1657.5671011793
1660.0199803380
1660.8600568333
1661.8368928841
1662.3772025493
1664.0572654181
1664.9680044864
1665.8776404145
1667.2411250517
1668.3682293274
1669.6697284524
1671.0471824333
1671.9842593337
1672.9633708308
1673.6874453339
1674.6484620970
1676.3624863240
1677.6912271415
1678.6303680911
1680.0779467168
1680.5047701128
1681.8123201743
1683.2732892607
1684.1716568371
1684.5588632525
1686.4211219478
1688.0801426932
1688.9338685098
1689.7031542562
1691.0515599169
1691.5151928920
1693.0530209302
1694.0175646526
1695.8325544742
1696.6549974398
1697.3425142866
1699.2295471876
1699.9668172669
1700.8203032450
1701.8255509970
1702.9232497645
1704.2914124267
1706.2560324316
1706.6156650350
1707.9123124933
1708.5121161784
1709.7808422986
1711.1376032586
1712.1553976543
1713.0553417275
1714.7171452555
1715.8252830398
1716.7699837174
1717.9744850662
1718.9541524986
1719.7244693218
1720.4980709476
1722.8446617399
1723.5328226313
1724.7339587377
1725.6386280200
1726.6057007399
1728.1665067610
1728.6444864804
1730.0238725448
1731.0141937619
1732.4301698593
1733.8408250214
1735.1754660211
1735.6247153429
1736.3056627332
1737.8938847869
1738.7832375888
1740.1691156801
1741.7791678087
1742.4676807208
1743.4264368587
1744.7215119377
1746.0974985956
1746.5954566271
1747.7816955278
1748.5639873811
1750.8228184898
1751.6177949463
1752.5115111407
1753.6613552431
1754.7633698743
1755.1696940681
1757.0465184607
1757.9840770328
1759.2400856467
1760.2151662428
1761.8548999387
1762.4976888707
1763.7191214963
1764.5914768491
1765.4004939918
1766.6762435995
1768.2959711363
1769.9409520516
1770.2436773122
1771.2129449835
1772.3280003636
1773.8949155107
1774.6604309900
1775.3419875737
1777.2558602241
1778.0417347622
1779.5522708092
1780.6652284930
1781.3556377228
1782.4390673200
1783.0848295199
1784.6079463966
1786.3422011793
1787.0492730868
1788.2151234796
1789.2421799637
1790.4495623698
1791.2544098188
1792.6161027352
1793.5253906524
1794.1784820073
1796.4651405374
1797.3763356711
1798.1470674581
1799.2316472097
1800.0247240197
1801.3096369453
1802.3012834915
1803.7968438134
1804.9041609748
1806.2896670195
1806.5783917510
1808.7144318655
1809.1192737883
1810.1088929880
1810.8737191589
1812.4200770021
1814.0241403476
1814.9730823635
1816.3386112197
1816.7580233654
1817.7106085633
1819.2603340995
1820.1878821868
1821.3057083652
1822.4276714403
1823.7662658958
1825.2136768930
1825.9156836149
1826.7954552715
1828.2112705000
1828.6210917580
1829.8325297099
1831.9363799018
1832.9849402437
1833.2732390327
1834.7215597486
1835.8837544377
1836.8276725160
1838.0869433056
1838.6402887077
1840.1955634734
1841.4785825706
1842.8759552787
1843.7710577431
1844.7590436501
1845.4175341464
1846.3532534205
1848.3309806224
1848.7227609109
1850.6011840477
1851.4003619946
1852.3422047334
1853.5193429210
1854.8556321160
1855.5929349371
1856.3891791535
1857.4980748149
1859.4952715688
1860.5413881093
1861.3796715472
1862.1214649289
1863.4254648451
1864.3539813357
1865.3674337941
1866.8365470186
1868.0851909986
1868.7067456844
1870.4214717683
1871.4160430984
1872.4415664282
1872.8656676380
1874.5083614127
1874.9137740100
1877.0950641673
1878.0222514828
1879.1533030905
1880.0823254190
1880.6117664797
1882.3219747974
1883.4087242695
1884.0057783497
1885.1980751303
1887.0538948069
1887.8088414168
1888.9381826366
1890.3481286142
1890.6121285879
1891.6785105397
1892.8677013358
1894.5585375724
1895.6971556536
1896.5854943472
1897.5136928597
1898.8293728187
1900.0061448291
1900.5718842724
1901.8913057506
1902.8050592067
1904.0893253234
1906.1027561982
1906.5976780038
1907.3327801239
1908.4330630451
1909.4659300260
1910.7336596159
1911.7046909432
1913.1824897759
1914.3523000517
1915.0546293333
1916.6063718395
1917.3447040416
1918.7864989099
1919.2077783978
1919.9374573712
1922.1016256220
1923.2808379364
1924.0558311014
1925.2319879754
1926.2115830799
1926.8200927949
1928.4175185495
1929.4875601806
1930.2583871804
1931.7600694365
1932.8757545499
1934.4164363692
1934.9079434344
1935.9248488037
1936.8730938143
1937.9686334980
1939.0500291505
1940.9773267059
1941.8228622158
1942.6335686922
1943.3679474493
1945.1537963064
1945.9227169495
1946.6099453619
1947.9170477377
1949.0300300736
1950.7432015529
1951.5366958731
1952.8501292119
1953.4485563251
1954.4185881752
1955.3158092837
1956.8481645782
1958.3144035551
1958.8518834632
1960.4188452694
1961.3592778800
1962.2335718486
1963.6211845732
1964.3573909381
1965.3778295051
1966.1176585741
1968.4716020194
1969.0476175465
1970.3050095170
1970.8555475799
1971.9703128048
1973.1826634059
1974.3472019101
1975.0806103023
1977.1739436980
1977.2714461997
1978.8014481677
1980.3717722871
1980.9100430910
1981.7487688973
1982.6632791953
1983.9238046223
1985.4165401745
1986.7571077164
1987.8734733607
1988.2518768074
1989.7020027080
1990.4783525264
1992.0017063935
1992.7849878752
1993.5774931383
1995.1687396119
1996.7961769662
1997.3909140596
1998.2790069260
1999.5457641763
2000.4345153024
2000.9296206892
2002.8964083744
2004.1396692333
2005.0778481241
2005.9009348858
2007.1251801703
2008.4182403303
2009.1766341229
2010.1533247676
2011.0207050737
2012.5389354774
2013.8720977140
2015.1867286087
2016.0296380324
2016.8000756558
2017.3867672520
2019.2646002161
2019.8843671398
2021.1960427689
2022.5456176847
2023.5729117771
2024.4882621580
2025.8789062025
2026.7382589122
2027.5733170560
2028.5824593540
2029.3854795510
2031.7505506906
2032.4207808563
2033.0178927457
2034.5548287890
2035.0774400963
2036.5275264834
2037.2171110943
2038.8417382509
2039.4432187401
2040.8391196731
2042.3445862506
2043.2171165633
2044.1215932917
2045.0373208598
2045.8027604316
2047.0983363456
2048.4540940662
2049.8475256057
2050.9060553847
2051.7183881963
2052.4077901924
2054.0599168985
2055.1802673262
2055.5726028990
2056.6208666899
2058.4506511189
2059.4480217438
2060.8682472081
2061.3670592020
2062.5726509200
2063.2835594984
2064.3048676996
2065.8326722819
2066.9852293780
2068.3456385274
2068.6699410828
2070.5047175934
2071.3770831698
2071.9904548148
2073.3976037158
2074.1710649022
2075.0280655448
2077.1175701369
2078.1554846392
2078.9392881149
2079.5676284619
2080.9103434576
2081.7996865636
2083.3002768588
2083.7799925502
2085.3898136923
2086.5803185344
2087.4733409879
2088.7122811987
2090.0362067570
2090.4475500274
2091.2215806611
2092.4732181101
2094.3359174686
2095.1382566603
2096.3465299793
2097.3716063572
2097.9519221999
2099.3116512651
2100.5937452369
2101.1354894591
2102.5351002153
2103.3904548087
2105.3722065918
2105.9947043393
2107.1723624324
2107.6179114075
2108.9383848890
2109.9631431813
2110.8223718481
2112.9070875232
2113.4839664484
2114.3961373259
2115.5066027947
2116.9000560684
2117.7223994414
2118.6186462170
2119.4564284689
2120.6915625918
2122.4651511749
2123.3440423035
2124.3703687376
2125.5124000292
2125.9587848404
2126.9757111926
2128.7522905543
2129.4060802283
2130.5551022832
2132.0806209929
2132.7985164679
2134.1549339850
2134.9507725043
2136.0868975247
2136.9674705485
2137.5099405259
2139.3807599852
2140.9493626391
2141.7100359604
2142.3550431960
2143.3744441805
2144.8953374314
2145.5057537342
2146.6258944755
2147.7853673456
2149.1518493829
2149.9106398581
2151.7768851165
2152.3902265969
2153.0119641654
2154.2636239523
2154.9353458482
2156.3947272557
2157.8564895654
2158.8780722911
2159.9022860172
2160.8530623282
2161.6921721892
2163.1071222857
2164.0497203564
2165.0114371743
2165.5039490234
2167.6934442547
2168.8906158519
2169.2638292834
2170.7870749730
2171.3963619265
2172.2509628275
2173.5282969693
2174.7450208035
2176.2041194662
2176.9394516990
2178.0042091548
2179.2321850297
2180.4953182593
2181.2523670107
2181.7257830298
2183.3305840173
2184.1031907607
2185.9655283207
2187.0856909594
2187.7984558778
2188.5587632031
2189.4970729026
2191.0933630457
2191.7780174005
2192.8267705399
2194.2315300504
2195.2316876813
2196.7159776668
2197.2587470402
2198.6875126844
2199.3029653210
2200.3510209133
2200.9159530256
2203.2774537306
2203.9063645838
2204.9978017548
2205.8557612455
2207.1721619150
2207.8027413367
2209.1537444003
2210.2080149893
2210.8509410993
2212.3435684000
2213.7002562484
2214.9499256321
2215.8205656906
2216.2963758876
2217.4693751162
2218.5210069134
2219.7998156984
2220.8521588489
2222.6366045881
2223.0550579188
2223.7777725072
2225.5646451172
2226.3327344056
2227.2462293766
2227.9705738823
2229.1279589101
2230.8986908562
2231.9771540741
2232.9248538690
2233.7202222503
2234.8149345313
2235.5466621356
2236.7736438451
2238.1547995193
2239.1677439602
2240.0212094705
2241.5361865238
2242.6211801594
2243.3736684190
2244.3707017004
2245.5652865313
2246.0165581783
2247.3644312512
2249.5501985735
2249.7707665527
2251.0466419416
2251.8453183387
2252.6784326738
2254.5622469944
2254.7590790013
2255.8245655715
2257.3463846831
2258.5018472911
2259.5178420574
2260.8902594168
2261.6600644495
2262.6744306482
2262.8783053812
2264.6763997058
2265.7684461155
2267.3845010675
2267.8791753372
2269.2269982616
2269.9191032168
2271.3262824681
2272.0490157012
2273.3475340532
2273.9562891459
2275.0686647760
2277.0793177566
2278.0126283933
2278.5259421558
2279.5073058411
2280.8707198526
2281.3564836145
2282.6903751376
2284.0560114594
2285.2222423649
2286.1498141406
2287.0461586710
2288.5788494458
2289.3362847101
2290.2414582109
2291.0976636121
2291.9289012525
2293.8961451061
2294.6879184117
2296.1150911883
2296.9985224725
2297.3726475798
2298.6123633657
2299.9615776201
2301.2341257988
2301.4548403517
2303.2954819826
2304.3051386704
2305.5083567887
2306.5177330700
2307.3555533705
2308.2102846348
2309.3703582395
2309.9311223842
2312.0479964496
2313.1909141707
2313.6893599672
2314.6211821136
2316.0494547200
2316.9624945048
2317.8515318643
2318.8260353364
2320.0885232040
2320.9495316287
2322.8126326067
2323.5342742408
2324.5124552323
2325.5570964918
2325.9030159275
2327.3768558197
2328.6348751012
2329.7057234064
2331.0131102896
2331.9427078064
2332.9877654328
2333.7208633738
2335.5317125745
2335.8671538056
2336.6210367862
2337.7617301588
2339.6156838960
2340.8267267066
2341.3245961862
2342.6540416585
2343.2591589550
2344.3112162362
2345.5704836345
2346.4641195298
2347.9342546417
2348.8434236335
2349.7300542578
2351.4550469279
2352.1957015025
2352.7508700755
2353.9121358524
2354.9510812350
2355.8108139783
2357.6083159202
2358.9047051984
2359.4348590764
2360.3142850895
2361.3425416419
2362.7183179229
2363.4956176541
2364.7511760891
2365.1915150641
2367.2492198430
2367.9577018232
2369.2205777674
2370.0933902842
2371.1007479297
2371.9381377946
2372.4403472601
2374.4442307178
2375.5439670374
2376.3554635156
2377.7554079140
2378.2129616797
2379.7265029500
2380.5456572187
2381.5001237104
2382.5308305664
2383.3560139160
2384.9650716412
2386.4309371095
2387.2990841223
2387.8135685561
2388.7482076355
2389.9559881137
2391.2605498724
2391.7549823366
2393.6305932917
2394.4853678560
2395.2701699946
2396.6038787626
2397.7916437618
2398.5583113825
2399.4338329058
2400.1523565221
2401.4829983758
2403.4187984453
2403.9753151490
2404.9215934898
2406.2539887183
2406.7328511821
2407.7159104223
2409.4415023524
2409.8816026829
2411.1261933808
2412.2229358373
2413.9761231950
2414.3798798013
2415.5768934660
2416.5340546277
2417.2780874218
2418.2294432674
2419.5079171631
2421.1429439933
2422.1520849251
2422.9962301235
2423.5041468887
2425.1247602126
2426.1934375417
2426.9070642938
2427.6408969486
2429.1855959903
2430.2658126359
2431.6111350963
2432.7275692993
2433.7058968047
2433.9168732377
2435.3488943647
2436.1916003751
2437.7940761078
2438.6717907940
2439.9271272187
2440.8261602906
2441.9298365500
2443.0335600582
2443.7754363962
2445.1543810152
2445.7449521012
2446.3985233061
2448.9883122860
2449.2310320093
2450.5036505801
2451.1817083101
2452.2833657412
2453.2574858121
2454.3005618418
2455.4822883835
2456.5145518413
2457.9079990902
2458.5467998371
2460.0135794655
2461.2022953745
2461.7316286480
2462.4642949139
2463.5696672950
2464.9278163612
2466.1830970132
2467.6408607838
2468.1868163011
2469.3362638925
2469.7814850315
2471.5392977420
2472.3364175895
2473.1071247346
2474.2378497344
2475.5393538610
2477.0217550961
2478.0148540248
2478.3975975831
2479.9773519809
2480.4336069851
2481.3567672804
2482.6834115187
2484.5032382747
2485.0875905374
2485.7856207124
2487.3338364427
2488.1138317542
2489.2611574516
2490.0510905157
2491.1055164218
2491.9074739343
2493.4892954491
2494.8661778283
2495.8468404195
2496.4853367028
2497.6484652466
2497.9699739668
2499.8620428213
2500.5643864123
2501.5777446724
2503.1852272121
2504.0089336586
2504.7721525112
2506.3053519373
2507.1518856477
2507.8710395797
2508.7660461038
2509.6529974414
2511.6601897872
2512.5382209852
2513.5795170215
2514.2598590598
2515.2864829247
2516.5710491429
2517.1469318804
2518.5528520407
2519.6342526403
2520.4023235180
2521.8851756462
2523.2634801559
2523.9670558192
2524.6420457957
2525.6879933248
2526.8688100586
2527.4187911606
2529.3780434633
2530.2736722743
2531.5439612201
2531.9693840816
2533.0673170990
2534.4086140984
2535.5058860740
2536.0918849208
2536.8674852226
2538.5598269363
2539.9984071186
2540.5316619367
2541.9987291537
2542.6876505149
2543.3439550886
2544.2909536566
2545.8780177303
2546.7611412834
2548.1816153941
2548.8959875750
2549.9964844915
2551.4111419929
2551.8804459596
2553.2756779955
2553.7230692012
2555.0508752914
2555.8323507473
2558.0091059429
2558.7522113685
2559.2342965973
2560.2632895144
2561.4056357476
2562.4261133381
2563.5017189040
2564.3321078543
2565.9752704783
2566.5575578971
2567.9585997253
2569.0430901734
2569.9481115969
2570.9585256619
2571.5407741478
2572.3682081862
2574.2071639500
2575.4045119969
2576.1410111840
2577.5198355326
2578.0701299250
2578.9712983359
2580.3461115652
2581.3981405819
2582.1387339313
2583.0032945351
2584.7584024417
2585.7727394040
2586.9251789572
2587.5910009242
2588.3682104239
2589.5792645544
2590.3716929260
2591.5493784480
2593.2758768066
2594.0236183347
2594.9050115525
2595.6875301389
2597.5461414885
2597.9793534184
2598.5987683196
2600.1213550619
2600.6419523192
2602.4123005581
2603.6287811185
2604.5735648237
2605.3680759156
2606.2436645475
2607.0036391142
2608.3648996490
2609.5520867407
2610.4445209389
2611.5436703814
2612.9568070367
2613.7319294383
2614.7371361654
2615.8477072682
2616.9021182440
2617.3350469349
2618.2929154780
2620.2793936944
2621.4290552132
2622.0486967984
2622.9945079763
2624.0506038546
2624.9095017772
2626.4605022299
2626.7104713958
2628.0980265239
2629.6041395108
2629.9948007642
2632.0431166371
2632.4436589491
2633.6763999398
2633.9665434341
2635.2173316172
2636.4325859951
2637.5106833585
2639.0625730454
2640.0542458840
2640.4629428290
2641.8017447841
2642.7557590630
2643.9709009583
2644.8878671435
2645.3955672786
2646.6899401727
2648.5774292838
2649.3256535518
2650.0585444584
2651.2273313321
2652.1607752415
2652.7706428270
2653.8970697456
2655.6157723260
2656.2389984980
2657.5377607583
2658.3415576298
2659.6583160209
2660.6102458030
2661.5825737582
2662.1835734356
2663.3939456223
2664.2354890832
2666.0301014795
2666.9828490705
2668.2918590372
2668.6636514013
2669.2537448882
2670.9989985822
2671.9183826689
2672.6037795881
2673.8746187111
2675.2717591296
2676.0664902301
2677.2461938932
2678.5381565216
2679.0252815963
2680.0390215482
2680.8431171329
2681.8410514561
2683.8822755515
2684.5291569045
2685.3771134266
2686.4961601512
2687.4899398080
2688.3850815956
2689.4232759811
2690.6331868560
2691.3183828400
2692.3687189585
2694.1028206134
2695.2089579690
2695.7500492401
2696.6953725816
2697.8575582168
2698.2909613214
2699.9420275001
2700.7312070111
2702.4335448477
2703.1436575112
2703.9817142448
2704.9557375513
2706.5282473268
2707.0907646464
2708.1170692293
2708.4765249607
2710.3683598236
2711.4582278641
2712.7866873348
2713.5252893033
2714.3679066885
2715.3398716314
2716.0250490495
2717.6657748711
2718.3086524744
2719.7709989781
2720.4934749002
2721.7987756166
2723.0860827445
2723.7689288498
2724.5239244371
2725.8829892035
2726.4797010340
2727.2744594319
2729.3950416686
2730.4928918072
2730.7977020802
2732.0040499136
2732.8301235575
2734.2007829678
2734.9388560842
2736.0004791070
2736.9220484400
2738.2664441638
2739.5135472962
2740.3111094212
2741.8788524206
2742.2541078782
2742.9930681599
2743.9534698101
2745.3218318982
2746.7147989524
2747.5140979982
2748.9161910664
2749.6436497887
2750.3140834104
2751.8236714585
2752.7155024939
2753.4877964174
2754.4586630827
2755.4168761915
2757.3018682143
2758.2781033283
2758.8586709687
2759.8986139197
2760.6571515401
2762.0828801426
2762.4445804677
2764.0418462521
2765.4076911465
2766.1570355899
2766.8872697474
2768.6645238881
2769.1446987961
2770.2790936433
2771.0173921427
2771.8962936617
2773.0297134243
2774.6700107318
2775.7257073424
2776.6191603079
2777.5121252026
2778.2896952998
2779.1275391341
2780.7711183791
2781.6560702276
2781.9892396546
2783.9436652869
2784.7052838761
2786.0433357386
2786.7025663514
2787.9320212585
2788.7962780145
2789.1975611211
2790.4930807910
2792.1133785570
2793.3014692409
2794.2380933353
2794.6538246653
2796.0347616037
2797.1745393519
2797.9729012296
2798.7981401770
2800.0674448184
2800.9376031162
2802.2248015363
2803.8649551383
2804.4189356763
2805.2053003631
2806.0027324166
2807.1323183712
2808.1535011980
2809.2916522452
2810.7246340825
2811.4609922261
2812.8619975880
2813.2014880283
2814.6567579806
2815.8386539927
2816.3379548153
2817.4589073174
2817.9494621610
2820.4888420219
2820.6608410538
2821.8919300749
2822.9230262170
2823.8669920566
2824.2818841220
2825.8726566898
2826.7121703749
2828.0299739463
2828.8515265905
2830.0875452900
2831.1284254372
2832.4165508579
2833.1380358517
2833.6587172333
2834.9802484625
2835.7758477445
2837.0144720813
2838.8128815293
2839.4857533950
2840.2857549107
2840.9206729731
2842.3326410811
2843.4698378846
2844.1989869633
2845.0254336105
2846.3907762127
2847.5359355297
2848.7703085554
2849.7970866472
2850.4718881974
2851.6789380363
2852.3037265684
2852.9262147647
2854.8323942319
2855.8537211929
2856.8161335439
2857.7361398078
2858.8578603563
2859.8387489542
2860.5774364976
2862.1202082344
2862.5069662778
2863.3635895522
2864.9114267589
2866.4932097559
2867.1493560941
2868.2241636631
2868.6576291942
2869.8434565749
2870.9095063754
2872.0235111135
2872.8585551834
2874.5691540728
2875.2821191664
2875.8899143404
2877.5466491538
2878.5270026242
2879.1199075470
2879.8689739369
2880.9789947384
2882.1536463906
2884.0136575528
2884.3467577901
2885.7730554027
2886.3088746398
2887.2248855071
2888.3943824562
2889.4041680476
2890.6426263616
2891.2800782155
2892.4626240166
2894.1744487368
2894.7465503562
2895.6411038620
2896.8254051682
2897.4283005670
2898.5413531799
2899.1777798365
2901.2638503620
2902.0651024813
2902.8557855285
2903.9578790430
2904.5981960220
2906.1764175966
2906.9233393430
2907.6057369112
2908.6580455197
2910.0282334350
2911.1429036646
2912.3459047261
2913.5227858667
2914.0446110721
2914.8027022239
2915.6859753275
2917.2741734415
2917.9824167019
2919.3217723265
2920.6155559921
2921.0831989373
2922.3960845574
2923.3909323574
2924.3334349940
2925.2615091193
2926.2954362262
2926.6240146865
2928.7610738470
2930.0043663720
2930.7111686974
2931.0691011098
2932.8064144158
2933.1748571620
2934.2907178358
2935.5524637057
2936.5503748486
2937.7089589816
2938.5812203506
2939.8475291626
2941.2616015347
2941.4252177563
2942.7248858651
2943.3536849602
2944.3216487945
2945.9444992859
2946.9223948962
2948.3742618647
2948.8675772094
2949.7901430258
2950.5211083524
2952.2838296389
2952.8271765835
2953.5890309938
2954.7112752909
2956.2587304242
2957.2362592468
2958.2907762542
2959.2210142347
2960.0336178120
2960.8148392662
2961.8259705753
2962.8196363353
2964.6339214948
2965.3983415843
2966.0652697456
2967.2701904265
2968.4053489954
2969.4011366557
2970.0499301109
2971.1222381249
2972.3088841091
2972.8116863914
2975.0180204128
2975.6199571662
2976.5262321371
2977.5535749135
2977.9819785126
2979.3190422120
2980.4873810066
2981.3439474818
2982.5237198959
2983.8253332665
2984.6391778044
2985.5476662354
2986.8053933833
2987.8561515024
2988.6346996669
2988.8550463674
2990.4232705737
2992.1636686751
2992.8688663783
2993.9743530928
2994.8655070468
2995.5402669155
2996.7365060162
2997.6472031144
2998.9593010980
2999.4944929946
3001.0233311629
3001.7073324560
3003.4770428527
3004.2909759173
3004.6623084082
3005.7729292845
3006.9907383646
3007.4686992165
3008.8821208724
3010.5149621292
3011.3443801805
3012.0746947859
3012.7884505487
3014.4590822067
3014.9116665027
3016.3483941700
3016.7000608126
3017.7834401916
3019.4617757804
3020.4876338969
3021.4204006925
3022.4474837931
3023.3385090679
3023.9309960739
3024.7939638712
3026.5108269078
3027.2995228073
3028.4015225286
3029.4993883697
3030.5945296510
3031.2892174681
3032.7560293602
3033.2181239730
3034.3609071923
3035.0741039475
3036.1331132382
3037.9803835905
3039.0336510442
3039.5216015716
3040.5004275647
3041.2568035495
3042.6530498541
3043.6705416218
3044.0551279819
3046.0500302249
3046.4545042193
3047.7088176409
3048.9226324904
3050.0196767572
3050.8012333157
3051.3423833415
3052.4768485243
3053.3482659370
3054.9865208665
3056.2429233097
3056.7651381130
3058.0137030097
3058.9014946932
3059.4378617581
3061.0627001176
3061.8375844453
3062.7268731646
3063.4350864850
3065.2865555853
3066.3202504041
3067.0713202412
3068.0135013418
3068.9842661855
3069.7829047798
3070.5426215498
3072.0009933779
3073.1852377799
3074.5234942852
3075.0338728774
3075.8334792425
3077.4274733068
3078.2862269180
3078.8973791471
3079.8713946428
3080.8563823420
3082.1631637591
3083.3613579904
3084.8384515043
3085.3772689936
3085.9655222593
3087.0188153586
3088.0834370420
3089.2223089445
3090.2821949029
3091.1544696985
3092.6876670400
3093.1854457175
3094.8330684301
3095.1320312395
3096.5154855129
3097.3426065310
3098.0383549730
3098.7580898488
3101.0793730866
3101.6573707901
3102.4360891227
3103.5899160596
3104.3625463416
3105.3914023699
3106.3963526461
3107.4842558570
3108.3035962662
3109.5330997904
3110.5572003803
3111.9207277141
3112.8407378594
3113.7552136695
3114.4734162036
3115.0026724135
3116.7204508159
3117.2697233869
3118.9550136661
3119.9575566043
3120.9862149757
3121.3372197629
3122.6101288753
3124.1502251643
3124.5259226458
3125.3744414721
3126.4501164348
3127.6930123734
3129.4686126097
3129.7962055054
3130.8776637298
3131.8610902163
3132.6983313662
3133.3988838230
3134.6354459013
3136.0155607520
3137.1751726669
3137.6134952120
3139.0495084985
3140.1384941411
3141.0011748282
3141.7480325429
3142.9794567280
3143.5674991836
3144.4904881455
3146.2835283759
3147.3446066255
3148.3790418705
3148.8612287838
3149.7717386990
3150.8246527224
3152.1510594657
3152.9945599956
3153.5969765295
3155.3121082177
3156.3003579496
3156.9057614544
3158.5782877079
3159.2652046599
3159.8040975791
3161.0619125778
3161.4024352079
3163.3119595578
3164.3505313209
3165.5405978938
3166.1395867136
3167.1210947573
3168.1975157139
3169.1797646079
3170.0141315656
3171.3439580691
3171.8377743461
3173.0116339173
3174.8153859764
3175.5287227437
3176.4803435165
3176.9156360092
3178.3717050050
3178.9025955360
3180.0112133729
3181.3285017132
3182.8394469203
3183.2056733459
3184.4514999603
3185.2143445801
3186.5458694295
3187.6461627084
3188.0554823294
3188.8774607150
3190.1686619622
3191.7062563628
3192.6817916179
3193.5572084725
3194.7867073786
3195.3266999292
3195.7938956339
3197.5471656566
3198.4301257678
3199.2489771142
3200.6632702307
3201.4248663612
3202.7782865007
3203.6308911526
3204.5574101878
3205.4975805633
3206.2288933038
3207.2700623574
3208.0861338919
3210.3524205398
3210.6703882992
3211.6188325229
3212.3192273429
3213.6064987982
3214.6675624881
3215.3252989037
3216.4915246924
3217.4308047783
3218.6599837440
3219.6391713056
3221.1983416830
3221.6094763011
3222.8138408229
3223.3725663753
3224.2137065196
3225.3667159649
3227.0441023745
3227.5251495155
3229.0163116300
3229.9810669605
3230.3366367322
3231.7413479183
3232.7387131248
3233.9133606030
3234.3065912449
3235.1546171824
3237.0875795317
3237.9982363267
3239.0904345627
3239.7673140752
3240.6057472780
3241.5953129380
3242.5683075824
3243.5016527113
3244.8841570911
3246.0401578162
3246.8416761620
3247.5705035338
3249.3080857474
3249.9064463184
3250.6133242674
3251.5106377440
3252.7239909073
3253.3690172441
3255.1420765925
3256.3466128180
3256.9419432047
3257.8313400128
3258.7067142755
3259.5397306860
3261.1921244205
3261.5353126022
3262.7189686945
3263.7849404891
3265.1987716007
3266.1537864199
3266.8039544796
3268.1885178556
3268.9094085887
3269.5167853602
3270.3108034578
3272.0193976108
3273.3630329653
3274.0599530117
3274.8635676380
3276.1241549849
3276.6945546812
3278.0594782890
3278.9861937320
3279.4895096396
3280.9764187137
3281.7066908206
3283.2391243001
3284.4998631324
3285.2028287517
3285.6822597105
3286.7185403423
3287.7730919927
3288.9369728453
3289.7243065362
3291.3857259284
3292.2226420493
3292.8567160976
3293.9758692456
3295.2666632327
3296.0217547647
3296.8731421627
3297.8368423106
3298.3578786216
3300.4505761923
3301.4137763044
3302.0170976656
3303.3172618417
3303.8137192058
3305.0761772408
3305.4720886985
3307.2217116025
3308.0454022233
3308.8328775130
3310.2357067738
3311.1553061183
3312.3494594505
3313.1998766727
3313.8426622732
3315.0150138280
3315.6197425409
3316.7524534177
3318.3874701702
3319.4126489932
3320.4766996820
3320.8879414612
3321.6635726986
3323.4909231798
3323.8751249141
3324.9256841460
3325.6916270384
3327.3384417515
3327.9882692082
3329.4655839484
3330.2904003601
3331.2994041615
3331.8922882438
3332.7008985760
3333.7813829614
3335.0459964245
3336.5759684293
3337.0442118967
3338.1504073563
3339.2566736946
3340.1171526975
3340.9722636378
3342.2115548593
3343.0517222783
3343.6049085096
3344.8522558682
3346.8484308166
3347.3978309910
3347.9360016108
3349.3010279268
3349.8562521148
3350.8037040246
3352.1538040966
3352.8453645426
3354.2782312804
3355.4836803060
3355.8805781833
3357.1981541183
3358.4026996234
3359.3592830672
3359.8524043813
3360.5841532983
3361.8875886211
3363.2338783489
3364.3557635539
3365.6009574686
3366.1208838108
3367.0555425396
3367.7694438682
3369.1837285548
3370.0616517465
3370.9975361427
3371.9224456005
3373.1601409252
3374.4274719900
3375.3799557563
3376.2983860442
3376.8209708484
3378.2589569626
3378.7806084949
3379.4601926681
3381.6346474471
3382.2967149216
3383.3484895758
3383.8712124151
3385.1773108279
3386.1662957504
3387.1495644593
3387.8087777854
3389.0918801566
3389.6488790409
3391.4812337319
3392.1475726308
3393.6517858931
3394.1376663514
3394.9911063107
3395.6148509384
3396.8900663110
3398.2716771892
3398.8411972199
3400.3224765486
3401.3874506972
3402.0004414149
3403.0088648202
3404.3627615729
3405.1329186951
3405.8099428048
3406.6794828120
3407.7283142895
3409.5787368525
3410.4245652119
3411.2236334973
3411.8558302760
3413.2190360053
3413.7108194767
3415.0064152978
3415.8066235729
3417.2017255276
3418.1948427089
3418.7442466752
3420.5405829873
3421.3075373182
3421.8824204077
3423.1285941923
3423.6113946713
3424.7289898634
3425.8309177359
3427.4318110057
3428.3450146488
3429.0771614591
3430.1588095293
3430.6116186802
3432.0263665319
3433.3063311603
3433.7697101637
3434.4329301813
3436.1836075697
3437.2191616069
3438.2126161543
3439.1124301542
3440.2292995886
3440.8440257705
3441.4679776701
3442.6833924454
3444.0365707017
3445.2774324687
3446.0153861583
3447.1589254206
3447.7005176050
3449.4970027155
3449.6850010645
3450.7234875925
3451.9406694275
3452.5698167717
3453.6778939184
3455.4887994348
3456.2586145593
3457.1841728946
3457.5735988578
3458.6654106248
3460.0460640189
3460.4842304691
3461.9159711985
3462.8967324018
3464.0838321603
3464.9776952524
3465.8271557271
3467.2044039863
3467.9094710782
3468.7755513668
3469.5519131326
3470.2141089614
3472.2490182213
3473.1687633951
3473.8148820200
3475.2191067328
3475.7177928194
3476.5199317708
3477.7001902847
3479.0498301792
3479.4659653127
3480.6829159506
3481.7763966943
3483.0578568014
3484.1593880462
3484.8845853529
3485.6914977282
3486.5343396695
3487.5394778428
3488.4557766223
3489.6651233163
3491.5505613682
3491.8110999653
3492.4144355804
3493.7206130827
3494.8164084815
3495.9889319676
3496.3503613638
3497.3729605423
3498.5761365390
3499.6865538211
3501.1459195905
3501.8970952329
3502.7758679486
3503.6362157915
3504.5889277749
3504.9926271950
3506.8607789870
3507.5452737973
3508.7725008670
3509.6364080383
3510.8450836446
3511.7310911128
3512.4735868429
3513.8775738738
3514.3667522439
3515.4168088496
3515.9018144989
3518.0264452394
3518.8684092086
3519.8701867402
3520.4916659655
3521.3650409027
3522.3822128938
3523.6358357235
3524.2152207376
3525.3865666370
3526.6702567113
3527.6152070510
3528.3518245828
3529.9557443460
3530.8350467977
3531.2010239635
3532.0385088475
3533.3282433958
3534.0625882802
3535.7725769434
3536.6332507055
3537.7080130562
3538.5005689074
3539.0899365266
3540.4567588072
3541.3575223754
3542.3408839176
3543.3223065353
3543.8167962869
3545.6992121713
3546.8641345953
3547.3147813965
3548.3512529636
3549.4583567764
3550.0650592255
3550.8532983720
3552.0802097504
3553.8406805970
3554.1650347895
3555.5341450719
3556.0652345356
3557.4271023529
3558.3493450384
3559.2656646999
3560.0192488236
3560.7761833344
3562.1624350828
3563.2151214857
3564.7607707140
3565.3964228870
3566.2849107763
3566.9166838955
3567.7332517491
3569.3431320864
3570.0086713650
3570.8229165546
3572.5139656279
3573.0798043013
3574.1000163089
3575.4931557475
3575.9553796438
3577.2052839856
3577.9811841106
3578.4103826189
3579.7501026146
3581.5853382418
3582.3949166198
3582.9230421855
3583.9455747749
3585.2062787129
3585.6844486616
3586.8407450061
3587.9688136680
3588.8594445205
3589.7450065450
3590.9834712931
3592.4058890800
3593.0285588398
3594.2272747855
3594.4692726981
3595.7790637539
3596.4217725401
3597.8026412946
3598.9485602062
3600.1663237968
3601.1040136854
3601.7912827520
3602.4188942627
3604.2480536335
3604.7549840178
3605.4944749718
3606.3593176241
3607.5748096454
3609.2833330343
3609.7002661689
3611.1016315516
3611.9109946768
3612.3241926873
3613.5490212410
3614.3278146422
3615.6062681246
3616.8406891335
3617.8028423970
3618.4525585160
3619.8857235070
3620.7055704499
3621.8861323661
3622.1792745022
3623.5584684730
3624.4375035568
3624.8817265977
3627.0603155191
3627.9491147907
3628.6103750561
3629.4072176115
3630.3634250454
3631.3086842888
3632.4781783360
3633.4401577754
3634.0561930930
3635.6736334279
3636.4396383570
3637.5406577179
3638.5537076794
3639.6798065178
3640.3629764943
3641.0105381463
3641.7071232412
3643.4795736482
3644.4033583418
3645.6321166435
3646.4508943698
3647.2842616804
3648.1584546855
3649.1661641315
3650.3020435712
3651.2531061634
3651.7835233748
3653.0883261964
3654.2114375027
3655.9057264415
3656.3345297662
3656.8928296333
3658.1293721938
3658.9216895510
3659.9075007476
3660.7356658150
3662.3689492974
3663.4482888550
3664.0020071046
3664.8781377295
3666.2370259730
3667.3073392330
3667.7356389455
3669.0301911574
3669.4237463090
3670.7319972692
3672.3493512949
3673.1591761441
3674.0876089561
3675.2626101297
3675.6624842456
3676.3689381373
3677.8932956628
3678.8477830570
3679.8183116495
3680.5839839084
3682.4187314357
3682.5717305491
3683.9710242035
3684.8598930883
3685.9744421424
3686.2713371809
3687.5384137598
3688.1770279720
3690.1842581110
3691.0391622530
3691.7569397214
3692.6476539273
3693.3709847350
3694.7911267179
3695.6727901332
3696.1219826336
3697.5859636450
3698.5473627665
3699.4302926307
3700.8383167596
3702.0507569879
3702.4601559332
3703.3474760756
3704.2098943830
3705.1292281879
3706.2947213560
3707.5790553614
3708.6584528688
3709.5822717234
3710.3714917768
3711.4048181764
3712.1701394666
3713.5835810509
3714.4246768398
3714.7393335898
3715.8464590349
3717.7510959171
3718.4983554745
3719.4834953993
3720.1820489327
3721.2960400003
3722.0588367682
3722.6273205525
3724.3881275011
3724.8823199903
3726.5177182649
3727.1052959733
3727.9384659555
3729.4727917020
3730.1873206764
3731.0751592484
3731.6529373026
3732.8474756134
3733.6716968071
3735.0076446370
3736.4628556170
3737.4267027850
3737.8477793319
3738.5880554677
3739.8316906601
3740.8751536872
3741.9250793487
3742.4850135468
3743.8596162116
3744.8466719651
3746.1359725128
3746.8409531031
3747.9971270446
3748.7528607230
3749.6727079110
3750.3031584312
3751.1646445104
3753.1864491299
3753.9469890664
3754.5073218830
3755.9228188424
3756.5249727120
3757.4814398498
3758.6964262963
3759.3592166756
3760.5827291326
3761.0853349518
3762.4750790963
3763.9998426977
3764.6442801700
3765.7460260641
3766.4559675318
3766.8724214843
3768.3386401560
3769.2933943130
3770.1054978991
3771.7289927617
3772.5123312174
3773.4673277410
3773.9415803050
3775.7527118401
3776.2588073422
3777.1432443337
3777.8333706021
3778.8393737853
3780.2264864506
3781.6686461232
3782.3905756619
3783.1266494637
3784.2655503452
3784.8651050998
3785.7910186009
3786.9356979061
3788.2636648703
3788.8000503319
3790.0417766726
3791.0209144047
3792.5602476716
3792.8724795019
3793.7909902765
3795.0216534165
3795.8085881479
3796.1391779333
3797.8540558429
3799.2984970773
3800.1324264034
3800.8776355789
3801.5906171757
3802.6402397325
3803.8292004657
3804.7908403937
3805.4346467548
3806.2978967553
3808.0930498963
3808.4595078366
3809.8742483129
3811.1847123344
3811.4282217648
3812.5447543990
3812.9783089018
3814.3270174618
3815.5318198581
3816.6025981278
3817.7687079143
3818.5055339656
3819.4144985478
3820.4383133693
3821.4380596668
3822.3719133856
3823.1481104076
3824.4185531245
3824.5410371594
3826.9476272378
3827.5763356857
3828.3395205196
3829.1448104869
3830.1618239230
3831.0346791198
3831.9324871296
3832.9415488495
3834.3530945612
3835.2203987240
3836.0228819812
3837.2388472242
3838.0840586675
3839.4262684660
3839.9740027663
3840.5046787482
3841.6823448122
3842.6785326364
3844.4035532130
3844.8970109642
3846.4874754761
3846.7473011827
3847.6817496709
3848.4153010059
3850.1702018148
3850.6039204384
3851.4101024606
3852.7031024752
3853.8602938456
3854.9025863330
3855.9552544738
3856.7038673959
3857.6105830149
3858.4485862360
3859.2857381770
3860.0930085052
3861.8527193254
3862.9837836670
3863.6582860192
3864.1501909968
3865.5650772054
3866.8224041133
3866.9723281250
3868.4128590739
3869.1446669210
3870.1140345395
3871.2917501894
3872.6665465728
3873.8102083807
3874.2296148438
3875.1051975847
3876.1737406898
3876.6579649378
3878.2561749411
3879.1103387100
3880.0822135974
3881.5403505114
3882.1168452598
3882.8999925505
3884.2097992080
3885.1099630861
3886.2252097662
3886.4512897905
3887.3520137600
3889.1553463445
3890.3091819690
3891.0868830024
3891.9299369860
3893.0011310770
3893.4070620833
3894.7837302889
3895.5679312739
3896.6426322751
3897.8707502911
3898.6519617946
3899.6237434556
3901.0077646104
3902.0774270423
3902.4111605109
3903.3515430731
3904.3791913041
3905.3448516662
3906.1193191119
3908.1881654382
3908.6063626661
3909.4658474041
3910.6327168565
3910.9114382362
3912.6429485985
3913.2591378618
3914.2199232692
3914.9490012449
3916.1765385600
3917.6581659536
3918.4430529876
3919.2227409607
3920.5404310955
3921.1525702401
3921.6525603483
3922.6652032242
3924.1933105254
3925.2471192573
3926.1760835836
3927.0805173701
3928.1422182953
3928.8865592068
3930.0992812804
3930.8910863823
3931.7452173606
3932.6245680870
3933.5168818420
3934.9383478086
3936.4432861196
3936.9742343137
3937.9053808536
3938.2146165369
3939.7751868119
3940.4346375967
3941.6300296480
3942.3527221878
3944.0303628069
3944.6509156524
3945.3330636689
3946.8789835706
3947.7038640746
3948.4341922005
3949.3137058221
3950.1323755111
3950.8594664397
3952.9428701569
3953.3565265913
3954.7786211646
3955.1765463727
3956.4202171916
3957.0199017765
3957.9547179471
3959.4707555055
3960.0710287570
3960.7705346145
3962.1684619267
3963.4703488613
3964.3126495232
3965.1327070989
3966.1387149930
3966.7538941064
3967.8187614212
3968.4846536079
3969.9146002197
3971.3180702122
3972.1157602646
3973.0106815036
3973.4570147838
3974.8934133683
3976.0661831957
3976.7314189012
3977.1139086950
3978.6861199793
3979.4973411763
3980.8440997822
3982.0485020868
3982.7640681165
3983.7497953691
3984.2274351812
3985.0987252424
3986.5161790382
3987.2307091548
3988.7194492647
3989.3521758090
3990.4814096073
3991.5708909852
3992.3311050998
3993.2931637318
3994.3958739985
3995.1684597231
3995.7978134131
3996.6890402330
3998.8092922997
3999.5192482853
4000.0172851788
4001.1442586346
4002.1123494277
4002.6957194148
4004.0224513947
4004.8067310287
4005.8767374373
4006.9319208177
4008.1420308914
4008.6895962525
4010.3610190238
4010.9833112803
4011.6638815418
4012.5689160009
4013.2336888055
4014.6572948183
4015.6576510516
4016.9689380100
4018.0292684586
4018.7769516000
4019.1060650408
4020.5707731037
4021.6280142174
4022.3801064376
4023.4285049742
4023.9051514001
4025.5831990267
4026.6027591016
4027.8662975719
4028.2471729197
4029.1955570805
4030.3832801991
4030.9161077860
4031.6543117159
4033.3744768774
4034.5208201622
4035.1055990299
4036.0793896019
4037.1260145710
4038.2906988593
4038.9483104343
4039.8578192223
4040.9405632218
4041.4646776448
4042.7024803963
4044.3222870034
4045.0551473873
4046.2147848291
4046.7382108173
4047.4680443260
4048.3807098276
4049.9737046866
4050.4313906242
4051.3843795512
4052.9976259815
4053.5662720779
4054.6907128703
4055.4778525034
4056.9963619032
4057.4289042335
4057.9934935392
4059.0854282882
4060.0489960068
4061.7439330496
4062.8502886929
4063.1577254554
4064.3583801964
4065.1784751929
4066.1095926505
4067.0741068688
4068.0832238260
4068.9692976261
4070.2819125698
4070.6036776496
4072.7051287062
4073.1264501724
4074.0876811330
4074.8170645107
4075.7413466701
4076.7197818638
4077.4133454845
4078.9227713602
4080.1083044812
4081.0660834209
4081.6985684318
4082.5883481411
4083.6300428601
4084.9428832029
4085.5153705858
4086.3792210746
4086.9674789753
4088.7818814832
4089.7302856377
4090.5912659103
4091.9108461592
4092.2972064646
4093.2483622291
4093.9059119453
4095.1379307513
4096.5108472966
4097.0636844604
4098.4751864482
4099.2448452936
4100.1075341305
4101.5784479216
4102.0373625351
4102.8259418258
4104.1413312022
4104.6130985798
4105.5128525692
4107.3272193559
4108.6242334303
4108.8524431608
4109.7109312858
4110.6343198867
4111.8598454451
4112.6672060187
4113.4859892270
4114.6875678372
4115.6157737985
4116.8139808913
4117.6007107398
4118.9743526695
4119.5963328836
4120.6342105844
4121.3486568028
4121.7946587850
4123.2400866695
4124.6488293802
4125.5921284526
4126.3780638805
4127.5933708084
4128.2981666997
4128.7776752026
4130.4667637803
4131.1369798993
4131.9280024328
4132.7244513074
4134.0506488283
4135.4417600213
4136.3966888734
4136.9748534835
4137.9629413796
4138.8383395555
4139.4640991552
4140.8928301156
4141.3737753201
4143.3470625005
4143.8976248561
4144.6032987984
4145.5647925680
4147.0719222795
4147.5950695475
4148.6525207788
4149.0694510508
4150.4450979525
4151.1468515095
4152.7687252656
4153.8391467451
4154.6308990060
4155.3347872616
4156.2963049628
4156.9139079917
4158.1293344138
4159.4804616990
4159.9216658408
4161.0962811821
4162.3779145934
4163.2788530508
4164.1353514406
4165.1391629556
4166.0784280624
4166.9841734084
4167.5098753458
4168.3034536255
4170.4828061106
4170.8751143816
4172.1307580515
4172.8769668517
4173.4168640228
4174.8731818746
4175.5120522522
4176.6430719202
4177.3221886240
4178.5303041832
4179.5746994302
4180.5031817652
4181.9224931845
4182.8507928791
4183.3775043718
4183.8463444593
4185.3127276753
4185.9579366874
4187.2007188462
4188.4199772402
4189.6152797934
4190.2332692909
4190.9859122257
4192.1097123457
4193.1758511658
4194.0922458821
4194.8990138883
4195.5413516551
4196.6045483558
4198.4259891125
4199.3351926312
4199.6330028296
4200.9974634666
4201.8270022367
4202.4166987460
4203.2808136601
4204.7360110733
4205.6273652674
4206.8701918883
4207.3545421044
4208.7347820983
4209.6429027594
4210.5497931940
4211.5279807000
4212.1702281297
4212.9672932335
4214.1176865836
4215.1792932818
4216.8321357639
4217.4955242518
4218.2307886269
4219.0864103563
4219.6720615312
4221.3067397105
4222.1266714410
4222.5072437051
4223.9011799922
4225.2823658464
4225.7223073329
4227.2106305018
4227.9847050721
4228.9808341069
4229.5334114976
4230.6578479752
4231.0080797545
4232.6603273788
4234.1372607510
4234.6721864854
4235.5028147846
4236.7087780813
4237.3431050886
4238.5815624292
4239.0833550914
4240.6092232762
4241.1040242901
4241.7837530833
4243.5736524940
4244.5758226330
4245.6210599955
4246.0109615019
4247.0506663695
4247.8828636201
4248.7982299207
4249.8423605508
4251.0245719169
4252.0637703767
4253.4521570431
4253.6419434954
4254.6067412447
4256.2539779151
4256.9039163799
4257.3984260709
4258.4123094989
4259.2199715040
4260.8287804000
4261.8013161539
4262.8349177588
4263.8510700902
4264.3264840975
4265.1977535302
4266.1755262978
4267.3750181159
4268.2230320640
4269.3119633832
4270.2289458522
4271.2193577240
4272.6265466828
4273.2660703758
4274.0061984853
4275.1067326339
4275.8636480704
4276.7331763404
4277.4200429594
4279.5488671881
4280.1616255247
4280.9737876928
4281.5871597611
4282.9434791386
4283.4937286327
4284.8449654015
4285.6290536482
4286.1581072869
4287.6805181794
4288.5047662744
4289.8121457606
4290.6838263576
4291.6749193938
4292.7264449752
4292.8172633905
4293.8138149597
4295.3482114484
4296.2476875538
4297.2696684927
4298.6631790896
4299.0549472829
4300.0891483781
4301.0120506093
4302.1451948824
4303.1833841787
4303.5346369036
4304.6175280010
4305.6138237120
4307.4490775991
4307.9989917543
4309.1729649768
4309.3586150697
4310.6321760972
4311.6620072439
4312.2264301238
4313.4013702585
4314.7992831603
4315.5737418052
4316.4646563069
4317.3561907403
4318.8675428542
4319.4068283920
4320.1622436024
4321.0748916274
4322.0761651900
4322.6645664863
4324.5467480082
4325.2930857280
4326.3501185836
4327.3946907038
4327.7003625595
4328.6157690544
4330.0278359153
4330.8900657917
4331.8519156221
4332.3039022867
4334.0205810837
4335.0631473709
4335.6066671653
4337.1336626057
4337.4518429809
4338.7191221626
4339.0270615070
4340.0878325409
4341.4130509624
4342.9016181750
4343.5632012071
4344.3346414911
4345.2496571546
4346.2428962104
4347.6280300723
4347.7887353218
4348.9754308520
4350.0139221055
4350.8713843551
4351.9525166328
4353.7001897324
4354.2207576250
4354.7245965903
4355.8931107822
4356.4827664083
4357.5875916930
4358.7556431324
4359.5001855978
4361.1910768175
4361.4867345027
4362.7615831858
4363.5255813189
4364.5469088460
4365.6719970086
4366.5273075427
4367.0005118491
4367.7110484295
4369.5379649273
4370.7346275099
4371.3626330220
4372.2279065074
4373.4331782909
4373.8638044114
4374.6950961607
4376.0832239112
4376.9829532968
4377.7684633623
4379.1033158755
4379.7598645293
4381.0910283099
4382.1259494987
4382.8757485233
4383.4664273183
4384.4196011391
4385.5798863289
4386.0836787075
4387.7562600258
4389.0294783915
4389.7196308689
4390.3511082752
4391.0212130670
4392.5743376748
4393.3586625526
4394.0285111268
4395.0608938442
4395.9510979306
4397.2232226873
4398.4517196331
4399.1774673041
4400.2701800392
4401.1754715476
4401.5335740801
4402.8082345169
4403.2395699242
4405.2186046400
4405.8323039939
4406.7068764165
4407.9731809396
4408.6237078634
4409.6660971341
4410.4911419822
4411.7152015308
4412.2372474907
4413.2165611654
4413.9340445125
4415.8509618265
4416.5939990295
4417.5801169757
4418.2415564728
4418.9715247909
4419.9224575734
4421.1412179966
4421.9047012078
4422.7907496210
4424.3396665542
4425.2449095746
4425.4956487323
4427.1647206562
4428.0731758427
4428.8818024316
4429.4880095670
4430.2474487954
4431.4243404831
4432.5756274546
4434.0292531959
4434.7791048361
4435.5290832926
4436.4237379836
4437.3941736776
4437.9768696285
4439.5575607144
4440.1075855090
4441.0649962650
4441.9849485784
4443.3659418711
4444.5644241103
4445.2383385406
4445.7727582490
4447.2630960168
4447.7329624617
4448.3019010683
4449.6352681244
4451.0981208003
4452.1880837051
4452.6807020660
4453.7345512711
4454.4629054402
4455.7626579726
4456.7032501935
4457.2458263399
4458.1887493307
4459.1712790161
4460.5485292875
4461.4041404785
4462.7346221949
4463.6476480672
4464.0385232570
4464.8127161276
4465.8059975692
4467.2285328830
4467.7398170153
4469.1706627374
4469.9780328317
4471.3617572523
4471.5501955904
4472.9592720152
4474.1862775774
4474.3170917790
4475.8011109318
4476.2465191575
4477.0158570633
4479.2694232763
4479.7306647721
4480.5336297392
4481.4100402211
4482.3668856890
4483.2382774669
4484.1236233693
4485.0522261036
4486.3272191629
4487.0841914278
4488.0706672490
4489.2408955475
4490.2955069949
4491.2184812524
4492.0082778790
4492.6380346692
4493.5336347352
4494.4937559016
4495.8100180299
4496.8934517673
4498.1071120465
4498.7783940725
4499.5852231075
4500.1646023961
4501.6271866440
4502.6738555536
4503.3298543457
4503.7155556818
4505.4588670931
4506.3114967288
4507.7451828832
4508.2114369027
4509.3714446481
4509.9436689371
4511.0400140285
4511.4627185969
4512.8099911072
4514.0771395895
4515.1913067646
4516.0898452135
4516.3656710408
4518.2753892224
4518.5846792154
4519.5748000205
4520.5385550087
4521.4754851533
4522.1440777283
4523.2374643787
4524.9733971608
4525.7908822969
4526.3485863588
4527.3536331240
4527.9438935448
4529.0692345920
4530.0252331744
4531.3189683379
4531.6435759872
4533.2979764714
4534.1355982443
4534.9355560047
4535.9075625167
4537.2525685475
4537.8060983439
4538.5089350881
4539.1888629237
4540.3477266235
4542.1296662510
4542.6204860980
4543.7469222738
4544.7202713209
4545.2633436365
4546.1412074213
4547.5934153687
4547.9386360064
4549.2810718281
4550.0686888793
4550.9796935853
4552.3219261610
4553.5368502809
4554.1979510510
4554.9593914869
4555.5954735992
4556.8913105365
4557.5339740706
4558.3966238283
4560.2159410977
4560.9998335062
4561.6293466016
4562.5968170893
4563.4160462676
4564.8159558447
4565.4169582722
4566.2533260819
4567.1214509906
4567.9416864785
4569.6157702952
4570.4333291749
4571.4578987856
4572.2498604186
4573.2461731874
4573.9241305120
4574.2976213844
4576.1899543918
4576.7939178000
4577.8591114299
4578.9270258321
4579.9569178540
4580.7170845056
4581.8941872135
4582.5682490862
4583.6736879210
4584.3807684992
4584.9772581654
4586.2077626053
4587.6748770765
4588.9779142202
4589.6434494895
4589.7488115340
4591.2041465131
4592.0493090879
4593.1597915728
4593.8368919861
4594.7871905603
4596.2636644012
4596.8299084591
4597.8208123423
4599.3736724399
4599.9075794377
4600.6300541135
4601.6029618172
4602.2561235138
4603.2096905451
4604.6416814013
4605.8834516952
4606.4624724024
4607.7530325870
4608.2163809442
4609.2241607771
4610.0842316459
4611.4846744577
4612.0285974586
4612.7888540135
4613.6843076413
4615.5366160912
4616.2223006616
4616.9585827808
4618.1076789101
4618.7671706188
4619.4655938969
4620.5443656129
4621.3482792187
4622.8193231213
4623.8056119442
4624.7262787551
4625.4092625017
4626.3429857038
4627.7902298231
4628.4634434019
4628.9742347573
4629.8887829393
4631.2264069890
4631.7624010439
4633.5644389922
4634.3071054188
4635.3571608870
4636.0283439607
4636.3922807475
4637.7920719801
4638.7481537479
4639.7153808230
4640.5617397310
4641.7582723801
4642.6857581767
4643.7517358636
4644.7531055272
4645.3629873524
4646.7394860741
4647.1172637325
4648.1126081748
4648.5648868166
4650.6143303283
4651.6641211459
4652.0883991289
4653.1191560552
4654.0689495996
4654.9473239579
4655.7215608964
4656.9224185732
4657.8208901948
4658.3949499578
4659.9186876104
4660.5639639343
4662.0800046032
4662.9458909194
4663.5050255935
4664.3228972463
4665.1413759531
4666.0907987528
4667.4244282680
4668.0551777520
4669.8295135221
4670.3506317460
4671.0321064987
4671.8778479646
4673.2826905213
4674.1267160485
4674.7416398635
4675.7275666864
4676.3340958161
4677.9302191471
4679.0874910411
4680.0884688595
4680.6063971112
4681.6048907467
4682.6486624251
4683.0212910666
4684.1869147896
4685.4077896422
4686.7081551457
4687.0721779753
4688.2526030064
4689.5050624373
4690.1788400071
4691.2967687887
4691.8621000908
4692.8664328620
4693.9394172933
4694.1739427933
4696.0958498728
4697.3541474715
4697.7744037612
4698.9245042092
4699.4972522310
4700.1586032809
4701.8425870354
4702.4376456960
4703.0151738405
4704.3381184074
4705.4821387820
4706.4685709033
4707.1871719521
4708.5954274522
4709.3326781575
4709.9449403463
4710.5522420050
4711.6919801848
4712.7777974770
4714.2477231071
4714.9979628249
4715.9526217271
4716.6602392191
4717.7334010815
4718.5298947668
4719.5957041669
4720.3866943736
4721.5375409400
4721.9545618196
4723.2349349391
4724.9964218777
4725.4871965746
4726.2711438528
4726.9492958246
4728.2116043529
4728.7505072301
4729.6615015484
4730.9627143235
4732.0219070449
4733.1937649401
4733.8440986995
4734.5278178329
4736.0449239362
4736.5968400645
4737.7840355479
4738.4325825168
4738.7937333173
4740.3325659714
4741.7218858044
4742.4140373104
4743.7179206292
4744.4218114837
4744.9968532699
4745.8424190304
4746.8395937429
4748.3358066896
4748.7008811292
4749.7281002183
4751.2159490594
4751.6827325791
4753.0840261015
4753.9188358402
4754.5895649759
4755.5889488592
4756.3561404896
4757.2226716329
4757.9706695732
4760.1585902093
4760.4410480586
4761.5164307635
4761.9839938081
4763.1581885062
4764.2754244073
4764.9984768036
4765.8032553849
4766.8848180581
4767.8688588311
4768.7264709286
4770.2564971577
4770.8912840393
4772.0574948292
4772.6449389361
4773.4397977729
4774.0566197255
4775.3957112495
4776.4292012544
4777.6356769833
4778.3741246965
4779.5961513783
4780.4791230890
4780.7085875024
4782.3568744316
4783.3432241251
4783.7145167954
4784.6409676786
4785.5254153381
4787.2526753462
4788.1525701243
4788.9990157405
4789.6983479338
4790.7338158689
4791.2911708210
4792.4088240186
4793.3473196522
4794.2867647152
4795.7801178315
4796.3529034318
4797.0979335979
4798.4208418626
4799.6732114043
4800.0977676152
4800.6710021860
4802.1883695085
4802.3778508698
4803.7045926768
4805.0722164801
4806.3719735811
4806.9212705944
4807.5410120337
4808.6044991692
4809.3468803198
4810.5318813433
4811.6322888445
4812.1607722036
4813.0455521244
4814.6815598175
4815.3242765496
4816.4517582570
4817.2328754075
4818.2401334845
4819.0284261962
4819.7546281686
4820.2100300172
4822.2211648727
4822.9057269693
4824.1375374798
4824.6783977554
4825.7362955024
4826.4943412149
4827.7673212634
4828.3379466209
4829.3863099189
4830.1368235592
4831.1856932088
4832.2248667309
4833.6632639594
4834.6653411899
4835.1440266097
4835.9519667763
4836.6089653790
4838.0267099074
4838.6604837330
4839.6471581124
4841.0647236453
4842.0435046878
4842.5854124001
4843.6213360008
4844.6996129694
4845.6967344192
4846.6577601435
4846.9160493348
4848.1074053912
4848.8850419042
4850.8715187922
4851.4687229984
4852.0010650834
4853.4258154320
4854.0270067060
4854.5742961028
4855.7184623639
4856.9218300815
4857.8153802602
4858.6041722184
4859.6805316244
4860.8093307255
4862.0766543877
4862.3593496458
4863.7601539198
4864.1919486676
4865.0553512727
4866.0715782712
4866.9540212689
4868.5883270387
4869.4666362860
4870.5172538319
4870.6965647234
4871.7055395300
4873.1931813759
4873.8184462275
4874.7899967831
4875.2376608371
4876.7431423275
4877.7252995677
4878.6290055832
4880.0581273589
4880.6096610016
4881.3110123399
4882.3044622351
4882.8907859360
4883.9274142343
4885.3620747240
4886.2704788800
4887.1984806467
4888.1756108352
4888.9080793460
4890.2144513162
4890.6277568883
4891.7830560748
4892.9349790425
4893.3883376358
4893.9631695296
4895.9637395460
4896.9577466910
4897.6507812976
4898.4572917665
4899.1612006889
4900.4295633793
4900.7428817465
4902.3072099029
4902.8216320685
4904.2286329374
4905.1424890807
4906.0982381423
4906.6995419737
4908.3300893512
4908.9135214443
4909.6241117150
4910.2450816675
4911.2919101021
4912.4513089361
4913.6606376181
4914.7926458316
4915.7002406896
4916.3321644776
4917.2307805042
4917.8075350428
4919.4870363371
4919.8893250521
4920.8404305436
4921.9705906276
4922.7189913738
4924.3170982500
4925.0776066893
4925.7950266814
4926.7276422097
4927.5979512906
4928.5260648032
4928.9571362457
4930.2403184429
4932.0368127741
4932.6006705270
4933.0681258438
4934.3522891220
4935.2009942498
4936.1339495235
4937.2071629860
4937.7703657002
4938.7538155263
4939.6417247847
4940.8522948627
4942.1355285782
4942.9768964622
4943.9778667319
4944.6416030200
4945.1868985179
4946.1192534786
4947.5004903218
4948.3898087974
4949.0859153851
4950.6158125913
4951.5023849293
4951.8787979182
4953.2005556687
4954.2550676797
4954.9765763794
4955.8222598161
4956.4660552789
4957.3318896303
4959.0289893206
4960.1639284077
4960.7580902646
4961.6884629432
4962.2619524482
4963.5261186175
4964.3070314052
4964.9252350896
4966.6332162699
4966.8686455872
4968.3946409272
4968.8360946551
4970.4799826794
4971.3392455562
4971.8249961494
4972.7134916174
4973.7115780325
4974.4304781473
4975.3109971424
4976.9640340775
4977.7551540867
4978.8478557532
4979.5808923266
4980.1187625291
4981.1927037477
4982.5123615262
4983.2250273146
4983.9799758299
4984.5685435745
4986.2525668358
4987.1879009828
4988.1915973076
4988.9051665921
4990.3454802864
4990.4497018190
4991.2147744086
4992.3794623414
4993.4957489838
4994.6327421723
4995.8792477047
4996.2208208769
4997.3961507071
4998.3700301957
4999.3296813730
5000.2343169313
5000.8343814324
5001.8897736272
5002.8540028919
5003.4849443783
5005.4959074877
5006.2083811062
5006.7885588061
5007.4859829199
5008.6261996563
5009.2290441172
5010.8111725447
5010.9331981060
5012.3968337397
5013.5336058731
5014.2384420562
5015.3579279379
5016.1925469143
5017.3477565682
5018.0849135477
5018.9398318505
5019.3958314734
5020.3527593955
5022.2030229838
5022.8345260192
5023.9048891412
5024.7257525949
5025.7309935936
5026.1854768824
5027.2215637110
5028.5378868209
5029.2169569391
5030.0269369385
5030.9678581868
5032.3990635409
5033.1665660802
5034.5503611630
5035.0134164089
5035.5230584374
5036.8416671070
5037.5006927569
5038.3243196367
5039.6218874528
5041.0413989938
5041.7980345225
5042.4921497164
5043.0154453940
5044.6567910913
5045.4671304802
5045.9416755020
5046.9976174300
5047.8630861842
5048.7902288197
5050.3084596992
5051.1066995337
5052.2793104729
5052.7721552897
5053.7123653200
5054.4345473434
5055.1926724734
5056.6058130799
5057.5899962359
5058.3454094171
5059.4399058189
5060.5590809150
5061.3262493290
5062.1684727267
5063.1827159374
5064.3338136192
5064.6289729685
5065.4801249605
5066.5765391848
5068.3848152388
5069.0959359440
5069.6755441385
5070.8685512659
5071.2497972771
5072.4103726606
5073.4822561770
5074.3560620415
5074.9114702429
5076.5986379478
5077.1529895307
5078.0011091833
5079.6127261671
5080.1236221440
5081.1300977706
5081.6943444298
5082.3177815117
5083.7698489190
5084.3874393407
5085.9442307865
5086.9997615781
5087.5326689378
5088.5989013220
5089.1780939133
5090.3458768116
5091.2629578836
5092.4019419114
5092.8377604522
5093.6688801106
5095.0869130616
5096.6379331862
5096.9594238563
5097.8144297589
5098.9567890062
5099.6107430380
5100.4914624162
5101.0340630485
5102.6459486152
5103.7283412530
5104.4180930468
5105.6386355264
5106.0522259498
5107.3857401239
5108.4477701493
5108.9590966984
5109.8389820910
5110.8060416723
5111.5031246545
5113.0101572217
5113.9460428805
5115.3728429530
5115.7267620978
5116.5605574637
5117.0259934135
5118.5338387686
5119.3656691616
5120.2400234665
5121.0834901556
5122.4547814097
5123.3028934779
5124.0617849881
5125.2536867568
5126.2791180152
5126.7299932918
5127.7417169591
5128.6816249744
5128.9644838587
5131.0438989736
5132.0071678378
5132.6831370540
5133.3065759897
5134.6630438788
5135.1719640737
5136.1299360821
5137.2062913985
5138.0429579573
5139.1215309621
5139.6791256497
5141.0966239356
5142.4479078649
5142.9020322227
5143.9337005339
5144.5877526015
5145.4804491741
5146.1496459196
5147.5627918400
5148.2535273573
5149.7682602808
5150.7096149623
5151.1418495865
5152.1862146231
5152.9531272947
5154.6568454392
5154.8991437976
5155.4933625825
5156.5094473283
5157.8190655557
5158.9548240008
5160.0577362516
5160.8527799279
5161.6053929221
5162.5871866852
5163.0601644684
5164.1023120220
5165.3067715054
5166.1919729085
5167.4835944022
5167.9908280573
5169.0701945640
5170.2915160873
5171.2359275015
5171.5854811712
5172.8016888768
5173.6750245563
5174.3599011372
5175.0931227770
5177.2371322494
5177.6096300225
5178.7521946204
5179.2026063915
5180.1066262027
5181.1897924085
5182.1309140166
5182.9988263292
5183.9503070132
5184.6857950324
5186.3557468102
5186.7094726009
5187.8878477675
5189.0767196136
5189.8595886617
5190.3552911284
5191.1268015980
5192.0464869560
5193.4044153437
5194.7074889016
5195.1591638537
5196.7073241980
5197.1174983317
5197.7183241762
5199.2238581991
5199.7763292299
5200.9613112130
5201.5558438742
5202.4579897222
5203.5212169496
5205.0996069950
5205.9005957048
5206.6331616787
5207.2150666822
5208.2885229399
5209.1382393017
5210.0109110486
5210.8082186998
5212.4194044695
5213.3166742421
5213.8969431920
5214.7752525593
5216.0544913523
5216.9320093412
5217.6507953204
5218.6914130084
5219.0578772201
5220.2208551742
5221.4229513231
5222.8587876731
5223.4344289378
5224.4574634957
5225.2560650966
5226.1484241055
5226.3515403824
5228.1830986721
5229.1985571992
5229.2418112590
5230.8972097094
5231.8150835883
5232.8846201924
5233.6581150954
5234.6402898887
5235.5747351660
5236.3004612291
5236.9574393649
5237.8016954020
5239.1927892082
5240.6076360411
5241.5028254598
5241.8227204164
5242.7929853887
5243.8825488686
5244.8454510014
5245.7557325176
5246.2792508569
5247.6103203919
5248.4415390161
5249.3663361317
5250.6752381042
5251.7985586265
5252.5220378667
5252.8905751484
5253.9440704917
5254.9126308709
5255.6131643038
5257.0811800645
5257.9249410075
5259.1083209604
5259.7719045218
5260.9591902460
5261.1804760472
5262.8488356863
5263.3969651017
5264.4113780176
5265.0883745351
5265.6059363275
5267.8853641515
5268.1982707780
5269.2013930211
5270.2594545049
5270.8862275260
5271.6969691152
5272.5179603600
5273.5787379684
5274.6915090154
5275.6438788780
5276.6835030254
5277.4757595026
5278.3793903825
5279.7756677178
5280.3154459812
5281.2399506863
5281.6333800658
5283.1638685599
5283.4787191860
5284.9269266292
5286.4371615576
5287.1374822053
5287.7113802261
5288.5155495978
5289.3532452215
5290.6749743480
5291.3995905093
5292.2750163911
5293.0243555148
5294.4647607140
5295.1263554752
5296.5810567192
5297.1253949196
5297.9811834394
5299.2746792379
5299.6273003199
5300.1447368711
5301.4581318092
5302.9814542203
5303.8852555459
5304.5084578549
5305.5263330121
5306.4987697674
5307.3003886362
5308.0727905000
5309.3617534819
5310.0327647270
5310.6068011120
5311.8590498917
5312.9802091585
5314.4394267918
5314.9547940495
5315.7262968593
5316.6392539062
5317.1397349059
5318.4452409592
5319.3647342979
5320.1097530103
5321.5366949977
5322.6332805849
5323.1372311121
5323.7963278757
5325.4664111430
5326.0385127921
5326.8677637898
5327.4802222830
5328.4638446653
5329.3771585933
5331.0150518484
5331.8550337827
5332.5824493389
5333.7463494527
5334.0612179574
5335.1953883515
5335.9479262272
5337.0596727606
5338.2142747717
5338.9331254649
5339.6745649869
5341.2649578586
5341.9077145569
5342.9866898335
5343.6233594330
5344.5075326124
5345.5282973417
5346.0699656154
5346.8909374218
5348.7696692817
5349.4890578401
5350.3959047724
5351.2254199258
5351.7716373835
5352.9001782071
5354.1852028293
5354.7734797140
5355.3470636756
5356.5388658287
5357.7116198923
5358.6691064418
5359.6339179274
5360.8771265313
5361.6309972921
5361.9166370168
5362.9904053266
5363.7172804770
5365.2962674192
5365.7422576806
5367.3801238522
5367.9055431147
5368.8136416011
5369.8075964526
5370.7135398137
5371.5383297505
5372.6808672583
5373.2199729472
5374.1148352126
5374.8697382450
5376.7226636586
5377.7197308689
5378.2070381300
5378.7687137200
5380.1037318828
5380.8770565108
5381.3481506970
5382.8099933705
5383.5286009884
5384.8197645236
5385.6897811336
5386.3110492482
5387.7055341289
5388.4491374947
5389.6081464938
5389.9095135614
5390.9922600830
5391.5059656271
5392.9819596830
5394.0837172525
5395.1166634276
5396.1158594717
5397.0034297268
5397.2619601579
5398.2776219952
5399.7125046405
5400.4188878683
5401.1944961854
5401.9471430746
5403.3895901152
5404.2876877366
5405.3544533228
5406.1841327441
5407.0755379967
5407.7350143839
5408.5887157675
5409.5777394760
5410.1018720172
5412.1196607388
5412.7569318616
5413.4489423384
5414.3918846551
5415.2250629637
5416.5118143091
5417.1907772930
5417.7307759665
5419.1457693656
5419.6479140173
5420.5951186182
5422.1072015444
5423.3642850301
5423.5828399973
5424.9901375016
5425.2055793317
5426.0774736215
5427.3277872672
5428.2007935075
5429.3070694776
5430.0932323946
5431.5185504619
5432.0813005637
5432.8670618737
5433.9393146580
5435.2245106694
5435.6142141611
5436.6584006721
5436.8206449301
5438.4860779024
5439.8749473818
5440.6451601320
5441.5650503606
5442.1971965408
5443.2835397124
5443.7951373207
5444.9669595699
5445.9250270997
5446.7652478728
5447.8619983013
5448.9084132864
5449.4276301676
5451.3094076604
5451.6667756127
5452.3309502021
5453.2764258971
5454.2327660910
5454.9485555106
5455.8679639829
5457.2543358316
5458.7156450868
5459.0621826107
5459.7145139434
5460.8155441648
5461.6829688309
5462.7450005495
5463.7645545437
5464.2438752268
5465.0832415098
5466.4183062458
5467.7904449920
5468.2445355538
5469.4808883876
5470.2200686724
5471.0828731415
5471.7608669197
5472.2640376932
5473.9252041884
5474.8714529016
5475.7494368241
5476.7488938014
5477.6719406187
5478.4634364578
5479.3968147598
5480.6548058014
5480.9567332022
5481.9937340777
5483.0668516898
5483.4731489684
5485.3795303349
5486.2509580786
5487.1586423257
5487.8144482031
5488.2394697865
5489.5398863100
5490.6064772024
5491.1984884618
5492.1370506014
5493.7924691268
5494.0384805831
5495.2808754625
5496.0897272754
5497.3734903962
5498.1741239451
5498.6335653052
5499.6127975087
5500.3539836459
5501.3312242234
5503.2116944788
5503.5225362393
5504.5794910405
5505.5719358287
5506.3300114855
5506.9081798982
5508.0170095011
5509.2912306766
5509.9459303023
5510.5442648133
5511.7577738752
5513.1099580562
5514.0018487044
5514.8444620981
5515.5014829554
5516.6296566661
5517.1616334108
5517.9482995564
5519.0958376070
5520.2153979388
5521.6142047532
5522.2496309941
5522.9700464657
5523.6013509775
5525.2397823503
5525.7171223291
5526.6627652237
5527.3553324687
5528.1664125018
5529.6609340204
5530.2031592492
5531.9296126028
5532.4611173646
5533.2758252773
5533.9533584762
5534.8107890074
5535.6568683245
5536.8995250561
5537.7909083690
5538.7407273182
5539.8145850790
5540.6945831433
5541.5763515439
5542.7646460567
5543.1132566728
5544.5152086086
5545.1929991632
5545.6678952220
5546.5353045785
5548.5239196611
5549.3588398145
5549.8348231425
5550.8078997790
5551.9299117497
5552.2079471168
5553.6597897859
5554.2385999438
5555.4024307954
5556.1992457438
5557.3639224562
5558.2020044967
5559.2481786027
5560.3672117770
5561.3101352138
5561.7915487980
5562.2618844463
5563.6378709008
5564.4301625508
5565.5662173270
5566.9121772571
5567.6443186522
5568.7985801220
5568.9129337704
5570.0063561733
5571.4378677770
5572.1755812084
5572.5860242257
5573.8995294050
5574.4412838834
5576.0647624329
5577.1836792813
5577.6722768284
5578.6446443737
5579.4959164928
5580.3332703764
5581.0255737836
5581.8222771938
5583.3891914185
5584.3237408908
5585.2445709560
5585.7087170082
5587.1600812746
5587.8865252812
5588.7510611855
5589.6917271711
5590.3851731389
5591.4009636239
5591.9252407926
5593.5556170292
5594.5745942826
5595.7113747119
5596.2277366821
5596.8566168296
5597.8417689552
5598.6060068128
5600.1621503098
5600.5497470476
5601.3007509666
5603.0813626518
5603.5648400507
5604.3472543495
5605.6446541874
5606.5425795459
5607.2731787194
5608.0054035031
5608.6955821638
5609.5638959250
5611.1467437537
5612.1571146436
5613.1214002815
5613.7278969967
5614.4922879169
5615.7410264380
5616.2545247962
5617.3202714376
5618.2890895741
5619.2680820173
5619.9023945193
5621.0233916610
5622.4886041423
5623.4136258431
5623.7771201067
5624.7555791353
5625.5921847434
5626.5022427119
5627.2131872082
5628.3484624442
5629.8906487979
5630.3805022298
5631.5202880396
5632.1974651554
5632.8471000056
5634.3700162119
5635.0162508076
5635.9294702745
5636.2366944815
5637.4902370625
5638.7887144579
5640.1342525916
5640.3857109664
5641.8722507685
5642.4633990978
5643.0933194406
5643.6631274878
5645.3281174149
5645.7690160953
5647.1615765735
5647.8572069768
5648.9744629931
5649.8007569254
5650.8390752329
5651.8834184628
5652.3454795792
5653.4073562053
5654.1921513735
5655.0003727625
5655.8192526237
5657.8667387159
5658.4112474599
5658.9212158886
5659.8944128727
5660.6304228027
5661.9296967612
5662.4574511480
5663.5572482490
5664.3367082563
5665.4604598019
5666.4726157784
5667.3161704627
5668.5253156093
5669.4727679003
5669.9785638137
5671.1496590682
5671.4799591543
5672.2909548909
5673.9371583971
5674.8149951255
5675.7075287403
5676.9725365228
5677.3850260825
5678.3479088818
5679.1139039848
5680.3390450531
5681.2415651372
5682.0991699247
5682.2881501468
5683.9705090433
5685.1237934848
5686.0935412255
5687.0245197311
5687.4818565480
5688.3638444700
5689.5086317873
5689.9526950616
5691.1409457707
5692.2052179588
5693.5896086972
5694.3119665283
5694.6092174683
5696.0319173720
5697.1720496683
5697.9020796250
5698.3747478280
5699.3729931970
5700.4810143481
5700.9838723956
5702.7328114453
5703.6162278116
5704.5058406104
5705.1779271080
5706.0774143267
5706.5960757480
5707.7686522513
5709.0394244437
5709.5203691322
5710.6017409348
5711.5592249693
5712.8158712283
5713.7938441011
5714.0997546959
5715.6336443587
5716.3335604859
5716.7502791523
5717.7714966029
5718.4723395817
5720.3633899992
5721.0505347320
5721.9643234863
5722.5913579478
5723.7790459938
5724.1633579354
5725.6711409153
5726.2333868789
5726.9887435360
5728.1207002543
5729.1523768531
5729.8831931872
5731.3478621153
5732.3411891472
5732.8820931798
5733.5999679101
5734.2890926866
5735.4489924202
5736.3254169475
5737.2552610809
5738.6098198418
5739.5696344323
5740.3118947992
5740.8653721815
5742.1466985133
5743.0060629221
5743.8919935557
5744.8575304272
5745.3163950429
5746.1050372940
5747.9443512672
5748.7376213288
5749.8400455984
5750.0724189411
5751.5106786575
5752.0225804542
5752.7253534146
5753.6884382323
5755.2670014954
5755.6667685044
5756.7647684719
5757.9420079780
5758.4753407269
5759.8966834653
5760.6461079484
5761.1316450544
5762.4519067412
5762.7339074551
5763.8322809464
5764.9635567151
5766.3053890902
5767.3829189227
5767.9850958061
5768.7081113073
5769.2173794899
5770.6818869924
5771.7177429727
5772.1103109136
5773.0859862232
5774.2691437362
5775.4049016664
5776.0525098710
5777.4000763852
5778.0911217564
5779.0052011007
5779.6615554909
5780.3785972036
5781.2539219511
5782.4004667947
5784.0484325181
5784.4684673157
5785.2128945344
5786.4935754014
5787.1348788001
5787.9694409447
5788.9857998250
5789.9543513211
5790.6922670307
5791.5469762175
5792.2895936352
5794.3019077881
5794.6687815962
5795.5639397378
5796.4190406692
5797.2178392361
5797.8842821934
5798.9396642547
5800.0410302744
5800.7192773205
5802.3717184072
5802.7811360746
5803.8712062581
5804.4094090317
5805.8201887538
5806.7986610088
5807.3739496196
5807.7863833884
5808.9500495470
5810.0332031913
5811.3568211786
5812.2047882910
5813.3450515665
5813.9464149290
5814.4993273154
5815.6247142498
5816.2956702028
5817.6871419558
5818.2921587571
5819.2638736607
5820.3230724836
5821.1995803177
5822.5549323619
5823.1601205901
5824.0344461960
5824.6440707503
5826.0224176855
5826.4371664732
5826.8943136232
5828.8903229570
5829.8843973420
5830.5910343464
5831.3486198286
5832.0104379951
5833.3207489877
5834.0007713261
5834.9352420186
5835.9525975277
5836.4097757935
5837.6948169374
5838.8878117706
5839.6571488896
5840.8707457801
5841.7732446966
5842.2573472611
5843.0040161636
5843.7455040571
5845.0435407789
5846.1223464757
5846.8589671536
5848.1829874154
5848.9969583433
5849.6615173756
5850.4892681385
5851.7110597599
5852.6681455885
5853.0955545949
5854.1915399720
5854.7154917729
5856.0942288939
5857.8438093414
5858.0833583095
5858.8339530601
5859.8613972520
5860.6493829998
5861.4348689859
5862.5574282977
5863.0940385133
5864.6567636064
5865.5227925106
5866.0402353246
5867.2015469814
5868.5436609747
5868.9869170350
5870.0089918557
5870.7188846479
5871.4197244976
5872.4027948563
5873.3875937064
5874.8815882083
5875.7983581543
5876.3749636215
5877.6097486067
5877.9332939195
5878.6762144787
5880.4632847268
5880.7095609276
5881.8250241206
5882.2705161724
5884.0328262449
5884.6842500480
5885.7447305404
5886.6211911650
5887.4863003887
5888.3875765342
5888.8454705217
5889.6982918348
5890.8426893576
5892.2258482935
5893.1210916700
5894.0856132198
5894.5444108634
5895.5571336520
5896.8146258741
5897.5285083952
5898.0456155928
5899.3352944032
5900.0261307682
5900.8328837958
5902.1606602143
5903.4591043362
5904.3592248500
5904.7866496490
5905.3779042970
5906.6542948343
5907.3056044814
5908.3041303780
5909.4323160047
5910.2974286392
5911.4891765770
5912.3324122209
5912.9352966125
5914.1156665417
5915.0195767541
5916.0883325807
5916.4411691280
5917.3808909682
5917.9754179607
5920.0555508690
5920.5384765115
5921.4384185630
5922.5520800878
5923.1064805276
5924.0239182059
5924.6125679970
5925.9826521123
5926.8678068976
5927.4793564339
5928.8991619846
5929.3453828975
5930.8603628944
5931.5701348644
5932.7360655474
5933.0335365596
5933.9878980435
5934.8299813073
5935.9483473276
5936.4651473292
5938.2876799882
5939.2653032668
5939.6958387114
5940.3790998531
5941.4418948044
5942.4677361538
5943.5439791745
5944.1302466243
5944.7254133711
5946.1433319907
5946.8200626530
5948.3016138694
5949.1424263126
5949.7777063515
5950.9890843930
5951.4301216744
5952.2619025846
5952.9026187681
5954.4659957607
5955.3421384767
5956.3659140610
5957.0276929493
5958.3326401014
5958.8664574954
5959.8765166050
5960.7406930761
5961.7886625475
5962.5742458857
5962.9435595131
5964.1465334596
5965.7365091676
5966.6195151436
5967.4331332314
5968.1789187431
5968.7358787850
5969.7796802067
5970.8442167667
5971.6049715427
5972.4853684051
5973.6209022483
5974.8862111795
5975.3561632299
5976.1419018925
5978.0265904193
5978.1393097258
5978.8326703528
5979.8622885781
5980.5926133334
5981.5062607993
5982.9149767637
5984.0126156400
5984.7928175068
5985.6690346699
5986.4191452051
5987.0559195177
5988.3138414631
5988.9739482508
5990.2942848736
5990.8097551429
5991.4729854301
5993.0846536146
5994.0572331747
5995.0245324945
5995.4095406511
5996.6094655385
5997.3925056888
5998.0529197527
5998.7347949433
6000.1210209984
6001.4955190899
6002.1545896334
6002.9148383456
6003.8785193652
6004.5918207249
6005.8557849423
6006.6780286150
6007.3255659076
6007.9782874578
6009.2045403796
6010.1908204104
6011.2530254285
6012.6511226353
6013.0472456456
6014.0423731698
6014.6638693794
6015.1614673001
6016.7368037038
6017.5305428991
6018.1804745295
6019.6502858360
6020.4854771655
6021.0785336850
6022.4969915370
6022.8660867510
6024.2359286215
6024.7658221549
6025.6529890588
6026.3284293682
6027.1499893550
6029.0838793362
6029.8713364906
6030.3665655453
6031.1905524938
6032.2741148066
6033.1467313313
6033.6449772084
6034.9421326299
6035.7823576053
6036.7351044642
6037.6218149707
6038.6208190101
6039.7801884621
6040.7479294743
6041.3982409933
6042.3976522372
6042.6686440645
6043.9950102690
6044.5525721239
6046.1815219542
6046.7969323962
6048.2636073614
6048.9526458645
6049.2411429916
6050.2461281223
6051.6269710339
6052.4397392937
6053.0674139243
6053.7788460365
6054.8041645580
6056.2608862322
6057.0728421162
6058.0008762707
6059.1344937858
6059.4668287284
6060.3416275930
6061.4936198223
6061.7939117477
6063.2536872077
6064.5933999326
6065.1044465942
6066.1425739326
6066.8299343789
6068.1653527872
6068.8843778479
6069.5697098815
6070.4567309486
6071.6071243797
6071.9870317371
6072.9869302816
6074.8357518810
6075.4562098805
6076.3195804109
6076.8965954288
6077.9235255979
6078.4642570004
6079.7253725148
6080.8175946399
6081.1771706529
6082.5010837070
6083.6440167579
6084.3830073657
6085.2309051624
6086.3255569126
6087.2783923644
6088.1447680715
6088.5375414047
6089.1286160197
6090.7171531071
6091.6898817685
6093.1923353256
6093.2834268177
6094.5502613300
6095.3311933800
6095.9117283181
6097.0967284894
6098.0714980105
6098.7868880809
6099.6670652470
6100.7139396348
6101.5426360107
6103.1110620563
6103.8908360077
6104.3699865460
6105.0801123186
6106.4279379481
6106.6988707873
6107.8883982795
6108.6837807169
6110.5310114760
6110.8309961548
6111.8445328475
6112.4644353848
6113.5526174740
6114.7618917533
6115.2747915438
6116.1674959306
6117.0907532911
6117.5523594277
6119.2159978424
6120.2815346974
6120.9333016864
6122.0943987585
6122.8574249196
6123.3566079728
6124.1388832208
6125.1726198802
6126.5685865193
6127.1302213940
6128.0468631298
6129.2687515480
6130.2916064646
6130.6867686493
6132.1216873971
6132.7623534868
6133.4898927042
6134.4550516680
6135.1430749220
6135.8926132006
6137.7813893201
6138.4456013903
6139.5893469588
6139.8132398338
6140.6758633828
6141.8723587562
6142.9114516403
6143.3566661032
6144.4058672078
6145.5053640439
6146.6043296047
6147.0700234476
6148.5931139456
6149.3989252301
6150.2753741043
6150.8798878706
6151.5725020813
6152.5855990272
6153.3263656532
6154.8056384235
6155.7048099016
6156.7374644946
6157.3811286499
6158.3976861731
6159.0969471901
6159.8294689958
6161.4293689456
6161.8272536968
6162.4155624124
6163.3784774443
6164.7732205176
6166.2005134346
6166.4830489940
6167.4645313594
6168.3798096802
6169.3947364677
6169.5381526484
6170.8200081091
6171.9204747715
6172.8399304581
6174.2350699624
6174.7475424133
6175.3090137055
6176.7441622028
6177.6304044496
6178.4102856321
6179.0944869176
6179.7646816141
6181.0128257553
6181.6784207467
6183.0624803347
6184.3363165825
6185.0799748642
6185.4601037005
6186.4572839681
6187.1267507233
6188.4586833604
6189.1180296816
6190.1697958873
6190.9266659715
6192.0972860288
6193.1334311444
6193.9028241929
6194.9652740925
6195.6720789905
6196.6647521258
6197.3870632571
6198.0653895607
6198.6522165613
6200.6740344642
6201.5930885088
6201.8325696394
6203.1909107373
6203.8678762420
6204.5856561869
6205.7313423312
6206.5130256854
6207.3536773670
6208.5620861274
6208.8139724108
6210.4700301630
6211.2078165472
6212.5496860580
6213.1879769005
6213.7999999574
6214.5013047296
6215.4009570168
6216.6682921624
6217.1888589088
6218.5171198636
6219.8442202033
6220.2768661684
6221.3501275627
6221.6413009610
6223.4477089274
6223.8547869597
6224.7324473125
6225.4706780814
6226.2328835662
6227.4500453273
6228.8328409275
6229.7615844184
6230.3237497961
6231.1869842141
6232.2342369644
6232.8114907008
6233.4361506352
6234.9053560279
6235.6918115288
6236.8717972138
6237.4011880515
6238.5077901501
6239.7202987492
6240.5184324882
6240.9874783376
6242.2637426483
6242.9161281104
6243.5365712060
6244.4675010071
6245.8463537928
6247.2208038950
6247.7659004126
6248.6175900566
6249.2235672025
6250.1259980327
6251.1608300385
6252.3377216812
6252.9606416239
6253.3726994330
6255.2123825931
6255.7099957149
6256.7379881036
6257.8219137679
6258.8631422019
6259.5111305034
6259.9691344804
6260.9418656020
6261.7768464224
6263.0659049317
6264.1992774514
6265.0608982770
6265.9721253061
6266.6457359225
6267.5604865762
6268.6252667546
6269.2673555665
6270.3491488746
6271.1487717573
6271.9643633960
6272.5861829807
6274.6193340581
6275.1339819845
6275.8466938883
6276.9161647081
6277.2291948827
6278.6075957089
6279.1224620960
6279.9931486654
6281.4060479665
6282.2758129100
6283.2204079017
6284.0542802780
6284.7884111190
6285.8990706630
6287.1737430244
6287.4259529408
6288.2112454093
6289.1148318931
6290.0370065991
6291.5496520246
6292.3299148686
6293.2973357199
6294.3493296540
6295.0061813060
6295.2215688572
6296.5465919278
6297.7712558646
6298.4586901605
6299.1727455745
6300.3748873808
6301.3832208777
6302.2302597398
6303.4907716134
6303.9491793886
6304.9003918517
6305.7478583861
6306.5572913464
6307.1447208755
6308.2538245159
6309.9398100251
6310.8377560451
6311.2010657503
6311.8793971954
6313.3210214668
6313.8259119463
6315.0310087232
6315.4839798563
6316.7696008663
6317.2557600986
6318.6031431270
6319.3824786119
6320.9188803378
6321.4154998021
6322.1181866943
6323.1825944449
6323.6890612239
6324.3485034938
6325.9911573319
6326.5506986060
6327.7093295961
6328.7689715019
6329.6650954985
6330.2404063555
6331.1084247553
6332.3461511087
6333.1963461473
6333.9160509275
6334.4106848817
6335.3568997716
6337.0442488101
6337.8220381985
6339.0419574683
6339.2488089491
6340.4414396554
6341.0292390959
6341.9541591698
6343.0259189053
6343.6395776766
6345.1245723549
6345.8127815958
6346.7085882925
6347.5127748394
6348.8647749757
6349.6946503247
6350.3493660181
6350.7979040431
6352.1240956468
6352.8240419165
6353.4872361912
6355.4081078789
6355.9301309004
6356.9841069329
6357.6068576585
6358.3157018476
6359.1696238103
6360.5034485208
6361.1081143712
6362.0824990571
6362.6853618307
6363.9008395480
6365.2835837444
6365.8523210210
6366.6713533454
6367.9588135330
6368.4380942197
6369.2458829992
6369.7702290238
6370.8980504479
6372.4156823938
6373.1731524521
6374.0535343585
6375.0324049089
6375.5991956355
6376.7645491701
6377.5114399442
6378.5501457301
6379.2466241888
6379.9594097956
6381.1436652322
6381.8480390615
6383.4102389121
6384.4592190165
6384.9204885112
6385.5782035081
6386.3570771187
6387.5282941058
6388.1978505167
6389.3608533683
6390.0061522126
6391.6866454839
6392.1873286776
6392.7185751579
6394.0650738855
6395.0317407008
6395.6688696076
6396.7292597973
6397.3611306925
6397.7860811709
6399.1766403473
6400.7462386578
6401.3236259252
6402.1752906221
6403.1108865871
6403.8613975152
6404.7670397308
6405.1789619486
6406.7482838595
6407.6129528186
6408.0771609178
6409.2790211899
6410.3538013358
6411.3844693288
6412.2475584401
6413.0404200588
6413.8334513751
6414.5702900683
6415.4620761358
6416.1759089607
6417.3780528560
6418.7925996432
6419.6920228611
6420.1825786277
6421.2559358279
6421.4912286443
6423.4144861767
6423.7645089538
6424.4014616013
6425.3997473352
6426.4800141816
6427.4015283610
6428.5875837387
6429.4688486927
6430.6945719815
6430.9181861336
6431.9816832441
6432.4333030802
6433.6223874858
6434.5149440244
6435.7746526791
6436.9051859377
6437.1234066033
6438.7404810045
6439.1406186347
6440.1252264208
6441.1405738430
6441.8940994064
6442.8975336732
6443.5652661809
6443.9783720871
6445.9715152836
6447.0221741230
6447.4746181718
6448.2461328663
6449.3320547240
6449.8962087862
6450.7704490314
6451.9650727745
6452.6168093880
6453.6817856677
6454.8613073752
6455.6908206224
6456.2437584682
6457.6538678821
6458.6586110724
6459.0678274304
6459.9528313208
6460.5346394762
6461.6147841913
6462.8528141058
6463.7240971460
6465.1437208132
6465.7438739669
6466.2957337005
6467.1934478237
6468.0927909564
6469.1311251905
6470.1973573280
6470.7010778167
6471.5604574791
6472.7802015902
6473.7986486967
6475.0214934930
6475.7277546060
6476.1131239225
6477.4817057631
6478.0271766246
6478.8313429327
6479.4311392180
6481.2736791575
6482.0027903713
6483.0067046099
6483.4501897942
6484.5193232773
6485.7132093266
6486.1633742616
6487.4452152624
6487.8302168132
6488.9266207809
6489.6225759310
6490.9060978725
6492.1902104334
6492.8134865151
6494.0047106933
6494.6221253186
6494.8664540957
6496.0079747249
6497.2793082776
6498.0387694605
6498.8348632579
6500.0316894807
6501.2074539918
6501.6651843521
6502.5669722209
6503.7015434935
6504.7325097962
6505.4087299941
6505.6679006319
6507.1370200764
6507.4777526279
6509.6182528023
6510.0582081389
6510.8920540601
6511.7262231925
6512.5669384012
6513.3609451483
6514.3826242695
6515.0526478595
6516.1712902892
6517.2403308447
6517.8613878469
6518.8081974508
6520.3204926510
6520.9099649399
6521.7888723863
6522.3715970809
6523.3773191262
6524.0891230530
6524.8987640443
6526.0825626907
6527.4317663640
6528.1879044652
6529.1036098317
6529.7610239403
6530.4276717558
6531.5987075019
6532.6935671378
6533.4914294060
6533.8713870725
6534.7629370121
6536.4700536984
6537.0546502137
6538.1426004024
6539.1699845480
6539.7249609849
6540.6389067602
6541.3546591552
6541.8623945831
6543.5176570495
6544.1175088667
6545.4067613055
6546.2038531435
6546.9261871866
6547.8493607571
6549.1298631003
6549.6917893536
6550.2834491959
6551.6067506060
6552.1379136513
6552.8226867857
6554.1886968308
6555.7768666742
6556.2901641576
6556.9327876032
6557.5508661840
6558.7102656961
6559.4594730937
6560.4852362485
6561.2463759420
6562.2609582553
6563.3694219957
6564.1660041974
6565.2258967254
6565.9164636789
6567.2221237042
6567.8109429586
6568.5851106736
6569.3193542068
6569.8662890551
6571.3493970801
6572.7685405385
6573.1662637394
6574.2300846454
6575.2793642684
6575.9210417363
6576.2900077329
6577.8424447274
6578.6683405450
6579.2817267666
6580.2531324755
6581.1067267925
6582.3662350174
6583.6479898935
6584.0250652367
6585.1521492591
6585.7660657493
6586.3651176076
6587.6799350190
6588.1335345150
6589.2102101946
6590.8632052774
6591.4910485930
6592.1440112287
6592.8459500101
6594.0350624294
6595.1821413816
6595.6727795840
6596.5002045227
6597.2651703197
6598.3406954837
6599.1760467684
6600.7537804547
6601.3474579844
6602.3905279886
6602.9777534817
6603.8971388371
6604.4271671390
6605.3995543403
6606.6945807880
6607.7654741891
6607.9677817891
6609.7419179662
6610.0944156773
6611.3867973960
6612.0079752670
6612.9079775018
6614.1038293904
6614.5253543517
6615.2456046734
6616.0013210931
6617.8231203416
6618.5825987543
6619.5982038803
6620.2436530818
6620.8018462204
6621.8975934444
6622.8961502637
6623.5749683538
6624.6637194629
6625.2501257906
6626.6362873005
6627.4602417620
6628.0618366526
6629.8912811034
6630.1104184300
6631.0382682165
6631.5476981833
6632.5486567118
6633.4840020207
6634.3525981346
6635.6967754907
6636.6542873383
6637.6253636813
6638.0904738505
6639.0757533705
6639.8595624356
6641.0551208324
6641.7862286419
6642.6442836337
6643.2925475423
6644.1199028684
6645.9184023722
6646.6117955385
6647.3224238632
6648.0779195973
6649.3840899336
6649.6473519765
6650.3831349799
6651.5451394338
6652.5836610100
6653.9412406792
6654.3662684862
6655.3345734485
6656.4461146773
6657.0537554928
6658.3357072294
6659.0550778316
6659.5218423207
6660.5035555987
6661.4616489334
6662.3467206316
6663.7190226783
6664.8729169505
6665.4329169540
6666.2360979258
6666.8083530825
6667.6163508993
6669.0973622698
6669.8100095176
6670.1757023140
6671.7137788089
6672.5264653951
6673.5394181821
6674.2543595539
6675.6081272352
6676.0210795149
6677.0340620707
6677.7736023134
6678.4381978689
6679.1473004229
6680.8900980382
6681.8851272416
6682.5656403067
6683.1846178115
6684.3230871450
6685.0846373654
6685.9362443195
6686.6563497515
6688.0407419208
6688.5035021352
6689.2599354618
6690.5087075285
6691.7049200093
6692.6475412547
6693.4996518711
6693.9815160361
6694.8237028849
6695.9389818363
6696.2723106469
6697.7790046865
6698.5076796229
6699.7616392181
6700.8713681815
6701.3757982369
6701.7846783305
6703.3368066779
6704.2705894934
6704.8736860154
6705.6401061657
6706.2140759978
6707.5351686326
6708.7210486897
6709.7269916993
6710.5451763896
6711.5030246580
6712.0899038681
6712.7317599295
6713.8253453854
6714.5524638909
6715.8655763875
6716.5583659726
6717.8096750114
6718.1865197125
6719.5596872051
6720.6261961731
6721.0434293197
6722.0476682493
6722.9141702548
6723.6497849451
6724.5732844185
6725.0628012404
6727.2034842134
6727.8613530288
6728.1910872990
6729.4860190965
6729.8952372932
6730.9349466616
6731.9612488798
6733.0131972726
6733.3526519700
6734.4914113336
6735.7445237748
6736.4096053578
6737.6512279005
6738.2971810919
6739.5524138122
6740.2617217349
6740.4576974930
6741.3665276175
6742.6740483327
6743.6721832454
6744.7251465062
6745.6708498320
6746.5930808798
6747.2424378906
6748.0291724198
6749.0310102373
6750.2136853422
6750.6017595397
6751.7863257114
6752.1780203611
6753.4369047571
6754.8008702747
6755.9290607213
6756.3490561646
6756.9879122688
6757.9688181857
6759.0405869611
6759.5019321283
6760.4624594006
6761.7201803248
6762.8714939117
6763.5508051039
6764.3154309665
6765.1775070035
6766.6264183438
6767.0553878421
6767.8264974440
6768.7627294729
6769.5856768371
6770.0938793964
6771.9551484249
6772.4956929951
6773.7403830495
6774.5729468026
6774.9938401081
6776.1466850024
6776.3592359974
6778.0948595143
6778.6841720788
6779.5860180712
6780.2175371077
6781.8939876244
6782.3535936585
6783.3530365925
6784.3693411232
6785.2264557470
6785.7834153640
6786.8600122010
6787.1907233063
6788.3592879177
6789.7956429943
6791.0289154554
6791.3764097155
6792.1966989817
6793.0615934446
6794.0966238442
6795.0078156681
6795.8969192498
6796.2955550039
6797.7741358809
6798.3666256149
6799.2733223550
6800.7720514174
6801.6569882804
6802.2241324159
6802.9571303397
6803.9059594806
6804.3696224049
6805.7317855789
6806.4014677431
6807.6895860814
6808.6903015968
6809.4030801638
6810.3663311813
6811.1570363901
6811.8507648377
6813.2421603137
6813.9373106083
6814.4624659532
6815.0810963071
6816.3353386474
6817.9574783219
6818.5956481092
6819.2003788657
6820.3894956362
6821.0290543050
6821.7006400494
6822.5037195187
6823.6872030332
6824.6190850227
6825.4308334302
6826.6945587271
6827.2151958398
6828.1960241159
6829.6003998804
6830.0830273782
6830.8702136209
6831.5450282546
6832.5562382351
6833.3892604219
6834.1778586524
6835.8016281187
6836.6543393084
6837.6080076633
6837.9619271283
6838.5736553179
6840.1609591582
6840.6294440188
6841.6521288083
6842.5684067409
6843.0977168122
6844.5420694265
6845.3955965466
6846.4376006493
6847.2308691247
6848.2113147791
6848.7759082036
6849.8796682621
6850.1137165741
6851.1159112702
6852.9886394475
6853.3664850791
6854.3634670968
6855.2924918169
6856.2622832564
6856.7601316716
6858.0494118006
6858.5584292144
6859.9224639594
6860.1878588994
6861.1083056614
6862.2515523262
6863.6615606620
6864.4680787144
6865.3201962296
6865.9475333296
6866.6059574223
6867.5072917433
6868.5821536417
6869.5691277477
6870.0249345508
6871.7890738567
6872.3724483820
6873.0727236140
6873.9346940342
6875.1533240996
6876.1453158617
6876.6981174103
6877.2376465769
6878.2588631246
6879.1124218129
6880.3779424106
6881.6880383842
6882.4451973585
6882.8385772111
6884.1813014668
6884.7013842785
6885.2632827503
6886.6236611191
6887.5499683083
6888.2509928671
6889.2896810882
6889.9772755091
6891.5373728355
6892.1827382606
6892.9509765021
6893.7499415605
6894.7257962912
6895.6153871723
6895.8403119755
6897.0820032259
6898.5023430141
6899.5604146786
6900.3187429902
6900.8581097548
6901.8343153210
6902.5786768722
6903.9379982273
6904.5351863649
6905.1406614386
6906.0940628946
6907.1400326304
6908.4422818981
6908.9030895413
6910.4722556987
6911.0489245631
6911.8199068311
6912.1921445763
6913.3035555474
6914.1875433711
6915.3291173157
6916.2450639289
6917.2164684241
6918.3575870138
6918.8173566631
6919.7503510561
6920.9674734147
6921.4838279352
6922.4809739992
6923.3540340459
6924.1458840357
6924.4604278194
6926.6548313660
6927.2867978377
6928.0716632566
6928.7194318980
6929.6270519131
6930.5288900496
6931.3450586500
6932.0232508074
6933.3045725242
6934.1845359832
6935.0453708948
6936.1081343424
6936.7387490303
6938.1424600696
6938.6768249981
6939.7281744167
6940.3113446038
6940.8026495799
6942.0494003246
6942.9477985506
6944.3121639190
6945.0715005634
6946.3114645583
6946.6613911008
6947.4726319635
6948.1439686133
6949.5842467285
6950.5580318393
6950.7787188004
6951.7317567707
6953.1707172409
6953.8076364829
6955.2615585520
6955.7884415348
6956.5460436366
6957.7559937039
6958.0328916598
6958.9808432888
6959.8165664848
6960.9014797515
6962.6074120617
6962.8702259966
6963.6802844814
6964.5336840791
6965.7967867550
6966.4786353988
6967.1409980810
6968.3165010866
6968.8018283389
6969.9322377610
6970.5353687437
6972.0959361458
6973.2624145969
6973.6546564891
6974.5915106708
6975.2951979542
6976.0082576629
6976.9190544907
6978.1816150189
6978.8423931590
6979.7628434174
6981.0043321766
6981.9768666838
6982.3974155796
6983.3852898480
6984.8438748442
6985.1517218562
6986.0036749610
6986.8506336755
6987.2541263228
6989.0318704652
6990.1131716537
6990.6787113348
6991.9395201704
6992.2754982558
6993.1590838275
6994.1099784176
6995.0393397330
6995.8193518757
6996.8869758704
6997.8086973489
6998.4987952221
6999.6826786546
7000.7176875888
7001.8559008908
7002.3528358515
7002.6915086805
7004.0437234993
7005.0628661749
7005.1005646726
7006.7396623839
7008.1147420574
7008.8174736333
7009.3677507071
7010.3540804724
7011.0005018798
7012.2361459790
7013.1584342236
7013.7064264790
7014.6298801551
7015.2804669242
7016.7216102957
7017.8354358236
7018.4822238077
7019.4377969460
7020.4358773825
7021.0230661093
7021.6575572472
7022.2952244440
7024.0428320316
7024.4551657024
7025.6993040462
7026.5947237318
7027.3083066637
7028.4544744275
7029.0267363814
7030.1609378124
7030.9164806782
7031.7359080857
7032.3267893932
7033.3748332997
7034.2920198752
7036.0429834502
7036.5903282383
7037.2876509712
7037.8263787917
7038.8921591178
7039.7246908531
7040.8283120588
7041.3804673400
7042.3671906902
7043.6602314219
7044.6448955463
7044.8316353171
7046.4871851807
7047.2250720493
7047.9484384542
7048.9494018640
7049.2802725167
7050.2972131718
7051.1260756033
7052.7311019982
7053.5298314098
7054.2293257763
7055.3622543259
7055.9860049434
7056.6147581348
7057.6408593335
7058.6297804537
7059.8895968937
7060.0465707718
7060.8973003468
7062.3966718275
7063.5166987922
7064.1115433912
7065.1493285259
7065.7838285807
7066.7006574752
7067.2322755078
7068.4076646475
7068.9108235849
7070.6317755418
7071.2575490387
7072.4371150546
7072.9831875615
7073.4666629949
7075.0671364148
7075.8908735534
7076.3424641502
7077.0659124720
7078.2716188654
7078.9318908042
7080.1373042624
7081.3290455679
7082.2786421999
7083.0242062120
7083.6207341810
7084.2990677968
7085.2487287979
7086.3067314392
7087.1862392373
7088.1727756465
7089.0624819204
7090.0423383540
7090.9947739089
7091.8675038729
7092.6763422513
7093.5025117623
7094.6886959515
7095.0857203831
7095.7256025616
7096.6341056383
7098.5430922999
7099.1057477063
7100.1486095188
7100.3746741316
7101.8050607782
7102.3263504949
7103.0385862809
7104.5103860602
7104.8536534293
7105.8402046179
7107.0894071191
7107.7345433917
7108.7760716958
7110.0018605789
7110.8902942491
7111.1962203685
7112.2805529461
7112.7003322338
7113.8749065986
7115.0042760765
7115.6667291770
7117.4122243246
7117.7509257345
7118.5333358362
7119.2836653607
7120.2507690532
7121.4215168822
7122.2058517736
7122.7165942780
7123.6813705825
7124.4890581083
7125.9158368574
7127.0351118994
7127.5698832378
7128.5643265824
7129.1141478366
7130.3299851236
7130.7107171387
7131.4608145450
7132.8748077579
7134.0039376570
7134.7231141550
7135.3846228341
7136.6407491827
7137.2882359535
7138.4676860631
7139.0269028436
7139.8571392718
7140.7938420974
7141.5468921895
7142.1721951632
7143.9710770695
7144.6426720747
7145.7068914912
7146.3858833167
7147.1522142470
7147.4213422560
7149.1028313039
7149.6906493653
7150.6753863735
7151.2410407227
7152.6731383488
7153.6294144302
7154.1835651470
7155.2230165587
7156.4837670966
7157.0695736996
7157.5600091340
7158.4797215591
7159.2306103929
7160.3324454347
7161.8151723212
7162.6379870168
7163.1374871992
7164.3719359186
7164.7119871433
7166.0425268623
7166.5324473895
7167.5956139114
7168.6439151006
7169.1920358569
7170.1615016055
7171.1357059605
7172.8067442729
7173.3550881878
7173.6227709057
7174.9079559754
7175.5474785198
7176.3807459809
7177.1358200867
7178.2804382690
7179.3693265602
7180.5576719654
7181.1407981886
7181.8556623612
7182.7616478774
7183.8504951167
7184.7208597122
7185.7253225737
7186.0279413119
7186.6896664286
7188.3225945088
7189.1456904994
7190.2946128429
7191.0679009378
7191.9837333126
7192.6823987279
7193.2210501470
7194.0537412910
7195.4217907123
7196.1877627654
7196.9578142002
7198.1436063640
7198.9934532068
7199.7444786346
7201.0571497771
7201.5777940241
7202.4814148231
7203.1720446869
7204.2654863569
7204.7640224492
7205.5230769748
7207.4450171147
7208.1901708541
7208.9277242117
7209.3835500258
7210.4137885773
7211.3353234957
7212.3633967686
7212.9634077016
7213.8367667674
7215.1019575428
7215.5327295219
7216.9530960552
7217.7108670569
7218.7312853138
7219.7130451591
7220.4321475465
7220.7847119728
7221.8580482324
7222.5388632526
7223.9613295091
7224.9602757932
7225.6646372854
7226.8262324212
7227.6706520978
7228.1049734355
7228.9639845929
7230.5789798498
7230.7818965572
7231.7121682260
7232.5073372223
7233.3057256019
7235.0324103579
7235.5920476010
7236.7152931417
7237.2927009882
7237.9238155497
7239.1071383586
7239.4928249026
7240.7445745801
7241.3837375229
7242.8130034288
7243.9083678025
7244.1947398838
7245.0483511709
7246.5219716617
7247.1727432117
7247.9801351649
7248.5588773260
7249.5755158203
7250.3113068822
7251.2355731522
7252.5791333344
7253.7769677205
7254.3815813726
7255.0402284350
7255.8946164934
7256.7287425073
7257.3588092975
7258.8841400879
7259.5195926969
7259.9708401820
7261.3337977028
7262.4459740549
7263.1228320076
7264.2729940534
7264.7482480903
7265.9628562857
7266.8250716234
7267.0225728109
7267.8511619074
7269.2817965310
7270.6651960224
7271.1625782253
7272.2939160946
7272.7568196787
7273.7012340747
7274.6393860937
7275.6929466283
7276.1885109798
7277.3134175063
7277.9111949210
7279.2263235158
7279.7685212823
7281.3160940671
7282.1761671495
7282.8176816984
7283.4957757639
7284.0236978973
7285.2773023696
7286.1396942049
7286.7792388660
7288.2671704281
7289.1037580810
7289.9402768271
7290.8214299291
7291.2900435757
7292.7412494453
7293.4031096513
7294.2041479642
7295.0488940527
7295.5648495599
7296.5716190430
7298.3686843155
7299.1388486019
7299.3365714263
7300.7634768749
7301.5813171050
7301.8485576086
7302.9178758197
7303.8439006828
7305.0602871150
7305.8181615760
7306.6372055784
7307.6607526337
7308.6716649741
7309.4979039713
7310.5013570454
7311.1909517208
7311.8811459686
7312.7243723918
7313.5550460836
7314.4491314412
7315.7556285470
7317.1002505552
7317.5537386534
7318.3510025104
7318.8719989379
7319.8967570999
7321.2337815701
7321.7173734273
7322.5687510531
7323.2439831228
7324.8493331419
7325.2261151499
7326.4441029953
7327.5344979701
7328.2835143834
7328.8611717117
7329.8155782325
7330.5868395336
7330.9708584358
7332.6521304775
7333.5170333876
7334.6391059706
7335.1939636910
7336.0168204361
7337.3122239672
7337.6492014600
7338.6212514390
7339.7631365242
7340.4959645309
7341.1724111242
7341.7814489530
7343.5075226659
7344.4294071931
7345.4133844281
7345.7371881862
7346.6989270853
7347.6014406008
7348.2264705889
7349.2497776288
7350.3476187137
7350.9732564928
7352.6318475836
7352.8804302338
7353.9139478289
7354.5846255802
7356.0768011019
7356.7139015370
7357.2980649628
7357.8299270250
7359.0224240608
7359.8188334440
7361.2670134262
7362.0581344312
7363.1025911490
7363.8220938675
7364.4697613897
7365.1200599104
7366.1768264622
7367.4448052674
7367.7165836253
7369.2112355690
7369.5326136316
7370.7782960438
7371.9879609778
7372.8050479964
7373.4240351678
7374.3493919587
7375.1992437623
7375.8781516437
7376.8736494744
7377.1900893169
7379.3327850054
7379.9796030530
7380.4640115732
7381.5369320908
7382.2227133567
7383.1735237246
7384.2023962059
7384.9245130671
7385.7526336518
7386.4615525141
7387.5424206417
7388.6295350567
7389.5845092917
7390.6641777400
7391.4402597279
7392.1607333679
7392.9886055285
7393.1732693312
7394.7116178774
7395.6939623798
7396.4032735860
7397.5319336650
7398.7519207617
7399.2203868201
7399.8288195408
7401.3541812034
7401.6706696189
7403.0180908179
7403.4489230180
7404.1034686710
7405.0715278906
7406.4348758991
7407.7827725200
7408.3184422477
7408.9610230911
7409.6979101000
7410.8750166392
7411.4755788012
7412.2133446520
7413.3285828778
7414.4188147884
7415.1806501570
7416.2695043585
7416.7133917167
7418.3105092233
7418.9880983538
7419.5376170232
7420.4159132751
7421.4207818139
7421.8069626222
7422.9106874079
7424.2207354334
7425.3062057631
7426.0426157655
7427.0103583157
7427.6188821722
7428.1242466162
7429.3508891311
7430.5553688949
7431.1566351223
7431.6343034669
7432.7406699667
7434.0415751982
7435.0591915895
7435.5904415877
7436.7665167764
7437.6581815223
7438.1259950429
7438.8722159408
7439.7376487194
7440.7031210484
7441.9693233892
7443.1711608629
7443.6283943542
7444.4238662287
7445.5189797864
7446.1921123123
7447.4703796017
7447.9159999507
7448.5788460083
7450.0268519810
7450.3134146580
7451.2873770069
7453.1563330144
7453.5622555970
7454.5011508954
7455.1115999849
7455.7562481827
7456.8792641740
7457.5550156840
7458.7588965476
7459.3179165959
7460.7423192186
7461.4128367763
7462.3451192295
7463.2410343534
7463.9534284929
7465.2353325465
7465.8736486181
7466.5095674000
7467.2368920028
7467.8935162302
7469.7423127757
7470.4106947227
7471.3161539571
7472.2163378346
7472.9384524700
7473.8019232218
7474.3183755610
7475.4571484656
7476.6616853808
7477.1261171623
7477.9902203763
7479.3608038794
7479.8264901466
7481.2705851334
7482.0883530496
7482.7609705592
7483.2226845067
7484.4354063712
7485.0872608371
7485.8361100978
7486.9805747126
7488.3413984003
7489.4107932627
7489.8016499598
7490.2884668913
7491.4802374379
7492.8711770109
7493.0006059462
7494.1555936653
7494.8933547210
7495.6205355510
7496.9032340413
7497.8766668712
7499.0183752129
7499.6350170448
7500.5207587013
7501.3943565404
7501.8896011658
7502.6061284966
7503.8158220960
7505.0076275113
7505.8557607491
7506.4587778442
7507.8815827099
7508.3253577275
7509.3628579725
7510.0620142467
7511.2681520954
7511.8315500943
7512.6391088922
7513.2564786023
7514.3274581966
7516.0173387572
7516.6828653832
7517.3165468829
7518.2339220445
7518.9882552935
7519.4838085853
7521.0954783080
7521.4189601587
7522.2359559409
7523.5838099626
7524.5760631409
7525.1177550666
7526.0778886695
7527.3392439002
7528.2559452990
7528.6188248347
7529.5724396836
7530.0245181366
7531.4430377551
7531.9184760038
7533.7017888605
7534.1961767563
7535.2694167463
7535.7958796381
7536.8521408366
7537.3125811036
7538.5138441078
7539.5071811921
7540.2275399006
7540.9522124002
7541.7199272330
7543.2740868106
7544.1430895979
7545.0172822113
7545.4696453356
7546.6197784385
7547.3464643754
7548.1639289084
7548.4670092571
7550.1204721747
7551.0938903969
7552.0509779433
7552.9157227199
7553.4225995954
7554.4150644308
7555.6369869984
7556.2156333203
7557.1238484695
7557.7316500153
7558.6186931449
7559.6433763188
7560.8298200232
7561.6589599940
7563.1828144376
7563.5204156992
7563.7693018912
7564.9602436768
7565.7328534039
7566.8453224300
7567.8665311159
7568.2890676022
7569.7971651060
7570.5471379904
7571.2812893780
7572.2789939778
7573.2551843065
7574.0468020484
7574.7498888385
7575.6966681647
7576.2686050738
7576.9057705910
7578.9174866650
7579.5977573164
7580.2800889772
7580.9598308199
7582.0317055495
7582.8029838609
7583.4627347746
7584.4869597363
7585.4695176291
7586.2349945842
7587.2832394916
7587.8903506034
7589.3562541159
7590.1208714867
7590.9182248661
7591.9661938121
7592.2697126058
7593.0983139592
7594.1027425422
7595.0776581683
7596.0162128378
7597.4149857167
7598.0078828578
7598.9827099531
7599.5651547183
7600.1308587272
7601.7513660145
7602.4051634704
7603.0223663271
7603.5606785800
7604.8311964909
7605.8579343266
7606.9948829801
7608.0213541227
7608.4208078701
7609.6736078099
7610.0662142646
7610.8544903203
7611.7945302211
7612.6822495144
7613.9491254830
7614.9110190810
7615.5897067329
7616.3614417899
7617.4906874175
7618.5062255297
7619.1092214005
7619.7494418334
7620.9839248551
7621.6935749714
7622.0174927088
7623.4232985456
7624.9873825473
7625.5944935014
7626.2652927585
7627.1272135563
7627.6909799478
7628.7420264416
7629.6427024779
7630.5699279772
7631.5067580322
7632.0090993041
7633.6518615917
7634.3123002386
7634.7717880008
7636.3871514867
7636.8229893994
7637.9403662027
7638.2370999676
7639.0392949107
7639.9347908752
7641.5056675736
7642.1668373634
7643.2951771672
7644.0357039177
7644.9278133139
7645.3315993282
7646.5609056871
7647.3998041095
7648.1978215848
7649.2103689141
7649.7879247440
7650.7781315705
7651.9180008501
7653.3566809579
7653.7028149864
7654.5806388767
7655.1214945726
7656.2619668514
7656.9564076448
7657.7179336448
7658.6522863275
7660.2644225203
7660.8748424742
7661.5786878792
7662.3318334377
7663.4561941639
7664.2030092544
7665.4440594879
7665.8018094290
7666.5028228235
7667.5493291561
7668.3656657957
7669.9360299467
7670.5810425335
7671.4471299205
7672.4506914566
7673.1035340953
7673.7406325281
7674.2415110647
7676.0614739088
7676.4045170642
7677.3063674258
7678.4896090057
7679.2838166471
7680.3697296895
7681.0496117981
7681.9454822594
7683.0181673640
7683.5939648764
7684.2056679911
7685.3055568341
7685.7829935329
7687.5132930152
7688.5916928901
7689.1566198575
7689.8580010831
7690.4296507822
7691.8021765330
7692.3427433887
7693.4794013982
7693.8970059610
7695.1122724177
7696.1363850411
7696.7794768283
7697.8984691117
7699.0710259442
7700.0360475460
7700.2167243800
7701.1579545722
7702.1947313819
7702.5892298756
7703.8310031242
7705.2131667860
7705.7032168880
7706.9621961913
7707.7367603608
7708.2209726321
7709.2426406413
7710.1238398779
7711.2236489320
7711.9289338002
7712.7793082883
7712.9086488899
7714.9049756547
7715.8068091928
7716.4931618466
7717.4306255380
7718.2094398954
7718.8718280099
7719.7534860750
7720.4121750745
7721.5539969637
7722.5572288017
7723.6182822211
7724.4409166714
7725.2428706331
7725.8810745590
7727.3650678344
7728.1545370208
7728.3453212055
7729.5084442985
7730.1567106842
7731.3263434926
7731.9046040166
7733.5511523778
7734.6372098964
7734.7990517484
7735.9201918029
7736.3989829536
7737.2815166734
7738.6834005150
7739.0760791266
7740.1135474433
7740.9321289547
7742.0938268174
7742.8617681485
7744.1687423391
7744.5391857664
7745.5641776656
7746.6179721498
7747.2627291423
7747.6038432563
7748.5608992680
7749.9503404684
7751.4179425906
7751.7322407222
7752.4120590639
7753.8125641242
7754.1658080729
7755.0427447380
7756.1405459447
7756.9616602938
7757.7486487535
7758.4419676102
7759.5929547710
7760.4701366039
7761.8520164167
7762.5166698388
7763.3655366375
7763.8879436274
7764.6295406089
7765.5805493212
7766.6480685489
7767.3473614272
7768.4170938565
7769.9133277709
7770.2612436830
7770.9838868491
7771.8019355934
7773.1521642358
7774.0188999758
7774.2962695286
7775.4487852945
7775.9776081672
7776.9553771235
7778.6196188178
7779.1477383689
7780.2941437601
7780.7916312499
7781.7037037376
7782.4481086681
7783.3331895561
7783.8698229633
7785.5432120162
7785.9721583981
7786.9108851639
7787.8475772420
7788.9420377297
7789.8464872339
7790.5847482884
7791.4981224584
7792.0570002070
7793.2084381029
7793.7311793492
7794.3306479150
7796.1679399083
7796.8827507974
7797.9399947859
7798.6428765320
7799.0273561762
7800.0488666996
7801.0859656926
7802.2781367430
7802.5630438386
7803.3416404373
7804.6625391551
7805.6512444561
7806.3655267575
7807.4539470553
7808.5216945407
7809.1480956655
7809.9493485522
7810.2464227791
7811.4252967549
7812.3928808578
7813.4807512497
7814.5560904768
7815.5869393452
7815.8558411747
7817.1526372677
7817.7966857396
7818.6601150063
7819.6356480316
7820.5863974322
7821.0538802224
7822.0940935015
7822.7190343537
7824.6454712764
7825.2731772600
7825.8277813410
7826.4711802969
7827.8064597585
7828.1251952353
7828.9938782894
7830.1285389674
7830.8775819379
7832.2744626929
7832.8244945937
7833.9207552486
7834.3830659149
7835.7332580495
7836.4635016364
7837.3969474903
7838.0641780621
7838.4825508428
7839.5683628388
7840.7823490857
7841.8280686088
7842.7737739774
7843.7410481001
7844.4574294407
7845.0803277639
7845.5761471865
7847.0000891586
7847.8359661382
7848.6470133239
7849.3229741841
7850.3815758652
7851.7493751939
7852.0555330006
7853.5368871100
7854.0992092906
7854.7052434994
7855.7302328644
7856.5897414679
7857.0074802102
7857.9982475200
7859.8638765920
7860.3608488296
7861.0742931263
7861.9683075222
7862.5768084895
7863.8864698395
7864.6884241861
7865.0475485499
7866.3272957169
7867.1423380420
7867.7013912471
7869.0540589970
7870.1005323622
7871.0262685062
7871.8915937037
7872.4210513603
7873.2589747332
7873.8574117254
7874.8942810107
7876.0812562822
7876.8113784168
7877.8339530525
7878.9106112202
7879.7743713176
7880.2479249976
7881.1725970905
7882.4404110488
7883.2191320912
7883.7392886782
7884.3861363602
7885.3100555708
7886.6978441245
7887.9026345454
7888.5825083846
7889.2477598529
7890.1998851712
7890.8291092535
7891.7384851470
7892.4715812688
7893.7537757481
7894.1462242405
7895.7527017370
7896.2841467962
7896.8107062113
7898.4439755258
7899.1893876864
7899.7377841340
7900.6997434972
7901.2037247721
7902.4319404283
7902.8458823476
7904.0000113505
7905.4953597922
7906.3070576531
7907.0332796193
7907.4620230268
7908.7540893249
7909.0710811085
7910.4963456425
7911.2904747503
7911.9746540151
7912.5218947576
7913.9589001631
7914.8982286553
7916.1390836186
7916.2496203628
7917.8469842189
7918.2062997664
7919.0095034136
7919.7020772529
7920.3949178450
7922.0530345765
7922.7233124213
7923.7101413805
7924.5820472171
7925.3913387953
7926.0447502716
7927.2278597491
7928.0077646295
7928.6842347511
7929.5402291471
7930.6049412553
7930.9480768260
7932.4716661742
7933.6456432242
7934.4954153092
7935.2146484029
7935.5707185619
7936.4422370333
7937.7451805888
7938.3155740796
7939.0866393861
7940.3540128793
7941.2656837502
7942.3176047889
7942.7450979035
7943.7855159880
7944.9595191266
7945.7406937864
7946.2207881932
7947.2897711659
7947.7296002734
7948.6342115732
7950.2654705397
7951.3140306497
7951.5848517063
7952.7944892722
7953.5946569713
7954.3089972635
7954.7476085855
7956.1522671057
7956.9895782490
7957.9479457832
7958.3174559212
7959.6887504376
7960.6613793078
7961.6495968764
7962.5625470590
7962.9565077900
7964.2036007104
7964.6840898625
7965.3156788430
7966.5688498240
7967.2661075385
7968.9098865187
7969.6294403506
7970.2205481108
7970.8479282486
7971.8213308309
7972.9953318919
7973.8048690562
7974.4581297571
7975.0178538710
7976.2077921482
7977.2911944437
7977.9753229289
7979.4198301459
7980.2441536210
7980.5921566357
7981.6771589576
7982.3292290781
7982.8567264831
7984.1947876258
7985.0784614893
7986.1162715686
7986.9899212798
7987.7768416719
7988.8268844429
7989.5271825336
7990.4647300544
7991.1546151881
7992.4496018684
7992.7754487903
7993.5355200958
7994.2682768320
7996.3258735505
7996.7029380355
7997.5625969591
7998.5036217001
7998.9605159151
8000.0867675516
8000.6542895311
8001.8274141465
8002.5042267958
8003.5440207321
8004.4869003523
8005.5587415560
8006.0894526617
8007.1663161130
8008.4866862987
8009.0242783128
8009.3839364092
8010.2122363197
8011.4693808589
8011.9293911306
8013.4420220890
8014.2767747162
8015.3718859374
8016.2017314903
8016.4911998741
8017.3614654672
8018.6378266066
8019.3566390658
8020.3196896670
8020.8374597410
8021.8954816375
8022.7174897094
8024.4035824671
8024.6709824590
8025.7524529023
8026.3918541030
8027.3058741595
8028.1240259786
8028.7464013133
8029.4078223261
8031.0580097869
8031.9513221738
8032.7933837907
8033.2691919576
8034.3862408707
8035.3932423167
8035.9995109702
8037.0344898918
8037.8034687869
8038.4284669313
8039.3109518948
8040.3637741737
8041.4850920787
8042.7526075536
8043.2282119679
8044.2220793236
8044.7020364411
8045.4121984834
8046.3491007624
8047.8585867606
8048.0925323511
8048.9390186716
8050.7078554259
8050.9285537181
8051.8267009710
8052.8547357339
8053.8506836919
8054.6320754932
8055.3875364442
8056.0435454015
8056.6285660903
8057.8498540948
8059.1639104707
8060.4105739579
8060.6567508435
8061.4328786450
8062.5915307392
8063.1050088484
8064.2055152080
8064.7583715163
8065.9606115595
8066.8521814488
8067.4999791877
8068.4809971845
8069.6204735256
8070.8957151036
8071.2238120482
8072.0062611555
8072.8916609552
8073.6616381987
8074.4767817963
8075.2124795343
8076.6046464428
8077.6931390542
8078.3312909524
8079.3452227886
8080.0395116955
8080.3716236700
8082.0958483690
8082.7273573341
8083.1881212623
8084.3538988158
8084.6278103739
8086.3893671840
8087.2013329697
8087.9892159229
8089.0002773315
8090.0117024351
8090.3020751833
8091.0130474759
8092.0131860192
8093.0568216008
8093.9607968490
8095.2264297529
8095.6446497806
8096.8812094506
8097.4228045337
8098.6014516584
8099.4837130200
8100.0339548982
8100.8933173207
8101.8474798834
8102.6528919174
8103.0812473854
8104.9595806459
8106.0010825991
8106.4724785471
8106.9810072729
8107.9900306257
8108.8586149871
8109.6902189719
8110.6376840294
8111.4474799811
8112.2647534952
8113.5526431280
8114.1670198423
8115.1073584828
8116.2512669644
8116.8644246333
8118.0047378712
8118.4373796532
8119.2871394501
8119.6488620986
8121.2267516683
8122.3614234455
8123.0106699846
8124.1842786784
8124.8435874256
8125.5016269375
8126.5295284361
8126.9645510023
8128.5922087800
8129.0976325701
8129.5019915369
8130.7177357544
8131.7147244917
8132.8547676829
8133.9528046592
8134.4571409911
8135.2531517063
8135.9259885060
8136.9585783821
8137.6099424361
8138.4374292714
8139.5665380524
8140.9507405911
8141.5957500101
8142.2760019371
8142.8104966437
8144.3585635397
8144.9262960783
8145.9273844077
8146.2512838101
8147.3755586640
8148.1884058046
8148.9866535634
8150.7406154821
8151.0266713046
8152.2177282584
8152.9659311276
8153.4882536610
8154.2729794273
8155.1289339925
8156.3049123859
8157.1947646202
8157.9815684916
8158.7676387423
8160.0782008099
8160.9501225897
8161.3461456332
8162.5921405865
8163.4542845009
8164.1069571469
8164.8702573333
8165.4488184752
8166.4480892375
8168.2951041299
8168.6684801292
8169.5938362037
8170.4157790017
8171.0951109830
8171.8235531533
8173.1115339810
8173.7382926578
8174.3661809141
8175.5316289520
8176.4492134537
8177.3315427203
8178.1046669528
8179.6903870233
8180.0357521355
8181.0132098163
8181.2820446136
8182.4301167937
8183.1299902532
8184.2546006734
8185.0386831694
8186.6052282805
8187.0190861280
8187.9273985452
8188.6750921549
8189.4580016837
8190.5388596464
8191.3173594217
8192.3346499421
8192.9954067274
8193.2334109945
8194.9294081380
8196.0675849185
8196.9483247516
8197.5133539429
8198.2426117925
8199.5851171777
8199.8847738627
8200.3419522112
8201.7552603602
8202.8766461704
8203.5292037401
8204.7617293301
8205.2592505323
8206.2283750580
8207.2811752652
8208.1676075218
8208.8464243143
8209.5306855791
8210.5103487989
8211.0308888826
8212.2656124185
8213.2532675469
8214.6687479542
8215.2376249589
8215.9626284698
8216.5026612603
8217.2680040869
8218.6195733297
8219.3465438275
8220.0500145010
8220.8528824500
8222.1539334818
8222.9087931577
8223.8040932117
8224.7830414931
8225.6624846852
8226.6063915776
8227.0220323073
8227.8980639635
8228.7565918202
8229.3094243428
8231.3186049119
8231.7520393977
8232.5343974861
8233.3850178359
8234.4630939640
8234.9404633881
8235.9030776563
8236.8528376318
8237.6612393213
8238.6438248536
8239.1660995476
8240.1076601652
8241.8105398488
8242.2629833804
8243.1261251606
8244.1266723430
8244.5224730364
8245.2919028175
8246.4147502346
8247.1045236448
8248.1980154395
8249.1822116740
8250.4766404545
8250.9051284298
8251.5919308046
8252.4959633462
8253.7952617506
8254.5421108732
8255.2381006607
8255.5190786916
8256.7777149520
8257.7522368853
8258.9979989110
8259.8685252578
8260.7825027625
8261.5662535079
8262.0021224235
8263.1688997261
8263.5410482905
8264.7988329301
8265.8474282543
8266.4591677264
8267.6208023071
8268.3067970804
8269.2938373690
8270.5973751438
8271.1029889888
8271.5271245633
8273.0237270204
8273.3590886570
8274.2607489158
8274.7612961742
8276.5320876216
8277.5505317314
8278.3110448937
8278.7241551217
8279.6582202941
8280.5766845910
8281.4277338333
8282.3251868346
8283.3642300972
8283.6827197439
8284.8370591545
8286.1564653783
8286.6660885582
8287.7365122636
8288.9804360582
8289.3880012304
8290.1780267562
8290.9412970062
8291.3605924919
8292.9629451854
8293.5881703756
8294.8468629007
8295.5685173155
8296.6937395948
8297.2169606003
8297.8470351383
8299.0929308972
8300.0124350096
8300.5363698977
8301.5054888753
8302.2434786569
8302.9326100946
8304.5905857136
8305.5876351614
8306.1429164381
8306.7239949884
8307.7619133723
8308.4226542343
8309.3516842700
8310.1426259482
8310.8952661682
8312.4878881760
8313.1442113883
8313.5848853455
8314.9367146306
8315.5089347031
8316.9916970126
8317.1380316004
8318.2170822561
8318.7593558384
8319.7474364402
8320.4635125456
8321.8956862403
8322.9959640731
8323.5087881739
8324.6564292081
8325.3006369810
8325.7087972782
8326.6197381603
8328.0792116920
8328.7155897427
8329.2713406982
8330.2120489250
8331.5935028497
8332.2630710239
8333.2376647139
8334.0527266575
8335.0372923601
8335.6263926663
8336.4618897390
8337.0760409223
8337.8712954671
8339.2574806063
8340.3937143330
8341.2815548426
8341.9249806936
8342.3503135420
8343.6491016373
8344.6616386698
8345.0530083234
8346.0831128823
8346.9634633589
8347.7100967673
8348.7475598640
8349.5349792151
8351.1344218125
8351.6615475031
8352.4171198483
8352.9580737032
8353.8456090490
8354.9185494372
8355.2689139748
8356.9040409911
8357.3174714034
8358.6194258550
8359.6584071856
8359.9707656300
8361.0736253952
8361.8540993146
8362.9102696921
8363.8965841731
8364.2703130847
8364.9216542525
8365.8424617950
8367.5702029021
8368.3001710896
8368.9241926908
8369.9805166317
8370.7742599059
8371.3080435492
8372.0875743863
8373.1474454403
8374.0764604647
8374.9675121252
8375.8435753172
8376.9647852951
8377.3918865663
8378.8500005558
8379.4656012949
8380.5562287441
8380.9661543215
8381.5640902545
8382.9055006835
8383.4026904570
8384.2432648556
8386.0208663445
8386.7167729532
8387.2403283949
8388.1998275202
8388.6355382223
8389.7851943871
8391.0430450519
8391.3457694468
8392.2026090927
8393.2533834852
8394.0487470190
8395.2581538938
8396.2381832310
8396.9567264760
8397.8015386027
8398.7407156548
8399.5251522106
8399.7332803767
8400.7900296343
8402.0712494797
8403.2871327309
8403.8144349227
8404.7392894992
8405.7051954804
8406.5693554868
8407.0848635150
8408.3315132092
8408.9287363828
8410.1024792729
8410.3652413075
8411.2543842887
8412.6341418423
8413.6809793992
8414.7834507487
8415.4034998566
8415.7232540177
8416.8381299181
8417.5565273952
8418.5272392305
8419.5691090174
8420.0052489822
8421.5083902478
8422.3785276354
8423.2406482844
8423.3890637490
8425.2509717703
8425.8397292714
8426.2874673502
8427.2833488710
8428.0185731194
8428.6248300324
8429.9958556841
8431.1770006293
8431.9553604193
8432.9759588330
8433.3124802914
8434.4154213020
8435.0581372033
8435.8113853982
8437.0439237720
8437.8907705059
8438.5815087215
8439.2804538770
8440.6224956396
8441.6808754720
8442.3425484913
8443.1843758204
8443.8593588210
8445.0195506560
8445.3437433471
8446.1863498224
8447.0970122786
8448.6341766362
8449.4960188789
8450.1704507816
8451.0110514859
8451.6723548377
8452.5267875869
8453.8405443275
8454.3855938695
8455.1291147446
8455.6822013100
8457.2569338949
8457.5849566753
8459.0779029749
8459.8173178108
8460.9138890728
8461.5628678471
8462.0698864275
8462.6465791641
8463.8994998457
8464.8785425299
8465.5375104861
8466.8263359920
8467.6356301888
8468.4443071226
8469.2418668182
8470.2854621545
8470.8555678822
8472.1067567049
8472.5815935858
8473.4221425293
8474.1789867182
8474.8403204043
8476.9046649175
8477.3886941016
8477.9218610249
8478.8428167678
8479.7215179055
8480.4980983958
8481.3019175705
8481.9877570463
8483.4823144661
8483.7093652266
8485.1343154831
8485.7315958221
8486.6955243898
8487.7944940389
8488.6924186113
8489.3358435967
8490.0356111781
8490.8007059069
8491.5074547671
8492.5964870466
8493.8235746352
8494.5520180299
8496.0298500638
8496.2900022256
8497.0538867068
8497.6373562961
8498.9550654897
8499.8485380849
8500.5876233289
8501.3027554668
8501.9085448432
8503.5282254738
8504.0888736136
8505.2635130547
8506.1844670902
8506.6556302483
8507.5684306652
8508.3418391850
8509.2050927598
8509.6051680689
8511.1681811493
8512.2372989708
8513.1805042448
8513.4283668562
8514.6031224148
8515.5103061671
8516.5207109856
8517.0667933990
8517.8369124099
8518.9942292303
8519.5432419130
8520.2041927684
8521.6985294127
8522.8834614659
8523.5817660928
8524.0729598926
8525.1927408419
8525.5801459399
8526.3849670755
8527.8012854760
8528.3352796612
8529.1657252446
8530.3920884749
8531.2159694052
8532.3116479842
8532.6107072750
8533.7801944895
8535.0421504842
8535.4674498444
8536.0333100808
8536.7496641458
8537.7783740136
8539.0571182339
8540.1925957198
8540.9666493711
8541.5399828086
8542.5653924682
8543.3390964168
8543.7515197179
8545.3033340736
8545.6181224073
8546.6914914528
8547.7091081393
8548.3803883813
8549.3054957707
8550.7422651279
8551.4511838518
8552.0368472519
8552.7046888168
8553.6576952316
8554.5400352593
8555.1295486026
8556.0622090769
8557.5270267994
8558.6126562400
8558.9234608761
8559.9601243115
8560.4261670117
8561.8005410266
8562.3548293847
8563.5825112843
8563.9103926342
8564.7573827221
8565.6187436756
8567.2046071499
8567.7445397336
8568.7467483205
8569.6952309612
8570.4731442550
8570.9462154174
8571.8188962007
8572.4264647583
8573.8829347416
8574.9130033195
8575.1759687072
8576.7089346311
8577.3987019959
8577.9712467639
8579.2369009759
8579.9179641320
8580.7020039206
8581.5563547349
8582.2967367357
8582.9824264186
8583.9130213810
8585.6514631502
8586.1748339805
8587.1973209268
8587.7112881949
8588.0948526014
8589.6424767103
8590.1271884166
8591.0955673025
8591.8037923432
8592.9209017735
8594.0557486588
8594.5020624613
8595.5509094700
8596.7872412151
8597.3844988509
8598.2300724279
8599.0068131111
8599.4317807587
8600.4955183019
8601.3361630436
8602.8009306327
8603.6671580555
8604.2048757459
8605.3720378458
8606.0650119445
8606.5968470479
8607.4695841590
8608.8740544119
8609.4765764836
8609.9699465227
8610.9005491745
8612.0072410315
8613.3490925704
8614.1535306211
8614.5702976176
8615.7789908958
8616.3341451274
8617.1704231467
8617.6823880077
8619.0046102402
8619.6100752564
8621.1543309741
8621.9526501575
8622.3903146201
8623.2846036697
8624.2200965163
8625.4810699826
8626.0165829440
8626.5700468990
8627.4694404097
8628.4317483727
8629.2768439475
8630.3307996962
8631.6694653928
8632.3987934106
8633.0719141914
8633.5913933424
8634.5927559973
8635.2069217314
8636.4398657076
8637.1875639780
8638.1508055919
8638.9290262051
8640.0567397821
8640.9308588334
8641.6569607619
8642.6434227197
8643.4544873351
8644.1664942525
8645.3148909209
8645.6295391382
8646.0216719293
8648.1808176628
8648.7746192174
8649.7808808426
8650.2394610886
8651.3755777807
8651.8684837463
8652.8615344197
8653.7785769651
8654.5010994406
8655.6473999772
8656.0727103417
8657.3388007543
8658.2221075036
8659.0654638153
8660.4647497716
8660.8949853178
8661.4691787333
8662.1860652767
8663.1608748440
8664.0682049865
8664.9332777669
8666.0082967425
8667.2320347091
8668.1062662740
8668.3755328872
8669.3175042258
8670.2334461960
8671.6391277016
8671.8200915551
8672.7768069515
8673.5240060997
8674.3492018641
8675.5961200994
8676.9242810506
8677.5193678278
8677.9877465303
8679.2912781676
8679.7486574521
8680.5840514074
8681.1618527791
8682.3858659164
8683.5012239580
8684.3451381412
8685.1625767548
8685.7912598876
8687.1896990017
8687.7773641107
8688.4790572970
8689.5513351299
8690.3648178698
8690.6627976218
8691.9262268528
8692.5231782940
8694.2284132949
8694.9022894432
8695.9050932983
8696.2583148526
8697.3365114353
8697.6104856812
8699.0912197095
8699.9364264578
8700.5975219963
8701.1611575652
8702.8042548783
8703.4171010217
8704.0793322367
8705.3188104286
8706.1546507508
8707.0052365818
8707.5975377010
8708.1138721955
8709.1596937386
8709.9493651525
8711.4502944774
8712.2753994751
8712.9867207080
8714.0309539003
8714.3665028009
8715.5857799508
8716.3564269680
8717.0035152276
8718.1398539350
8719.0902506771
8719.3825540528
8720.4478932993
8721.9749421715
8722.7557213989
8723.5990986423
8724.1081980741
8724.8596760381
8725.9567615845
8726.5368422095
8727.2537736840
8728.4988008553
8729.6280069896
8730.3228929330
8731.4748281842
8731.8798022453
8732.6233775387
8734.0813981729
8734.6759738376
8735.4145865402
8736.0800914117
8736.7676588726
8737.8865997012
8739.3895081698
8739.7148145187
8741.1124956694
8741.6833258955
8742.5255107150
8742.9971180939
8743.7490489295
8745.0538271394
8745.9771614125
8746.4435324959
8747.8073085118
8748.3845708558
8749.5164234987
8750.3300866455
8751.3464308638
8751.9991410094
8752.6727635901
8753.7754897890
8754.2589070917
8755.0091761217
8756.0438311273
8757.9030521207
8758.3301096593
8758.8066864232
8759.5919813695
8760.7977606916
8761.3356515963
8762.3288902823
8763.3964693671
8763.6556861965
8765.0058656434
8765.7411315775
8766.7092744675
8767.7978928503
8768.8004005134
8769.3713080120
8770.3210687435
8771.0296909559
8771.3963673445
8772.4137889986
8773.8925637815
8774.3369216660
8775.6436654089
8776.4128269809
8777.3254776410
8778.0167541955
8778.5475015282
8779.8741523888
8780.7510486292
8781.3998430696
8781.9994052503
8782.7635328465
8784.0981803926
8785.3490056203
8786.0014169198
8786.9257236424
8787.5165332685
8788.2341239621
8789.1667046521
8790.0559129685
8790.6053730309
8791.8657500607
8792.9381153771
8793.7480876051
8794.5282108023
8795.1021945782
8796.6053486153
8797.2813393301
8797.9334691842
8798.4597115370
8799.6275665515
8800.4027907978
8800.8753357409
8802.6339579520
8803.4282439392
8804.2204722118
8805.1711868742
8805.5994353612
8806.2725405986
8807.4887488339
8808.2233138379
8809.4135001751
8809.8494776550
8810.6026473875
8812.1677745795
8812.7257148113
8813.8321627506
8814.3112776656
8815.5948932986
8816.3336860400
8816.5979024240
8817.6045283385
8818.2670421955
8819.8232574639
8820.8319836685
8821.4280623243
8822.4382314605
8822.9824391960
8823.9263243582
8824.8215966000
8825.7470640351
8826.4712868239
8827.1963443674
8828.1269001367
8829.2008530154
8829.7573441079
8831.4762740083
8832.0959034411
8832.6677335344
8833.3532727015
8834.2273339537
8834.8987485263
8836.1749408579
8836.6234453743
8837.7764478262
8839.1038786361
8839.7864524889
8840.1838488497
8841.4019300894
8842.1864292935
8843.0852980449
8844.2098960669
8844.4212803216
8845.3990461710
8845.9290675416
8847.5299708099
8848.6647585779
8849.2930121634
8849.9408594395
8850.9686662791
8851.9063434812
8852.1492913084
8853.0230700431
8854.5582513860
8854.9555512171
8856.0799452918
8856.7345237842
8857.9630648052
8858.6809997081
8859.6934946728
8860.6754963889
8861.0466952682
8861.9748598772
8862.8086510739
8863.4983570242
8864.3780039681
8865.7538193724
8866.7912013682
8867.7537871393
8868.0922700369
8868.7509670152
8869.6919047889
8871.0781809544
8871.6899208856
8872.0054328884
8873.2979808688
8874.0500595514
8875.1728143148
8876.1228385822
8876.8900606284
8878.2895746068
8878.4808781096
8879.1756097225
8880.3437820969
8880.6216685254
8881.7260781901
8883.0287412552
8884.1657496050
8884.4466848149
8885.6023053650
8886.5841814685
8887.0586663410
8888.1469567507
8888.8311967798
8889.9529962227
8890.5379483689
8891.3067370481
8891.8743793569
8893.6848404024
8894.6044730936
8895.0382027540
8896.1033368147
8896.5313230113
8897.6734940650
8898.0515071391
8899.3027244668
8900.1269467705
8900.8548759775
8902.2437650615
8903.0544871620
8903.4534227845
8904.4976393060
8905.7800576201
8906.3347226252
8907.2964391799
8907.6204879277
8908.3658653720
8909.7146697876
8910.4289895137
8911.7565172604
8912.7173433880
8913.3249729608
8914.1111167802
8914.7411889123
8915.6238036719
8916.5141783865
8917.6780781594
8918.3021686439
8918.9173030832
8920.2762870888
8920.8074249222
8922.3483292367
8922.9629861220
8923.4303691639
8924.4521248405
8925.4695344076
8925.9138618204
8926.5906714255
8927.5439102809
8929.2993237887
8929.8086789243
8930.6221843550
8931.3608537425
8932.1515321743
8933.1615568559
8934.0235897358
8934.7499253042
8935.6846040883
8936.2537650703
8937.1981567624
8938.3460354923
8939.3081819772
8940.2902498277
8941.1815721923
8942.0477124296
8942.4740711665
8942.9017971835
8944.3155015480
8945.0563848728
8946.1569521717
8946.7895464322
8948.0948661371
8948.8712030706
8949.6591749625
8950.0854384002
8951.6795853547
8952.1321463662
8952.9105703422
8953.6631405238
8954.5702661057
8955.0211059834
8956.9040861112
8957.7197644592
8958.3296129951
8959.0839159036
8959.8725298073
8960.7574659365
8961.5142775673
8962.3760984099
8963.1225952742
8964.5017688673
8965.0423226471
8965.9091326903
8966.8318525569
8968.0831425984
8968.7308308049
8969.5768133962
8970.1564604631
8971.0081445119
8971.9003415695
8972.3984753587
8973.8278889828
8974.7795447705
8976.0468133145
8976.3397480179
8977.2677544702
8978.1391579007
8978.4848560678
8980.1050350396
8980.7899750950
8981.3645984502
8981.8938094329
8983.2980168818
8984.4584703348
8984.9769276636
8986.2781436173
8986.7656386387
8987.7087632585
8988.5132438689
8988.9361794011
8989.7372466201
8991.1436472307
8991.8472224674
8993.2065227479
8993.8438724169
8994.2852968289
8995.4380885166
8996.5200603241
8997.0257377523
8997.9675716981
8998.6488994421
8999.7187280318
9000.2434069431
9001.1294053083
9002.6237769930
9003.8736775153
9004.0521782440
9004.8051111702
9005.6067970770
9006.5656305892
9007.2607560574
9008.3047030378
9009.0700752853
9010.0889628634
9011.0335041931
9012.0422840170
9012.6444534377
9013.5510210668
9014.5652296792
9015.5966870464
9015.9779330551
9016.8140199726
9017.3451601938
9018.4244756104
9020.0724936018
9020.6460171175
9021.2570369373
9022.7459343528
9022.9654880333
9023.5651937740
9024.6672459926
9025.6285595337
9026.5217139700
9027.2315048032
9028.1068364575
9028.9870813861
9030.1476319566
9031.0329767768
9032.1497388491
9032.4442586213
9033.5157208304
9033.8540348460
9035.1689493676
9035.7490590476
9036.4293066135
9038.3022104727
9038.7447983762
9039.7731787575
9040.1402088240
9040.9754912317
9042.3138659962
9043.0194213191
9043.6107729711
9044.6180711478
9045.1085908824
9046.3150297016
9047.1788989212
9048.5885545053
9049.0879378021
9049.9927148674
9050.8822056326
9051.4285090007
9052.2243393861
9052.7554172313
9054.4001067821
9054.9312640721
9055.9052405861
9056.7853519565
9057.9302884443
9058.3527313420
9059.6952017942
9059.9015507407
9061.2610102591
9062.0103754283
9062.5566408229
9063.0659876661
9064.3986470131
9065.6764450113
9066.7159372189
9067.3443191235
9067.8906930261
9068.7075658908
9069.6518640137
9070.4198206524
9071.4852750933
9072.0688901182
9072.9504819891
9074.3815517809
9074.8697558131
9075.5398003909
9076.9053425623
9077.9411931632
9078.3888131488
9078.8850688100
9079.9585946885
9080.6002788368
9081.5250296407
9082.6874591660
9083.8176844679
9084.7191893390
9085.2619910062
9086.2167914420
9086.8540646290
9087.6199890590
9088.9089884999
9089.4259986022
9090.4989886622
9090.9539670305
9091.7783858077
9093.5545405927
9094.0806537388
9094.8179361618
9095.7072833649
9096.6115892384
9097.1641507233
9098.0921154172
9098.5320421671
9099.8366356357
9101.0423742409
9101.8852508299
9102.4974809711
9103.4937870945
9104.1932561415
9105.0749208296
9106.4741615468
9106.7052675475
9107.1912026636
9108.6136431841
9109.0239707755
9110.2303865147
9111.3750848786
9112.3815826104
9113.3022978467
9113.6587972822
9114.4448534385
9115.0429306362
9116.4244053144
9117.1370583299
9117.8609680252
9118.8109442474
9120.1162815930
9120.5692643170
9121.5849022450
9122.5049652110
9123.3938549389
9124.0848743923
9125.0596771526
9125.6042477381
9126.2354727967
9127.1213926910
9128.9459622374
9129.4730009536
9130.4467016536
9130.7681591708
9131.9573737125
9132.8770222763
9133.2531327222
9134.2991369501
9135.4274573345
9136.1396019938
9136.6791964365
9138.1059107792
9138.6003827896
9140.2319698182
9140.5782596971
9141.3571793623
9142.2665232199
9142.8369077087
9143.5969779396
9144.6199808202
9145.6385223222
9146.5263584055
9147.8088949631
9148.5550471416
9149.1179968496
9149.5581238530
9151.0264551735
9151.8176721004
9152.6490185669
9153.2678087497
9153.7402000956
9155.1111342651
9156.0880262324
9157.2008538602
9157.9576034816
9158.8301168973
9159.4388249750
9160.3538477111
9160.7961394184
9161.9264323399
9162.6270752849
9164.0112585688
9164.7650214889
9165.4486634144
9166.3817343707
9167.3824474229
9168.3049258781
9169.0056153139
9169.6896723105
9170.6589461136
9171.4020138206
9172.2133217822
9172.6839104504
9174.7994482484
9175.2088358812
9175.9274583545
9176.8910171235
9177.4792088930
9178.1303775983
9179.2859797557
9180.3211133958
9180.7392869738
9181.7029742963
9182.8111739848
9183.6998375383
9184.7671944142
9185.1360006092
9186.5781466364
9187.3450868896
9187.8114970324
9188.4648295627
9189.1873132153
9190.3667793641
9191.4631186561
9192.4386916539
9193.3689118757
9194.0364975833
9194.9986180700
9195.4159933416
9196.5413768225
9197.3757930248
9198.4287515546
9198.7893474913
9200.0067463440
9200.4510775715
9201.8374348328
9203.0509414906
9203.7617901009
9204.4499303546
9204.7607082584
9206.1653507916
9206.8473754162
9207.1897503286
9208.5204141530
9209.4809330562
9210.8739789743
9211.2202206227
9211.8783266138
9212.9425430180
9213.9534572425
9214.8098153829
9215.3830636067
9216.3964998831
9216.8891629986
9217.6324136267
9219.1250652657
9220.0200833912
9220.8521379817
9222.0007982878
9222.3540475605
9223.2378590708
9223.8700460963
9224.5781634244
9226.1732159006
9226.6257627999
9227.2621949714
9228.5021579917
9229.5583641294
9230.1607047790
9231.1163415466
9232.0825940977
9232.7645576165
9233.6903665089
9234.0864016798
9235.3090743058
9235.5206690169
9237.2558257679
9238.5255241785
9238.8731621181
9239.5997604454
9240.4633184066
9241.1689272335
9242.4387470555
9243.0027271448
9243.6296254141
9244.7222561547
9245.7303172599
9246.3724792180
9247.3236820089
9248.8596644279
9249.0971342448
9250.2172325517
9250.8502687312
9251.3253320099
9252.3019826604
9253.2668958779
9254.0399637502
9255.6292427350
9255.8703071594
9257.0909763695
9257.9228510522
9258.5131979889
9259.1994904969
9260.4626860895
9261.4109177522
9261.8326155309
9262.5719053414
9263.2788638993
9264.8085555108
9265.9149993391
9266.5233555863
9267.1576373772
9268.3598850837
9268.8466638365
9269.3853126041
9270.5049259285
9271.3010281186
9272.3941026872
9273.2668431985
9274.3381338398
9274.9863759132
9275.5555124618
9277.1605144445
9277.6087683745
9278.3562145461
9279.0409330777
9279.9382561609
9280.7692675935
9281.5374387932
9282.7342889372
9284.0936816751
9284.7624784370
9285.3441596894
9285.8494311190
9286.9015691640
9287.7994275309
9288.6576788610
9289.6347164928
9290.2384725581
9291.0711499490
9292.4501510193
9293.0203715728
9294.0770997961
9294.9944142860
9295.5642234718
9296.6070472732
9297.3285978216
9297.7914170947
9298.4158229543
9300.1743047053
9301.0955049721
9301.6306778617
9302.7611691623
9303.2388525844
9304.4781690977
9304.7472191529
9306.0029253828
9306.8080986675
9307.5011441544
9308.3976875778
9309.0593072088
9310.2941828228
9311.3942633907
9312.2870900105
9313.1371109767
9313.6420417866
9314.1917675559
9315.2577770927
9316.0919937967
9317.2214783604
9317.5208643814
9319.3379001640
9319.8277951944
9320.5929133644
9321.3550374648
9322.1998589758
9323.5799038353
9324.0386429999
9324.6624780309
9325.3598910184
9326.4965937904
9327.0293401764
9328.9372762101
9329.2359404100
9330.2306595830
9330.9218341575
9331.8758382110
9332.5455357091
9332.9901777772
9334.3058987792
9335.2064891964
9336.0315111097
9336.9664157199
9337.5355060272
9338.9705327547
9339.7342067121
9340.3360050104
9341.3408221961
9341.9995745960
9342.9239021561
9343.4787615450
9344.1899039724
9345.4739349900
9346.9096262435
9347.3508867623
9348.4121534063
9348.8474387920
9349.5341748255
9350.7018230593
9351.6401263435
9352.3996632676
9353.0144531034
9353.7435067610
9355.2351061579
9355.8201759818
9356.6730337974
9357.9705138896
9358.8386755576
9359.0769034055
9360.0250574151
9360.6823142607
9361.5270525325
9362.6482147277
9363.6900165450
9364.5324226560
9365.5655613787
9366.2634852451
9366.8564521070
9367.9946215582
9368.9009181583
9369.2648750345
9370.7633662350
9371.1787348145
9371.5875999902
9372.7847519749
9374.3795104502
9375.1707950011
9375.7365375211
9376.3281302295
9377.4506511336
9377.9837025944
9379.0184379250
9379.4943441235
9380.7938736891
9381.6758404851
9382.5604408045
9383.5683744175
9384.0904514591
9385.1103591644
9386.2349140190
9386.8886122078
9387.7338327722
9388.1218027837
9388.9791696042
9390.0904665187
9391.0497643684
9392.3058525285
9392.9644771812
9393.9847562389
9394.6897840152
9395.1034160358
9395.8263101473
9397.4725642469
9397.8182676251
9398.6188688919
9399.4942068316
9400.5808713035
9401.4275166657
9402.5529092819
9403.3829307539
9403.9208352636
9405.0628782774
9405.5179851083
9406.3178204045
9407.2476275365
9407.7454365359
9409.4713366633
9410.6039370828
9410.8086667311
9411.4570481119
9412.7873605685
9413.3552047533
9414.3666499629
9415.1067924792
9415.8231513012
9416.8041911331
9417.5329249767
9418.3491846029
9419.7442694014
9420.5825836169
9421.5268920484
9422.0400117689
9422.8107437004
9423.5910086630
9424.1745617880
9425.4119635467
9426.5069036880
9426.8745339703
9428.2352077190
9429.3791441198
9429.5740252696
9430.5355141171
9431.4855519507
9432.7138261047
9433.1250182313
9433.8267159402
9434.6666657343
9435.1963142793
9437.1788493193
9437.4194968082
9438.8351915476
9439.2883518982
9439.9786288497
9440.8040699117
9441.8570962390
9442.2746344971
9443.4492497122
9444.3113538705
9445.2476108165
9446.1628042146
9446.7961220368
9447.9075249550
9449.2015806010
9449.6097253891
9450.1523135755
9451.0440254692
9452.1489769969
9452.5812140930
9453.3844667327
9454.9418366954
9455.8797945818
9456.6388489931
9457.2899389488
9457.9723972946
9458.8266843859
9459.7694106518
9460.9037725012
9461.4049220562
9462.1379898797
9462.9365161679
9464.2179043464
9465.2618955345
9465.9911771891
9466.7225870652
9467.8606327923
9468.4948043782
9469.1320393370
9469.4560065051
9470.8827710015
9471.8192696881
9472.9079427018
9473.7230795550
9474.3922456638
9475.5655211403
9475.9196355009
9477.1378857188
9477.8273204678
9478.8556999546
9479.2294786914
9480.2352713447
9481.1438822590
9481.8397886211
9483.6888156465
9484.2072983770
9484.6403889582
9485.7538566564
9486.0308688596
9487.2158102463
9488.1072148935
9488.9037848522
9489.5462585653
9491.0367892780
9491.6223371350
9492.5598515894
9493.1348479534
9494.4788522448
9495.1564779237
9495.8600720450
9496.8239088543
9497.2554427832
9497.9510072644
9499.1372229290
9500.5953213446
9501.2172677139
9501.9225200256
9503.0424983029
9503.6011177633
9504.2640176321
9505.0860803468
9506.1138540571
9507.2237905808
9507.9615017763
9508.1296374492
9509.7699138429
9510.6155519247
9511.5509776659
9512.3802085541
9513.3352292128
9513.5338933384
9514.8143228067
9515.3333355793
9516.0478517698
9517.2480018389
9518.4014622802
9519.4806573537
9520.0145436849
9520.8306439417
9521.1624371323
9522.9160826536
9523.2932872739
9524.1721451974
9524.6739997460
9525.8375082232
9526.5279812129
9527.6809374905
9528.6323973606
9529.7716819279
9530.4059421793
9531.1479235921
9531.6255716225
9532.6748493365
9533.2379858553
9534.4716607058
9535.3772695247
9536.2098768711
9537.2536317064
9537.8349155346
9539.1827964497
9539.5147442726
9540.3961972621
9541.6671020462
9542.0283404531
9543.1615044066
9543.3273421141
9544.3333863396
9546.1480621389
9546.8509582309
9547.4514945160
9548.2026997497
9549.1094080722
9550.0238251870
9550.2974358186
9551.8023101129
9552.3697372877
9553.0555298324
9554.4387310249
9555.1323511259
9555.7655171863
9557.0334502427
9557.8640735456
9558.7785975861
9559.4978773919
9559.6510027869
9560.8042758584
9561.8268551740
9562.5951602656
9563.7674847683
9564.9415865984
9565.7192702108
9565.9984737541
9567.0847628071
9567.6806686429
9568.9201367496
9569.7575838042
9570.2829287004
9571.2258359608
9571.8729931214
9573.1708287789
9574.2602121033
9575.1595967661
9575.6276931131
9576.5041204265
9577.4627207280
9578.0822689902
9578.7529373500
9579.4495774461
9581.1252840554
9581.8139313935
9582.5310129489
9583.4884370669
9584.1633352872
9585.1430638628
9586.2552339205
9586.5722223902
9587.5815346613
9588.5624223678
9588.8979461759
9589.9465398420
9591.3138194087
9592.1302721350
9593.2051804937
9593.9101654060
9594.4314297844
9594.9882858727
9595.9936952468
9597.3402462298
9597.6183420947
9598.7661697724
9599.4493750972
9601.0235944426
9601.3740516728
9601.9729527650
9603.3873204272
9604.1134559989
9604.8313315018
9605.5090805569
9606.2085896717
9606.9488421197
9608.0364446059
9609.5803104882
9610.2107663945
9610.8028233216
9611.6658877779
9612.6063497549
9613.1679634175
9614.2523233645
9614.7909274474
9616.0801251002
9616.5763043562
9617.7115634550
9618.1478037187
9619.6626575570
9620.7115700462
9621.1657593686
9621.7574076033
9622.9604011946
9623.3784344311
9624.1349445354
9625.2220755950
9626.0155268092
9627.4109225903
9628.2247119245
9628.8141760454
9629.7243664657
9630.3019668976
9631.2802092902
9632.5622654780
9633.1111454414
9633.5899195810
9634.2751501581
9635.6517395301
9636.5861907191
9637.6368298685
9638.3339702064
9639.4003722726
9639.9416326525
9640.6676244450
9641.2719276406
9642.1725836724
9643.6515105369
9643.8503007272
9645.2680041009
9646.0336013880
9646.6821202423
9647.7768742872
9648.5931274946
9649.6976276007
9649.8537909589
9650.9991238880
9651.8714561868
9652.5384640277
9653.0148745666
9654.9633453588
9655.6702425570
9656.5091564290
9657.0060736762
9657.6258168637
9658.7806782304
9659.6371163373
9660.2029993771
9661.3715335621
9661.9578360413
9663.0857681520
9663.8810765485
9665.0394544488
9665.4856616466
9666.8072124896
9667.5642273003
9668.1354289710
9668.7001281239
9669.7456162073
9670.1621138457
9671.9495127267
9672.4943403423
9673.3961908959
9674.5472993948
9675.1222266854
9675.7342720800
9676.4829704427
9677.7624907735
9678.4414447974
9679.3096460202
9679.8061684797
9680.7628336102
9681.9331815453
9683.0977429180
9683.8670216731
9684.5895859018
9685.3080042294
9685.9600005185
9686.9389017055
9687.6356503745
9688.4525041179
9689.4249002990
9691.0076926050
9691.3450994127
9692.1296089627
9692.7754650880
9694.1600187927
9694.8102490486
9695.5872651232
9696.3405843224
9696.9690929129
9697.9640786998
9698.7359180711
9699.9097511274
9701.2686360376
9701.7509558854
9702.3436707045
9703.6401368667
9703.8373882471
9704.4803257751
9705.8762159875
9706.8028655175
9707.4146470449
9708.1860781935
9709.5024386053
9710.1856795679
9711.1563810361
9711.8873123369
9712.6689568964
9713.8039095734
9714.4763726798
9714.6891055583
9715.6544265195
9716.8648939477
9718.2173239198
9719.0039482294
9719.5846054093
9720.4644540763
9721.1044730470
9721.9967533100
9723.0584551251
9723.7373132652
9724.3738732165
9725.5491289943
9726.1879025537
9727.4037284782
9727.8803353519
9729.4960257526
9730.1195861786
9730.5769043087
9731.3728277295
9732.0068936447
9733.3038597995
9733.6104640904
9734.8555156211
9736.0907923154
9736.7303691490
9737.8555829495
9738.2404213202
9739.0210721988
9740.1355757369
9741.0760877484
9741.6579721063
9742.6235647436
9743.2320962521
9743.7337623603
9745.6390666174
9746.4402687508
9746.8257282798
9748.0026970602
9748.6392822233
9749.4822543470
9750.0747421400
9750.7730056125
9751.9833074323
9753.0347004756
9753.7172130613
9754.6804992902
9755.4951122482
9756.3801047025
9757.2608994689
9758.3074540974
9758.8146651666
9759.5922466591
9760.2708913814
9761.3631892509
9761.8875692953
9763.2940998017
9764.4163499656
9765.2980772925
9765.7980450515
9766.2387547434
9767.2898586842
9768.1685961647
9769.3418475818
9769.9634603340
9770.2985858922
9771.8722798018
9772.6541686759
9773.2843378548
9774.7036174559
9775.0882835401
9776.2515339194
9776.7303818856
9777.6926793756
9778.1488066067
9778.8807632751
9780.3133294251
9781.3837324028
9782.3855256718
9782.6108163397
9783.7225345617
9784.6806775634
9785.3810628533
9785.9000341165
9787.2769201866
9787.9534861185
9788.4777593905
9789.4023705998
9790.3643849320
9791.9834000389
9792.2467289324
9793.5499992920
9793.6476187925
9794.7610518111
9795.4200313756
9796.2018110619
9797.2930246113
9798.0341913961
9799.0961925142
9800.3487124927
9800.8318153550
9801.5275984890
9802.2472182019
9803.7827243675
9804.3393867467
9804.7710107744
9805.6721919206
9806.3730695619
9807.4152686730
9808.5794268412
9809.6629051476
9810.2918268757
9811.3231076143
9812.0261907275
9812.2689794456
9813.4889745311
9814.2925093878
9815.1454098751
9816.2807254724
9816.9376160131
9817.6658160703
9818.9151014016
9819.7032092341
9820.6521097425
9821.3993126289
9821.9028297392
9823.0780613932
9823.7028957001
9824.2953467097
9825.0340702251
9826.9466952108
9827.5478322274
9828.1557535648
9828.9732873053
9829.9334733359
9830.3079023714
9831.7604293341
9832.2376020648
9833.1396943198
9833.8983503800
9834.6707649728
9836.1126605013
9836.4859065204
9837.7566549004
9838.6310715307
9839.4353595407
9840.0382496889
9840.7294699717
9841.1655654245
9842.6616646852
9843.4262786431
9844.2690149871
9845.5144849241
9846.2340222206
9846.8837905607
9847.7002622445
9848.5635971299
9849.5596863811
9850.3409153872
9851.1681157153
9851.6239569759
9852.5522367266
9853.6375304072
9855.0458037465
9856.0313869995
9856.1770609045
9856.9101756672
9858.1645811111
9858.7324141360
9859.3811595225
9860.3602053255
9861.3635154922
9862.3790131969
9863.4804829645
9863.6983399831
9864.7898290981
9866.1219939840
9866.5152681094
9867.4442255985
9868.2744526873
9868.7146593306
9869.8128783260
9870.3322585566
9872.0006233781
9872.5586660596
9873.8022209036
9874.3239576291
9875.2189940988
9875.6009562488
9876.4790170638
9877.7826540055
