alpha,excess_kurtosis,gev_xi,gev_xi_stderr
0.5,0.9769245616813151,-0.27565968995985735,0.10535653752852739
0.6,0.9476218735364745,-0.2634823101092777,0.10535653752852739
0.7,0.5461412497328721,-0.23207165776197713,0.10535653752852739
0.8,0.4710319765653943,-0.2077071756950299,0.10535653752852739
0.9,0.09057634509270196,-0.3176908871714269,0.10535653752852739
0.95,0.021777537587309048,-0.3063259174842741,0.10535653752852739
0.99,0.07468018230858631,-0.26690438085756457,0.10535653752852739
1.0,0.7575915218618254,-0.311572897232389,0.10535653752852739
