Function,L_kurtosis_tau4,Std_Excess_Kurtosis,GEV_xi,GEV_xi_SE,Mean_log_D,Variance_log_D,Skewness_log_D
F1,0.14721573433487825,0.7575915218618503,-0.3729650025551217,0.0242757289012192,0.0248127932782018,1.6121504952971744,-0.6807833493104485
F2,0.15446930246278734,1.6207885889993676,-0.3199973838025969,0.0283418328252824,0.0076613522730287,1.6655772111342269,-0.8294729242923866
F3,0.15429604379574796,1.2895718574056731,-0.2672772941672778,0.0343772313842634,0.0022370917447628,1.6898928569355425,-0.8148971699208453
F4,0.13561104824941272,0.3516579416812493,-0.2239107338401373,0.0325169156644415,0.3000007941400705,0.917200944887526,-0.0284133857645183
F5,0.14103616854311452,0.724586627506631,-0.3148933776523105,0.0307258528074538,0.5385036036508133,0.7215759409021211,-0.4891094652814068
F6,0.13668429511229413,0.2952206620749922,-0.1846820022246372,0.0347349157341618,0.2984721715525994,0.952969550657988,-0.0831029609788888
F7,0.11980446140477281,0.1926943334038116,-0.2430246501667231,0.0279508485624156,0.2759542574862486,0.932474882522626,-0.3855939856773414
F8,0.15504673393434515,2.419105460658405,-1.3698020562466688,0.0,0.9601805652968658,0.4076493553939525,-1.146475428225092
