Function,λ₁ (mean),λ₂,λ₃,λ₄,τ₂ (L-CV),τ₃ (L-skew),τ₄ (L-kurt)
F1,0.024812793280922143,0.7026369538305052,-0.07577198534606697,0.10343921512897977,28.317527409166903,-0.10783945383599224,0.14721573433487825
F2,0.007661352265159439,0.7075021037253796,-0.08210594562308679,0.109287356453414,92.34689637530404,-0.11605046146259462,0.15446930246278734
F3,0.0022370917379884304,0.7132093364825017,-0.08689904925782203,0.11004537901744042,318.8109474329435,-0.12184227661180382,0.15429604379574796
F4,0.3247783015418592,0.5356201081923484,0.0025822977744209274,0.07263600433542822,1.6491868626984452,0.0048211367253105245,0.13561104824941272
F5,0.5385036036511794,0.4725732979605053,-0.03240033657272812,0.0666499273001333,0.8775675682694575,-0.06856150508833009,0.14103616854311452
F6,0.2984721715523408,0.5471682207509578,-0.005500234288935257,0.07478930256119282,1.8332302737141613,-0.01005218154187846,0.13668429511229413
F7,0.27595425748629776,0.5424103984849266,-0.03709287015693741,0.06498318565083483,1.9655808300470212,-0.06838524899328273,0.11980446140477281
F8,0.9575446982209663,0.34538264816032815,-0.05673862042887512,0.05355045155485394,0.36069611037690325,-0.16427756498796894,0.15504673393434515
