{ "primes_first_15": [ 2, 3, 5, 7, 11, 13, 17, 19, 23, 29, 31, 37, 41, 43, 47 ], "forms": { "1.12.a.a": { "level": 1, "weight": 12, "dim": 1, "central_s": 6, "lmfdb_L_central": 0.7921228386, "computed_L": 0.792122838646, "max_deligne_ratio": 0.9594070241195464, "sign_assumed": 1, "aps_first_15": [ -24.0, 252.0, 4830.0, -16744.0, 534612.0, -577738.0, -6905934.0, 10661420.0, 18643272.0, 128406630.0, -52843168.0, -182213314.0, 308120442.0, -17125708.0, 2687348496.0 ] }, "11.2.a.a": { "level": 11, "weight": 2, "dim": 1, "central_s": 1, "lmfdb_L_central": 0.2538418608, "computed_L": 0.253841860856, "max_deligne_ratio": 0.9702693410297263, "sign_assumed": 1, "aps_first_15": [ -2.0, -1.0, 1.0, -2.0, 1.0, 4.0, -2.0, 0.0, -1.0, 0.0, 7.0, 3.0, -8.0, -6.0, 8.0 ] }, "17.2.a.a": { "level": 17, "weight": 2, "dim": 1, "central_s": 1, "lmfdb_L_central": 0.3867699383, "computed_L": 0.386769938388, "max_deligne_ratio": 0.9646414452697689, "sign_assumed": 1, "aps_first_15": [ -1.0, 0.0, -2.0, 4.0, 0.0, -2.0, 1.0, -4.0, 4.0, 6.0, 4.0, -2.0, -6.0, 4.0, 0.0 ] }, "23.2.a.a": { "level": 23, "weight": 2, "dim": 2, "central_s": 1, "lmfdb_L_central": 0.2484318665, "computed_L": 0.248431866553, "max_deligne_ratio": 0.978512881603024, "sign_assumed": 1, "aps_first_15_embed1": [ 0.6180339887498948, -2.23606797749979, 1.2360679774997896, 3.23606797749979, -5.23606797749979, 3.0, 0.7639320225002104, -2.0, 1.0, -3.0, 6.7082039324993685, -1.2360679774997896, -3.472135954999579, 0.0, -2.23606797749979 ], "aps_first_15_embed2": [ -1.618033988749895, 2.23606797749979, -3.23606797749979, -1.2360679774997898, -0.7639320225002102, 3.0, 5.23606797749979, -2.0, 1.0, -3.0, -6.708203932499369, 3.23606797749979, 5.47213595499958, 0.0, 2.23606797749979 ] }, "11.4.a.a": { "level": 11, "weight": 4, "dim": 2, "central_s": 2, "lmfdb_L_central": 0.838099272, "computed_L": 0.838099272084, "max_deligne_ratio": 0.9589804545427221, "sign_assumed": 1, "aps_first_15_embed1": [ -0.7320508075688772, 5.928203230275509, -12.856406460551018, 16.928203230275507, -11.0, 74.64101615137754, -82.78460969082653, -67.92304845413263, 13.353829072479577, 168.9948452238571, -65.49742261192856, 40.856406460551014, 274.9282032302755, -2.287187078897965, 71.84609690826525 ], "aps_first_15_embed2": [ 2.7320508075688776, -7.9282032302755105, 14.856406460551021, 3.0717967697244895, -11.0, 5.358983848622444, -41.21539030917347, 139.92304845413264, -111.3538290724796, -24.99484522385714, 31.49742261192857, 13.143593539448979, 261.0717967697245, -57.71281292110204, -343.8460969082653 ] }, "17.4.a.a": { "level": 17, "weight": 4, "dim": 1, "central_s": 2, "lmfdb_L_central": null, "computed_L": 0.714331345145, "max_deligne_ratio": 0.9901815523079553, "sign_assumed": 1, "aps_first_15": [ -3.0, -8.0, 6.0, -28.0, -24.0, -58.0, 17.0, 116.0, -60.0, 30.0, -172.0, -58.0, -342.0, -148.0, 288.0 ] }, "23.4.a.a": { "level": 23, "weight": 4, "dim": 1, "central_s": 2, "lmfdb_L_central": null, "computed_L": 0.855501738112, "max_deligne_ratio": 0.9413710158381036, "sign_assumed": 1, "aps_first_15": [ -2.0, -5.0, -6.0, -8.0, 34.0, -57.0, -80.0, -70.0, 23.0, 245.0, 103.0, -298.0, 95.0, 88.0, -357.0 ] } }
}