{ "metadata": { "computation_date": "2024", "T_range": [ 100, 200 ], "N_values": [ 10000, 100000, 1000000 ], "scale_pairs": [ [ 10000, 100000 ], [ 100000, 1000000 ] ], "function_classes": [ "zeta", "chi4", "f_rand", "L_DH", "L_DH_pert" ], "total_t_values_computed": 2755 }, "maximum_coherence": { "zeta": { "pair_10000_100000": 5.137595968685204, "pair_100000_1000000": 2.6183311464968004 }, "chi4": { "pair_10000_100000": 5.487516959413353, "pair_100000_1000000": 5.502391658316437 }, "f_rand": { "pair_10000_100000": 17.638816402961393, "pair_100000_1000000": 17.70942049771713 }, "L_DH": { "pair_10000_100000": 4.893723746559194, "pair_100000_1000000": 4.806949347622245 }, "L_DH_pert": { "pair_10000_100000": 4.892069557945242, "pair_100000_1000000": 4.806443065246294 } }, "mean_squares": { "zeta": { "N_10000": 4.1563022465138495, "N_100000": 13.923295286871166, "N_1000000": 45.07699149785322 }, "chi4": { "N_10000": 3.569415871549421, "N_100000": 3.5534447410007552, "N_1000000": 3.5647240194003387 }, "f_rand": { "N_10000": 9.526677085000907, "N_100000": 10.415316000357246, "N_1000000": 12.097762785051371 }, "L_DH": { "N_10000": 3.2587880390077744, "N_100000": 3.2441229313080804, "N_1000000": 3.2553710262622686 }, "L_DH_pert": { "N_10000": 3.2747209840451577, "N_100000": 3.2600040944553905, "N_1000000": 3.2713098477867675 } }, "hypothesis_test": { "hypothesis": "L_DH shows high cross-scale coherence separating it from multiplicative functions", "result": "REJECTED for T \u2208 [100, 200]", "reason": "L_DH shows similar coherence to \u03b6 and L(\u03c7\u2084), while f_rand shows much higher coherence", "statistical_groups": { "standard_multiplicative_avg": 4.686458933227948, "random_multiplicative_avg": 17.67411845033926, "davenport_heilbronn_avg": 4.849796429343244 } }
}