{ "description": "eta_theory vs eta_empirical for L(chi4 mod 5) at (T0=46.13, sigma=1, J=10, H=1582 zeros)", "parameters": { "T0": 46.13, "sigma": 1.0, "J": 10, "H_used": 1582, "note": "Used 1582 L(chi4 mod 5) zeros instead of H=2500 due to mp.dirichlet evaluation cost. Sufficient since the Hermite-Gauss test function (centered at T0=46.13, sigma=1) is exponentially negligible at gamma >> T0; contribution of zeros above ~80 is < 1e-300." }, "X_values": [ 1000, 3000, 10000, 30000, 100000, 300000, 1000000 ], "eta_empirical_Lchi5": [ 0.3683489367891883, 0.05572003828559407, 0.0075426666026006065, 0.0006807426423868727, 3.8025437004812186e-06, 1.106973965314254e-08, 2.783682629674369e-10 ], "eta_theory_PNT_Hermite_bound": [ 32.82591996298927, 15.159246317962433, 2.6983249196401595, 0.20120430442608495, 0.004298584907616831, 5.365375521965509e-05, 1.7702526729547545e-07 ], "pearson_log_log_Lchi5": 0.9934671503686341, "regression_slope_emp_vs_theory_Lchi5": 1.1238872485698805, "regression_intercept_emp_vs_theory_Lchi5": -2.513356160982111, "R2_log_log": 0.9869769788615729, "geometric_mean_ratio_emp_over_theory": 0.0019620839619829285, "comparison_zeta": { "pearson_log_log": 0.998771667128165, "slope": 0.9126556749180773, "eta_empirical": [ 0.15592269575707887, 0.07011246333162913, 0.02559638933801269, 0.0011963878860368046, 6.0984094655466866e-05, 5.347440200676383e-07, 5.795525797172522e-09 ] }, "verdict": "Theory bound holds (eta_emp < eta_theory for all X) and tracks the same decay law: Pearson r=0.9935 in log-log, slope=1.12. The theoretical bound derived solely from the Hermite-Gauss basis and PNT generalizes from zeta to L(chi4 mod 5), confirming the noise floor is a basis/PNT property, not an arithmetic accident of zeta."
}