{ "zeta": { "xi": -0.13648413465927672, "mu": 10.439755382913198, "sigma": 1.7323311595397684, "ci_xi": [ -0.263474333347865, 0.015299439613264592 ], "ci_mu": [ 10.014588833447215, 10.87316663944263 ], "ci_sigma": [ 1.4560439325433625, 1.9875378473337384 ], "ks_pvalue": 0.819181727690435 }, "f_rand": { "xi": 0.2086609175485526, "mu": 13.838035928600366, "sigma": 4.929173155488242, "ci_xi": [ 0.027365284293340616, 0.3559029695017957 ], "ci_mu": [ 12.778752736307437, 15.06474740455412 ], "ci_sigma": [ 4.168321602656424, 5.783991294822039 ], "ks_pvalue": 0.9573145320683674 }, "statistical_tests": { "delta_xi": 0.3451450522078293, "permutation_pvalue": 0.0018, "parametric_bootstrap_pvalue": 0.015, "ci_overlap": false }, "parameters": { "N": 100000, "t_min": 1000, "t_max": 10000, "n_blocks": 100, "n_points": 9000, "seed": 42 }
}