{ "zeta_N6": { "xi": -0.11826840336102448, "mu": 10.480999947775336, "sigma": 1.676865794089153, "ci_xi": [ -0.2460538226258786, 0.04437775165033076 ], "ci_mu": [ 10.107413323802074, 10.866236199634752 ], "ci_sigma": [ 1.383551732138203, 1.9286678318306 ], "ks_pvalue": 0.7780933007095457 }, "parameters": { "N": 1000000, "t_min": 1000, "t_max": 10000, "n_blocks": 100, "n_points": 9000, "seed": 42, "n_bootstrap": 10000 }, "comparison_with_N5": { "xi_N5": -0.13648413465927672, "xi_N6": -0.11826840336102448, "delta_xi": -0.01821573129825224, "distance_from_zero_N5": 0.13648413465927672, "distance_from_zero_N6": 0.11826840336102448, "reduction_in_abs_xi": 0.01821573129825224, "percent_reduction": 13.34640934180853, "is_closer_to_zero": true, "ci_width_N5": 0.2787737729611296, "ci_width_N6": 0.29043157427620936, "ci_overlap": true, "zero_in_ci_N5": true, "zero_in_ci_N6": true }
}