{"idx": 75, "tmin": 4350.135, "tmax": 4382.538, "dps": 80, "elapsed": 109.57709312438965, "n": 43, "zeros": ["4350.3346233033536129448725790657145831826059639103435184913268623", "4350.5512020310993051965272487479466954958692824131492707738172853", "4351.5486907007343981154463719275450946707232009545594049538651381", "4352.2616920743888542828529790230852081334252711017370730805909023", "4352.7116195559514916218029768750139710724671606557796166502025757", "4353.5580764039892549440852785151178111218793205439218080709049348", "4353.9810532194894739832252689411896604947105012210814690123799516", "4355.4192547382029260917652267065964637095856092648856414780215677", "4356.2653289811257142142453599329210475083044591462272727820524449", "4356.9900358931592119072048058660100266572886305247123155816053091", "4358.0273890096075057054561566309552701279377973854950322206899531", "4358.3667640017027369040083686062819430570398592911693515384077108", "4359.0896947987891468556780579209669158433781505862544849576217622", "4359.7491847700521153715727752353029449350812323974798379302223576", "4360.5511012019781602364944057191421860806738901516106746053121582", "4361.5598863877311245752907865409233176797912233841861013063534242", "4362.3442011288547690450965873984657818458222284986142935592073123", "4362.7044339266961771872368010615167016129026005136929869270226422", "4363.5634290450857249696587203502951857152626903452580134289920631", "4364.5672666068280700987987557772640784261391745224688312330053473", "4365.2148535028068250267960908225059878160368658031526500432427458", "4366.2160800644171012645890422812858983952870118077468834759556580", "4367.0107401513454451226158023447556821281298452686411906858863926", "4367.9226779471854702664915550562827724203681316525769463624230302", "4368.5933550695116655258336609097659842122452866290423452806078450", "4369.2288593557448186911615373811598495437147115459178499646459029", "4369.6204763974436475717374638066958087993907394734156005148086049", "4370.6659559913107711117647519763425075768293173294684467719018731", "4371.1615000189427669445535897267920398384031274767065312394987092", "4372.0760886300954402490007837523627730752230854664060796577102426", "4372.7794551736089611404914612660960248603975768900295772342985026", "4374.0629085911699769678229852891710629712762302631372280747277676", "4375.0215113939613089610043931510870187003070987117680232103300940", "4375.2219188558930060612475445329561682642762885164921651823216717", "4376.0821404266192220977254578561029407273378176727633825403428938", "4376.9119493636881686112802563397056667221856298631724118006192233", "4377.6732446876355887916238991675494534433791907393183682470097109", "4378.3240902545621704137917030688516744281091392993511981060422813", "4379.3585651089749647519025727731296479676726992369229449170005843", "4379.9953220028300032517775024137845447914213349728444858084756949", "4380.3625867981788290987862864949567512543629915431874040638404397", "4381.5426812791239161371995872580035029364946581667067321769081462", "4381.9090524330425648215809889316755826854310445420527227525844759"]}