{"idx": 20, "tmin": 2229.523, "tmax": 2284.428, "dps": 80, "elapsed": 29.610435009002686, "n": 65, "zeros": ["2230.6397058863196689158874333780443512155452265138295304375520660", "2230.8745541283476040224751732601265689011154724969016030647521600", "2231.5340647167706755958078692163648408979926619752949958115032074", "2232.3879713082136154488481332474472879960627363906359291723412686", "2233.6059234352402286168821486069546154110281838173004279581895645", "2234.5397839507051251792499196066375285355806261542433817052791407", "2235.5671683809189784879207308862626852466785489384774104407510254", "2236.4037165516599697165094577228933171681315638786888186758866963", "2236.9963361125602548164022360921652395772405476941898479796203352", "2237.7653011874258888949988690736150737616842016022477657049814545", "2238.5156491336736965694142995017430937779666383075369600956359876", "2239.5823365900912016771413310741834397835426084307452711523148327", "2240.3745323808505473389542940123113082552240067274272723068230889", "2241.2446142265021670739267176065303959203640717930896190437481945", "2241.6892798837366820936578917421233732614079546751564289813989044", "2242.4580497196651443165912270383417681534444072238687146676269417", "2243.9328207574672295349481845513058923902801164228656515271848354", "2244.3166425643643377220340494427561751318114512338549321377816468", "2245.8800244787732816649474187533384135214420895214419498170664291", "2246.4605198012111451134412694426286759067732521635322556918702744", "2247.1115358886293343237491085974914328160132263770381793245669432", "2247.8555715282011135200823764002239969859550975728667904129903142", "2248.5603787517921424041842235122161191258982451791689444753597443", "2249.3296512742920457862476638649761825297754947673443394164776012", "2250.2142720024658792479744251309352222990254527659471789742962067", "2251.1184028009670211392193864187672836998614733541021690555966809", "2252.0156211533371473056191247534166597253349360950752841882941841", "2253.2366697635930010728576798475885203320310524220427462348922043", "2253.8145349887769904429389942186860322959983265508363169889923103", "2254.6844990452609522673672922904794343993571466295719014024416155", "2255.2613002156782833123222536647306494664971364961298744371128276", "2256.6669522521536392720087721593306978335170232230536298281002147", "2257.0086152039881520060692136939073800250611367130861897627503331", "2258.0900781170886441713253729389449760106530966240952337183335849", "2258.5661923654669666273789644440590232410283462570783361046023714", "2259.5710473172133318207385070327228181640697982230062325041386677", "2260.2183295953004893490805277645068571080152879908103061188598970", "2260.7697808570122289147984134442651814096166813674856337328700108", "2262.5707878805730387943613012398171240373469557608841162146895631", "2263.2615119381538010354201051718253111694493420353707776021855004", "2264.0527651818214923295280188344962616119907311897719781330661975", "2264.6669183360656751003560004071495564688160258640546037099679815", "2265.6102388527212369984498690678374383350172103416236652215899296", "2266.1838485115695498469882074090989933274900967779630833244863642", "2266.8908156098968854526904024208774928120103573901121296046647418", "2267.9774806805881378530547166130825595697416508958995356955499819", "2268.7519318266494551518184924782613659786435300943415132291459416", "2269.7065055449374163332475992694461674433254700475886425398111801", "2270.3950916940990320108221639699050846341621483715950047082130865", "2271.3070154275260347611048269516862435659345533315063582500313486", "2272.3985473346896022187483475243833226698481269776389791816414715", "2273.2280821539675951410560989378339476407168991738477920221966675", "2273.7896896874231610933679486997955428593523371363466475356422036", "2275.1025441287337785649088152551504734591432836400744634612092839", "2275.6423245570238099247281640252526294847615835883369996111932014", "2276.1672484541254610546502036586776047702634410675026454829450532", "2276.9677624108737208863712247246251302263308624413551404264946305", "2277.8254013195661753614697206331628595592440377369481978056923042", "2278.5069851897182463246360681899433069467541745665239501987150606", "2279.9829924709170764569739379683606803289349072361602524870528630", "2280.7863018813601838311006424221298005155072418768656053561461638", "2281.6421483464496742772542899341318313072597555377594070530019808", "2282.5183681487434081399929163473791080230348718830515446253338555", "2282.9715605908256833520360138447624510250109543500980983010263291", "2283.7245277140585059535971391944420079217179708088574366702354765"]}