{"idx": 76, "tmin": 4382.538, "tmax": 4414.941, "dps": 80, "elapsed": 110.0263602733612, "n": 42, "zeros": ["4382.7241589491128186643671056980994103027299578939764061038749825", "4384.3735316779333231192767155816233856918829984584592581484335744", "4384.7827248153481739845128549058024501866646500761509368689811208", "4385.3679399809376674648334119970503419671967844448971859058385469", "4386.3450737788915094153476261023567502551796280237739536293733908", "4386.8438042729600078437371556252292417501207443369712161643957983", "4387.6630927861206448529046859816126454206407803106249588908953833", "4388.2090125941801377592509179068522248538541759189201573787539145", "4388.7752954797267881316965441359232093321069935141708222009904843", "4390.1160187380155112219065016666432603992197679973905768635013918", "4390.5497208598661625081902008853699588990243947385443535713407305", "4391.5116615790718796509504251674999731638943326643951427538152593", "4392.3662277234553952871127316887111782762790623163046337157345874", "4393.1763418335753463176132830917785542635701308578620983033078529", "4393.7989070259377048506983718832657226474349161103327216715144782", "4394.8573643964827718283954365101014309651977675591250585829343811", "4395.1334087767995106981025563951184437453404007619341636840013813", "4396.3893584128988292215217833504502290392398683595510967926411997", "4396.9802025556313795727632800234670988228583428205667428965427887", "4397.7364686190881405894735340079616681258646875567556811088045360", "4398.1093341950442659994646158085847460432672644117678543312950036", "4398.9498419198203115998435610056787343127075719067537679616382599", "4399.6365570633046504559599633217802556092607425924819228182530244", "4400.6749182976549498692903264120333148522050558072753344947148805", "4401.7598467826749027512352462033016414481594930067205811323652391", "4402.5503245900563740452290326157748044224137145988438047816152168", "4403.3709540236370465171793407659377714623361475558601074918935108", "4403.8998555029480369864005379602408218302858744748722133696338324", "4404.6343720381700321389816423325701189435607436376473584507376921", "4405.0184398053594848260287857577016537869874883080382103704138461", "4406.1481769495914174031568608034575095063799569795018356080068337", "4406.7980578309576338489442326942828858364340878087233669974446549", "4407.6542516581889483211844343680120399795704484385625852037747607", "4408.4286635722869184812378428049070368799411920422907710917318453", "4408.9396496189839451485289752757084030193971168364897258045729258", "4409.9974234778195095292426779029427400385824909093923649585043895", "4410.9091355706456957435933456671429416223872693733107132457147035", "4411.4152272592674076648784764972185286167602756633664527017621645", "4412.3790847465012595334970707734173209245428572600354237855578206", "4413.5413390364826577212729846297159530055538899274848746370877789", "4413.9837854822218450515926620619381452020438015989181939143622952", "4414.4003309951716721713417848837190050143661837777015786072251491"]}