{"idx": 63, "tmin": 3961.296, "tmax": 3993.699, "dps": 80, "elapsed": 88.52447032928467, "n": 42, "zeros": ["3961.4389292851042670255828268304982180265891379813678045600484843", "3962.3490064878919373189538254263221553517730141691974450275634027", "3962.7882796246184289832759749650063683250255591809395839311986874", "3963.8701283821474293944567987351541977744651714233130411985263025", "3963.9530043592943318557619506581906217847822087639322105298265520", "3965.3163177651677144704700761804314587017175401319187140791154960", "3965.8302764135719852859252465758804452293567202727156183085805346", "3967.5286031273675234960952484021179546610918361142201359181328367", "3967.8613629026195754457214681973471984230619440878297110569312949", "3968.6245098209081301268910171738077386944336739325511143455948264", "3969.1148901202542955249251325486660189813023371603052101718112402", "3970.0562299892185562721564244938676606387751154241679595828320333", "3970.6551739785674533236112033015347045016232802254872809524718603", "3971.4602359384078497024527067393755922730868539842629269859730563", "3972.0518289317625650290803038927220094193813993457529221078361805", "3973.2932716705364323697399394431452991537896389394157657891293764", "3973.7582112378032765327306042145607930517543348063397633207372528", "3974.5877213367415745755044653031498030815140302245474655054701892", "3975.6565610770403091312218519813159227700345022648049988322547333", "3976.1792319283909520804372188460578441413512208901379165275694453", "3977.0752667301726318592981916116917919419512112206786008885526931", "3978.0989121290571496568468551415783563787279627340022287005094705", "3978.7406965812124474868594352545954048577326426571070351449560160", "3979.2353427635519137404749526476452064345262385423048613509790324", "3980.4326495103390462414853384986125862527344048077159158026604829", "3980.7667101063491442457471462559359372326978686496520888401158224", "3981.3826233898925535411775311181962089698197076281204816522620927", "3982.0866798112392677505592131654276413635282853453313171992598502", "3983.0447363378333159936675535813935265752438107715686770627431793", "3984.2916908779133159937035406474445288301038970857424733901524930", "3985.1592662846765515855970785994181114528255911492189072084966423", "3985.6369965740116939050190193570453569189907486790031765413509421", "3986.6583459787671614529339265942332926425561294796435460575800237", "3987.1975932935201466592505908652309065526953662295885178047761331", "3987.7998602573347004059536693780159930321236162860460235817789505", "3988.4606796158998875279436231418148966404667851643346968011905855", "3989.7221552248171654490776660942092482799210841146455279141124999", "3990.1119600302152559605112543694253243933707198329345008900971458", "3991.1566994981999263139604062444142072851385083527343761476230799", "3991.5845690759041502931208804279845918162949490166511200681104671", "3992.3021074798871388267202484822621683502928543205115762458683913", "3993.5725768598623456106876139447156932739643392008787664432778276"]}