{"idx": 62, "tmin": 3928.893, "tmax": 3961.296, "dps": 80, "elapsed": 97.5430235862732, "n": 41, "zeros": ["3929.3175274799809911653960245214476281641569430229913524283086234", "3930.0401703949913652288191669138393135127248365054005983441157237", "3931.2249005224993096815312357708017203400719151246568005109361586", "3931.8949797366108698585021197326874282006455575232569503301227557", "3932.7239341889721934304682627189336879054066026356297646918362474", "3933.5748061064673312697633998579422319049729800564428657109876668", "3934.2335077678738014778672269421579249294921527124498279442827185", "3934.6271815636199128722148711431066404162823758056675627262310068", "3935.7318684815030360337465791201815499012749477658108884928877796", "3936.2751514879293419946082511338010723048423324156880175334972695", "3936.6490792377022722232780654698273454553207080505691990696587834", "3937.9896691675983275444476662275927913184305966042691117786234799", "3939.2794072093482915047577160403217083501928433314600572401490085", "3939.5988414645215380518042003490331749381457029293596022527020937", "3940.5199111616894431385431763176738551973607854482464095596772491", "3941.2507580745906114233611793252100377292389587608456249403574693", "3942.0990029931492179895140987774447694664496638280342588115271453", "3942.3928830298474468191486992561747364439077786422293845138488013", "3943.4627426068322752090453323270659220966207116991311431761128081", "3944.3553620337575337571368267200228592038003243017254446925622710", "3945.1444350864011014158302339993015992413635024072798784912340798", "3945.6461706253630684792100082926114158354672692652209216043789003", "3946.3462393245411724056067066336048223328711308826683247078326237", "3947.1639896832186415077731367102643821415014994042004546696131571", "3948.1603036441329636623226008948683553279872251334661789435986358", "3949.2629367477238566254340087025533162018259968288620815462167326", "3949.8164740762831583011608651956222471336154511476054875861238284", "3950.8192679400137440334929163792378829150452616261790251818016218", "3951.5163030914915293233944478551170454796824362763087950457701171", "3951.9398170942503942852226809500179737546662326184324296015167148", "3952.9264467037711987599038408824081177288678616330639331376248742", "3953.1616891664169588780065022972352889926025794232662357594792398", "3954.2012766323149711280683474342757662800147185681059482833567682", "3955.2205441721834861852758564438321519747644245906681503926147019", "3955.7854398706656573253220605487517469004762279661577802799751036", "3956.7887023846198567024070971043178931658403355818721521111023285", "3957.9343152511809489774656503118798552257278720014714487697729642", "3958.4078852036649603842466838967175858981024468784955906424748140", "3958.9473851537690288065362233810318571526610612369558670651982908", "3959.8293218140692508847042027414924638449195625057604155387939011", "3960.8857402834293191107054693186998292879054221147792028353455000"]}