{"idx": 21, "tmin": 2284.428, "tmax": 2338.434, "dps": 80, "elapsed": 31.5995614528656, "n": 64, "zeros": ["2284.6740809323227245635246153076056825692876823286450099356587240", "2285.8491725629954860590040419445616891191224384065302576785691724", "2286.3995419625865975510132502212478114486015205378989526138453580", "2286.8269585354094879395081674536621514046539206471701354553779554", "2288.2310193710297677703322881477641017113941137883113621391454696", "2288.6213956777471583176748529610158486436346417897231611659263629", "2289.8681218977587785872628392596826582348690511809040250343970408", "2290.8117410356223184023626562084811719517550358424958187775900320", "2291.8415801637032772218767140031647730969151638040999709331332029", "2292.4433872091621140733321237151039234509035165484804539949013039", "2293.1926936750375422880809891679094905871146125478413522476130509", "2293.6803113875923196332071978370272441319785771517518829836188845", "2294.8930473741818128851526620750934103084969950082190650297671722", "2295.1557366828122707392450805108231228436311473810759819635508482", "2296.2774807400558680148197794780225002327799676926818491892458974", "2297.2675235171111512495074072170947427883989587874918086862933001", "2298.4200552773476279839883601178687397022493416288162195051468275", "2299.2866241600255780196455664913356503059484780796814413753442788", "2299.7492756814281119294700031906401494597256851461371182806303807", "2300.5850716816079292339258069381774904230556756039074475594574912", "2301.6801072005148601911139791343499086168867371275530886259948532", "2302.3087194054495060902616223100937808927330710875007468313014362", "2303.1412249494769835541047409208542611304096247781141720048619077", "2304.1292063257998029054158214919282636243141779389122585405183402", "2304.6764304052899340957652637086561952133115723593669411996021280", "2305.4296862539332213991958543461015100128713266271440499223363362", "2306.0672902294829292251067637974810435274129023205690302018927772", "2307.4272135609176526940966770241834592372466642098664350703107784", "2308.6479174451303186310514580165696965581963499772330949050022679", "2309.1553090570921005824207091641843871894806703126605915737515881", "2310.1987865705091190291525133023876993371122086358372098137329046", "2310.4951317831017381467361362570541673189532591718875687931086819", "2311.6290183387717041368921469992512831659822961626481520493996950", "2312.2420596322564348537192503145932034462097680795011919264631289", "2312.6892103877860479735540202762146808640511461718757927450068146", "2314.1416167424166761420833660425265574373269241123529592560472187", "2314.9588088453765785960757217946147589701149426228493149321011682", "2315.3766044438289196705103432051594532220431181947754794972163466", "2316.7408430644865338196655393306176752793315333358270786999960748", "2317.5835251186050147788288094335742670946446409248870290516987565", "2318.1105188749435844635492425978906642342454074256917671221736832", "2319.0986678080332800177513586176264848871943067242810498152502302", "2320.2342875297879552316302006505118288519881807433952172806614435", "2320.6687185279903533434325699240693194473592995360255348307255805", "2321.6207669499367179541433056284896729028077953043427297300423655", "2322.3507923761485710599704678840683975807799392229138384394864345", "2322.6755609174810065699625706182556163558787671669747638857716514", "2323.8416069386647711003433975283933038237375343028847151009422417", "2324.7805760372975051652267756071169849147493155712767989566907907", "2326.0246646006269890979195735280121000984288212681768241325366435", "2326.9406151634845791663399232806753278944120702916330317851253826", "2327.5582718814431856798433907141955711318863123109919094353760937", "2328.4178129265695411870313242194470584467315076064155198027421911", "2328.7241146814995077595608013425634183869823176201284396682930471", "2329.8300813173940409258947139006447940013536853754431065709212288", "2330.7697827368941658459334740201657682327944564305301584827597275", "2331.5331288675195447092717173220945975213499251260229422851591266", "2332.2454403341321058182432551922607495400333266928065064655875649", "2333.1742361722484767861678975654951611997539531171550707122361717", "2333.9367978797026667961804600704213684096077659283844928748026023", "2335.0049927972145302991779754259548281147506462672590309979847853", "2335.6833690523641295100951938781557815440807056272571802642514169", "2337.1320606797869493673420363847740975302475429959201361691360080", "2337.4091047896504865532776318957217650021139609427893067702630914"]}