{"idx": 69, "tmin": 4155.716, "tmax": 4188.119, "dps": 80, "elapsed": 108.4941291809082, "n": 42, "zeros": ["4155.9836566139891445986244280569076129042949515382619535660413521", "4156.7055965636358961551024698634847094392726276851377718608316837", "4157.8621065938613785315403648167288957087173721366421784080948490", "4158.0825316998011619220197820865906320469050089667865434048584155", "4159.0240253143773773028561682050412464206359910885838148568281595", "4159.7138225006915719523185167482323107801142689651693889859941218", "4160.1781426967411293908299492893442495914317038081088619988000260", "4161.6483210849459994108369144805245039385535965112178073793764920", "4162.0817380452787535327401587349929562406234524000231161844004095", "4162.5137242553439413033271385866117786320640141168557832231844822", "4163.3824139965530769519714007975165226716527365711392571143069735", "4164.4066576145946019049992388516198912672611344420717021623719644", "4164.7505970081074311556157327315257079949416610394011078725079959", "4165.9299460445892933231071421655024352433391382610145826695744333", "4167.0256040662821253029958214867835561281666043999423184221612918", "4167.7853371034364138189607387757035636459546080071886421377166554", "4168.3573487339087736130113273431959810551387129584025923130993889", "4169.2775387017113103621696026186878090964791463480751436630064335", "4169.4578984266190196495925401396951106351655383547942390711296939", "4170.5293223682272596026050250521647421287158953137550960131957134", "4171.1238927147383077556957015125811927231275215131566063021988314", "4171.8904103729014830975021181474303111150263825144155386675645434", "4172.7641292502986655779285689362511348357025620995592220106863914", "4173.6237947331572891207137386082312065833057257769474953754847028", "4174.7397501010063691439442880004716291065257413829220315994482053", "4175.1844429424946958051519827751983213225023964462932638139100312", "4176.1855788500919181575378269230132133057768994276735413571548752", "4176.5566525753962858680795934022981328383813555404264674618524702", "4177.8951743504810029709151338602149440297994914889652658193512233", "4178.2020008370413401113705886518885627566517358252670063441936492", "4179.2115368882677628956933570148304568321152451218570968366995490", "4179.8138865525402852372198695393119681796643093331916769737194296", "4180.7058714330163510969657975257384287690176998842839646729680650", "4181.1966400925399931107197364707918921783761223746936706301287271", "4181.7675233567908924159655747619302074422758094579614816832069070", "4182.6416709738739024688381945130182056142022662448956277704908375", "4184.0380847224347166287316195056717369052315636215926737768604348", "4184.7533836939730524709813371098462904273942153226443960758908653", "4185.6046572217977821736723533232667580119499467818979843289693546", "4186.1212963731067024815069336405723722224978641978107596557952949", "4186.8662867757337985011711771601086890298386546367637225354708160", "4187.6104402321145670283109558236835630400981151941046024618766162"]}