{"idx": 44, "tmin": 3307.831, "tmax": 3345.185, "dps": 80, "elapsed": 121.68457388877869, "n": 46, "zeros": ["3308.7072002003930815412436440905906280777098595361269083865151438", "3309.3682923314194204613686180280419542033828792490485493899319646", "3310.1855979881221685348726010770709297115523021791430367016643673", "3310.8647224207235212423393876778545636851392510791664218717040805", "3311.4022742107873440530915091181048366402638337180250331447116776", "3312.5512778840604289384178379703070649902694985895494616677844648", "3313.0009204647493695169344974133450998953369858117363066930478588", "3314.3301713834973348446810958163853552382284326039876266798087387", "3315.3823900659204004468921108313154616761990948826335987527097587", "3315.9558279514542108311771652794676198278462541409844395842934817", "3316.6817652740890100935272317405937259005903592600288200517219638", "3317.1249439913764261581185628881864259835891332216826639369779945", "3318.2080406381041051973582350013367074397939856087945177183899424", "3318.7198824665433820649821090283556605309147291477061576096087378", "3319.4221649416069463382930241804981468050954342990961831774575485", "3320.3272706379643777210016674210020879736069916645488480876833614", "3321.4718970688286436881689235359252220346254077071467811127740115", "3322.0457561104446613438354530928238559850418434547234228695349790", "3323.0668076881012918239221767568630942541189439952613121737883250", "3323.9586480106448370270183147794684631015313385303913005954465174", "3324.2890223443153518263459380792797176638198961144300348750192643", "3325.4625122616955799091487115273135992221001526504013100147180272", "3326.3409883852328079694453794100034793273776278235382554163969188", "3326.7565219893928042747684124601627017430199177625580554472659439", "3327.8057008177754703158531859959333166320626332382186548914776214", "3328.5158099476852128641295586986455298249556093828138834894656101", "3329.1931391943681247662180958200677792069350656797132623322482340", "3329.4490115183495153944599472037982382517364152141734844439702401", "3330.7008715993371128280915018595637091922786725846184317637977317", "3332.0182762179944353385692311874550581995754728342196359655614212", "3332.6338684732404965616167358363061034211105619243822449603151025", "3333.5921481590201464039910211165888652868602989444808238094256049", "3334.2736965701223943646892209676189897476793837806813953030941723", "3334.7609270390297420774982554293581026600117622946290061659304375", "3335.7150795029339811051559791578134158408089117317690343722065125", "3336.1469818040265104073208956887471273159395244305489845437811551", "3337.1331371983519554114038101788337589098882684198728062714880442", "3338.1376756497881997301882206062385717715558561385444732758524824", "3338.9277487949003296291543650777385563394370546970620424016054657", "3339.2639279805201776839232578184288710538479528699510064112071929", "3340.4729880448160997683067142254605691719411246518980215168025510", "3341.4013269490276886491469183239461017267065048041903748916301678", "3342.1299826819832003854573425807511451218566130708661262950707032", "3342.7519838967908390651665440797861939250704277699496397160895484", "3344.1799223542926451737732678612350776948843113747049262349520631", "3344.4297839652631223717669527474337088925423547375166817409111473"]}