{"idx": 1, "tmin": 498.2, "tmax": 704.32, "dps": 80, "elapsed": 7.112973690032959, "n": 202, "zeros": ["498.74311870188342210476724642760698289894792772950107314574831627", "499.52089255601755812649980780539781581622029436720499738353555229", "500.77947316972259609251991082145818698511275414306997370521205647", "501.79933124406371483320251967148779094582547621151848559755839428", "503.01048202900771685971846364672041253935142672370625587059737263", "504.30727202016749736179768256365288497558312663389842155950545714", "504.85491489231956400970046757807630517709327975601838416182323206", "506.54703656413049814353284071907110322386294896659706795893901506", "507.23386390698100740097378505794348666596067581594399490730637517", "508.14226526351923944974388269020930342697517391999152457695363059", "509.46275506387161156009867934607684359980434835911077902422561434", "509.73061753443563257839872784288483192743995585847511239185500722", "510.88167914616481655039243124725877521671251856749704297061813363", "512.73972334460219762474406381584423161561073785012989860485225099", "513.83882645810096067206970238949442287830197916031004568151971899", "514.66467096780397823118821035875596040434036457954123970370435198", "515.46211595630656873698700530951777591096985151549502679293160688", "516.64540898852288877924929205599097576673590924354852473293295422", "517.24906606530592727738041677078781890838843873848926899523514212", "518.86124142932534724872672276198500910765337611525277514553327571", "519.57196699264605257946147637914359120195532281288213598869045890", "520.40832951784323782451599475418290820297983425472174736868441950", "521.86934904735111838446541874147802316712529421890750495982569761", "523.03194615833286597598744802173007487828379953593854656216625169", "524.06558987509157190017088890347688037470355532787243613355531379", "525.31572861290819571748295553526923251419859182289050239566093467", "525.87681127884501501281707121000267274566672174111971159656665199", "526.81298778196494110284678242437350919310705669201813202587897391", "527.62130809775831694488903860063258404799532759866127026722496550", "528.83461764556924521416461874234442013634280289529446046547789161", "530.23359779794982484447893352606853911050095091962865173436118535", "531.48718748667217473619092957005284000869550821694673223149385989", "532.50979639736402664914598019854470339351572796784162188184310813", "533.07048705030161507502540450276850840476024379540921805599586597", "534.16656267167155385177269721972221098471735486777384623036784297", "535.52156599906959416402361199648616575860196560652263763211014058", "536.44240420912203940722412307991946808609753119521076032923714502", "536.94219944638881076083380066273484225153760329944087405527449543", "538.43023566701464218308550101124327099034499740820801097454104815", "539.00880675964069421815837432539091552625046738779572306252444024", "540.97818551268955209547192015728811063298749293849762798238680733", "541.78240902811364320450965081638586789107029403328611114418929740", "542.93230133385336323726532214861135871116428783489974233646623622", "543.41434667552610273407885485306018999907826889659799394319727255", "544.45310205922664230736357319247923727959284871042580098851693014", "545.49885288058132934671573320897433531747509456291295857590364747", "546.39467801854764561759499093735261061528978771690431255971983617", "547.79864849113208882530290689410381586942872134429477164022456577", "549.07371070179391166721766524670151788522712098899962707840489655", "549.68262063745842834525278112611399518404715358269054666309264948", "551.08788988139062097570935647339397787007240731312470433231659515", "551.84423981261188660363718557980813133485137386427482335280378688", "553.11980312922361296191219175191616403521567682602145437013987898", "553.94528128698354169694521920506937078276553802982191860998663718", "554.84384276589635059493800654960094086524083760314119547212119082", "555.63480851207007460086426100041393395685149497860321067837703402", "556.58239668948802021553369150641193265082984516136746995069217145", "558.68579059815358379361877041605779008302137413313811978098618442", "559.18171674126709588653788156421029156674652065139484793683726327", "560.40563069409303824459083161577137330544263920679857573187869219", "561.21714129240683547264320914927461784960943050379644288459635143", "561.95524442075503230710382924440401779993748103500827315753919317", "562.93869432152493222476886108854748855345458950885534947595013342", "564.43942722099959972231326740479029512275912515282275369105708560", "565.02903019866096585986628866892012341317330717467539532828757299", "566.11150477595529526620165257725494337949743792446560917940261081", "567.59655661858396691621826839095538657261030995981920778355279620", "568.28885961870518729273140150823960527474316335500546962747953074", "569.65909571730815326626117924284364452139345709829056726288304145", "570.73066436265973977594342865137785132793173510156562424739159219", "571.36883907393554317465302388998053688827832803045480620162283325", "572.38750559546343582756774792935139446181645214929815094087282947", "573.00331807122640661416087254669934002602008145048247740839501181", "574.25878624143539599451094502944726555113024190547879566178476888", "575.56605553133147901047843481301702416694631480003224200595564191", "577.15991780732057358654386681443904925988396292608901842457940570", "577.71512952357415433245192323376712043592882018532592219152464285", "578.54630329929882483521544915808871566199087357464189689623281232", "579.48453575927579066926999867338904561125752484798350082975506695", "580.90746187888978794888298238376014863299393616921027171120669972", "581.41716290663031495522638467464972039296514749907542728493845728", "582.95116543262067917623790902641699771272172897979921247710132294", "583.18928796930685165000094533344975371399704005772634888014921157", "584.68538484113235580168385076367572625598180341705688079678989286", "585.81910346285218115021111544776637382932293650607471121717794301", "587.45347453910812682441166408366126288474011063603634347015734132", "587.92892222173204083323576496541918237939136876070430043907501026", "588.72206413035221010676421875801829541052503154491709085363844252", "590.02977158308554418085244277673779847823905275221631640153962206", "590.45839140487904793336032500722107845566350943431160104854036339", "591.52656668733875739448532588672549115831087322490031198281045512", "592.98544935387580571296725946000560290947683207834939374426134961", "594.17081486004316200355696143795304191450769383271122796698551680", "595.08988426717740274271881072714319318022772538038092405015925085", "596.14263579956109531943770417300947074369657382668389279574446105", "596.93645368677707625319644080935987996974494333442912593593602263", "598.17029781077832200044695750470612596381644932878962248203483051", "599.08050910324251750050760975486654562811528432251806156741063973", "600.11794973757074493670757109571419422881567493860882222829725234", "600.82981511504821318509907408185778834173600370920741616482159489", "601.54296060347341732954773078792241998854618601008781818950023569", "603.27882367926152040538048624447023622276327908838776537094240483", "604.60374097761216096295129822258055548601062812251432205791515567", "605.30638841110638370902784756280497076994786404454564404183141634", "606.44136318165300378714734630096003741443336579078388507783838622", "607.14551211022840492663129824910578055077343705007048119558661405", "607.72522658574531819830201893312312378537864355347198320217455697", "609.28004834213698172436661154975306865270309321185785567105204582", "610.07829962952518616267475186776078725805033281552520329847099248", "611.15094407069128892298180434176600775351522433366865586196098245", "612.39410818115396704188346050899274658317211274549777704123306134", "613.42051430635906922491511807183321995454952940866125143010153470", 