{"idx": 60, "tmin": 3864.086, "tmax": 3896.49, "dps": 80, "elapsed": 90.33951306343079, "n": 41, "zeros": ["3864.6221744815982951026512889671064041639764747041596032717070013", "3865.4228728000325315153823122042449016005004433405227786222137421", "3865.8252220780762661044010920345830504895561496418439674373928652", "3867.2714477790309504883999815086899248397692577585439286839078129", "3867.6743539843317644979773151274288079998651725362761590170287351", "3868.4893013440592375297286253310877904514121104102454835300179143", "3869.3410790115945215893477604928936914912767786859895621898748039", "3870.3206285817684264229653851846619259611966389672209739360907103", "3870.8958352035994048053582866429107969934324960432630917730588601", "3871.7093700241411173588951005115721971402560776900045356233930942", "3872.0461821627908849962847826823785905758426215648788437942110908", "3872.8746599545252917417570858134255237910426438833943405092350187", "3873.7951069981958118779603072493668807351157700515330968629393109", "3874.4564033792167137434611141960739174459868311651261591740234369", "3875.7911583338675404841137760991713213826303960583227260258713576", "3876.6451057334449782041178426836062244195966247984028593169153296", "3877.3032439640272328667140339980319555926459456924093234526645938", "3877.9673313235967354033637952257072928671818108839782421418090218", "3878.5922867790825563347441159261109283515965376666769387130706825", "3879.2129053208018824356003221843304568537434341418320284638811570", "3880.2589268292543218497190993341951044866431496968014245045381891", "3880.9018160529888565583945142727856086783226757946715836961228803", "3882.0087085732967386122098562910426945189899143945783276496837895", "3882.1638183497037735039768311781623663863708863094275697154669029", "3883.2703458789511913547754102489522045490153127345285992309740853", "3883.9969200338609950894816389001959734087158095218322648057037520", "3885.0361846673665970237745583624295765704369653301541358197110102", "3885.4889647289541146633323410646817187594506613903008934143153117", "3887.1393219927565641045255079073931010314603787910006188662343567", "3887.3611467764675346895436221174101703113062884660706727487844533", "3887.8866921505105119082799268001740670722908664519161646528672399", "3888.9777541169864220868544087208683951759947436336728887640696280", "3889.4970394839270237001022835160328819641474111020044892638583080", "3890.2252809217650892482367361678123968061827788226024675892493627", "3890.7677235156828082182764006649072722631863903645612336530200473", "3891.7205657477854562702121531123000945880974951178148648065007919", "3892.6843996152114064649475893760093697222882014538802827336372140", "3893.7906747769971543392937998217860001499985256135469568327594245", "3894.5247256610952903489382181550220176656889871847056942675966673", "3895.1349279645707392428475264700706600814123094322233136915401863", "3895.7742453177007844901099917325250744438605614232633393493795748"]}