{"idx": 32, "tmin": 2820.882, "tmax": 2864.536, "dps": 80, "elapsed": 142.25347781181335, "n": 54, "zeros": ["2820.9009597160171391439544170984296893577415660472840339259313499", "2821.6452483204116130027479065415335432588836285968693643115441039", "2822.4623645177160217640353835414030919262104003018106767052458023", "2823.6945898982646014133611701812750671116864025593576209954109822", "2824.7010074897356477060356326007785183879297168029245224802346307", "2825.3447778461027318017846639963540846019434858828399616735297643", "2826.0674904535906484100059941827581065178219694415610075016218543", "2826.5960283469591709468206544034404527420975588897708704743343371", "2827.7260855529924094781937187420242389613485799923921002785938322", "2828.3885473779260996440954438678241988374180240578284002129368121", "2829.5147625256847402781929249365569721409071757870856646388329538", "2829.6535035451385097990002384729447526698380833869313669513256682", "2831.0534746473310444865832237609252716575747917487936783457344172", "2831.3802122101823861808089150477002282640548855604079173851446458", "2832.0458944612540399085782475343342098314592727898260024776057858", "2833.4160750891795075868949469441022768911429955061047251247409583", "2834.5978324561726120936306337050606398868781119709381815706388204", "2834.9952975040640956299932757704770466973544457477864407572729270", "2836.0528401805786449261656759126397822342817200981793821622765660", "2836.5784973697186355439727548368432556720056024561433377036109744", "2837.2636849960063719165007370656677977532110203653065947412427609", "2838.0762105807196883447937072039656448718567413614665273866949008", "2838.8419443986826122409380979415621291036401542937119864565555406", "2839.3913342844791173284016565162609149026441822740306064012788581", "2840.9035740173436910602772873366983979903162292776764832732835544", "2841.3306413294382705742429584871581312251245425651672455349968934", "2842.2467077592626501802745833511110099236559437456880063546733868", "2843.3626419362460077795920645111652000330371256501895339538329481", "2843.9057328578215358957519444616919556092031474423375510881866196", "2844.6901341413430452648989276368977397354966996566679910944805839", "2845.4910488063580332718863729417307864192440723223551174725184690", "2846.6772395659858537059966041657147285453740157148016473752257725", "2847.0548001349469881840856563671216457844898497608142573762472112", "2848.0345178360122788381199555942078046416841804815229245359165327", "2848.3134719028328457981604807008912220229053432662212300907629086", "2849.4833780139580430370841566382682608976949218254663869989893156", "2849.8861117892943870039569615580400171769146333535046080512098196", "2851.6871373961645040723670564761499191371650261252750911191870569", "2852.0032592488134789041114418496402588736236520294285751790495941", "2853.2164479356199787830727302266300690212648836169288397164041324", "2853.9459655643064591703185172843175235242510544693624914459026120", "2854.2989751117048490565331454098613769779968177954702336441528637", "2855.1163175926285374473908634530866438679346357949267595448983697", "2855.8856902850968603981081918577833960290515652106898383394034402", "2856.8979978202013213524201783339624708780138707161680105979402758", "2857.6988947202669911333678654850901897933624364467263608537425851", "2858.3756421626835322787911931475619608767193317625650686802453046", "2859.1397950907441618216089407521363253036232439965714018396652027", "2860.3822107464740489992751209807783558265294187869906287930151863", "2860.8836315848130065619037415717288597387675911132626561772506458", "2861.7300869663113416127569760503758005738373002225710789326732850", "2862.9443092165781824391044376047498845063844095942271847406856961", "2863.5424908508775657746360594093195658156691030492282410893531464", "2864.3052229559732802094998656059323627359171028479223329598906599"]}