{"idx": 5, "tmin": 1113.861, "tmax": 1220.072, "dps": 80, "elapsed": 11.751286268234253, "n": 116, "zeros": ["1113.8643837967718636521115346133237154297576249829451585356076853", "1114.7156968969505864183403484347649688279522415596930513375627748", "1115.1381356474232385841599728180263101559981789145688850470517322", "1116.2759196118945445112892451719975887058256265179248400499874649", "1117.1094648198120862484400701574493053192767127018963334313117467", "1117.6764750971078003602649169153593524741890371722815203145556662", "1119.3748232711380723397932548169017937346375790673315447676474864", "1120.3830204283844444846413768554386211453109370631239369898613854", "1120.9863294514305434448757487070310313111196474268112423655437634", "1122.1818874794455385981843718395053713308747844816685567034281083", "1122.6054329572630605600641549746266821210127320745629134577163753", "1123.9192037914284503298641208740601659694293394532405829903650934", "1124.5695013220581198359678925869483188150584544322708004649714375", "1125.8281758671355881427605928846923035990933154270679941922282802", "1126.2706734107972250562619563156308490183418534674935500407217731", "1127.2190606220395760542388146894123232419429228955536258953649528", "1127.9771382190636446742187213209863244815240606610992881357260704", "1129.6160498860897911994845365706220933398491990579233187648848128", "1130.5675623938128800364189001827121724151639451021796692874302046", "1131.3323024429432114204569385753317218474055202933809164204318876", "1132.2081154197888342755293560708696296839043097432118531794245014", "1133.0849308285178357114556017505539952651541123978637591673979818", "1133.6477944579333153457238696137708051542969681083054819414570947", "1134.4250249885381489923404699668255288556860033575613734517256445", "1135.9696884633300117364610304062403959394577292006307015793216500", "1136.4056924732486381755023053492211748919638176634875703159563749", "1137.6632872866998031595733981344318664491792314941337495292542795", "1138.8399845426870315052277355324565231619651134289412781581270058", "1139.4280054516231513274892228683205374623619706327132922960412497", "1140.3926301203077039765508777937508315822811273717119875676619129", "1141.4204664541083900240080154360771668240841691498398061151778649", "1142.5512514561614966112008358154438591944963356448877891032181138", "1142.9970477168293486902649778119388348071656733000392576268267228", "1144.1341997749504813218599976102336618978006095554191117302174600", "1144.3737477434249488748994775620732047643100937887208743102276311", "1145.7759325045014631833172978209282129402102282410745787397892829", "1146.6951835411185333140235647650565999475616545858064326132810225", "1148.4290925224889704078379354056466960490425169694052758869438168", "1148.8799618189713586204270700852409496168559400858480589960930318", "1149.5943715639022154409869681117814962933745300288502672120548892", "1150.4820840070404377872109454954374482237772990799785976970571445", "1151.3435521327884313649468837515955004012845405757179557424184825", "1152.1622754489629113137641038572399893310473430772943316329569582", "1153.4645819992873761627215154949268548422473417740655566424380888", "1153.8832233822109610720423841070584095255059481629074484376408617", "1155.0991063076763066596586978610490859711118999246476014152689273", "1156.0648185043668984436195745548988430215311465161503767876705736", "1156.9181710166999114782716381282493419380819078963132756095483944", "1158.0889605425754169852169896803878856894153864677931493809201903", "1159.3033370849755166074210558397262317942270143870298520650746113", "1159.6424897953834464782628482027703296696651375488548695941795846", "1160.6163487349833099716339426270437252293142220942404042981632029", "1161.6791174811766362603001675075477390704376691903032914834675332", "1162.0902801247074517699232253755847800461447196952611495677947909", "1162.9323296982219395981369293331167029926782018340851988454069953", "1164.3320818937994994429952907311652483094095754000175127568655592", "1165.6922610521960812843217215991325511825136841990798873337041131", "1166.3215117996524753915187641373508474147223910057611405059754718", "1167.1195907291351885222324741751738767347783750247025310381794105", "1168.3102479512672806347914720747501345298589634639974558855851015", "1168.5542060754695156680831051778648232142688207682380501884659433", "1169.9014960717392900587567300637302496396465620728056950097065618", "1170.8278182444433129493556489787228872140957239663928823540423920", "1171.6004559892869958715558523437966701439246086955810756960662296", "1172.5603232717210358235037872157402946961609538238913651059176171", "1172.9813901914108034457912401147265855446900058230584418810887919", "1174.6271164553815044004819345008549439316975957962468974088645968", "1175.6028486110481781836515529409091634928613662771704706949594408", "1176.4596639178795693284851880353522394592551346082729400386998344", "1177.5969106230475505789774468948557322178019764112460379437284297", "1178.1264595951660183367376714213974713796684929582729894349086482", "1178.7656823031516329828800399934635445671660105220784592938387589", "1179.7186760454514785000370791037734051076054354787919711221882057", "1180.6258202578516141710216095574403083380565853744910878394361789", "1181.7064449064641087410975227353801844664465115489887701142112508", "1182.7512621809219666200419949722750025672760485039814496787187726", "1183.8156043031197132953389179357309946798092065094581172862190694", "1184.7970341547703765323345154498360802387508263229941304060674887", "1185.4223480875221850039960567717914837585674312326328600407492236", "1186.2104910585768141847290544893346998281867983557891228586994817", "1187.6801872622708385359364056923099092936884144560622818781426141", "1188.3237852579298107570427525094686582546401159056846457626249206", "1188.7750284246700021003245766043229441532216938063960679800037759", "1189.9990228434038374120357250394351443829609264693281420485564222", "1190.6390376786833875409168209126991995609632232452691651293843375", "1191.5210225359552885315302515006507330783343200951938437122847174", "1193.2518933407090610413856903300341962979392628683946030212591810", "1194.0026803927130286436768247754390046718901939746598225253946298", "1194.8758990199568557496241445316180191979978055892921509466086125", "1195.5845126064865008765294739094024235543650345312112285473619422", "1196.2246958737082129210814517225473251659051786329239557639173841", "1197.3277117947568115204011283452553279961853844406336514436362694", "1198.0930981954222277077356551261935681051928362640054300453942103", "1199.0707581605450104720952157205352110497501428706801319279626590", "1200.1608179063434762696004727792899665878656153408604163262174738", "1200.9659097949872091299132811669854496485979297286617612636624023", "1202.0758749930512269113818332009780121444991604600612323476030454", "1202.7998281129792257323145532830005508723421681000396290511554614", "1204.2600914404294296141554332017522486566416333916237376073253627", "1204.5938722684040868930272078437994295771365856183973065210748739", "1205.7982579521461266967202643801351020872038810608305677580315243", "1206.5631567432952263296499530926873213580207076552351877768935405", "1207.2173264128591607825657622345502885722248532296979533889142705", "1208.0284256794619831224406695235411029206231211026501871499848250", "1208.8298667959317801071857906437992944779447000072742471456711764", "1210.5111393111245601776149678490737422694679029813966300339126992", "1211.3558142657137619339532708224415537794074300069420164032415809", "1212.3001418425014863805582460568629148690439987513698535612497708", "1212.9252213885308896005136973285360905401042251156269533813514143", "1213.9501649444609807409477909718276364804913352555728611564970187", "1214.4945889696827483053585126333948997439513585740781193974889667", "1215.5740342851178072549642731638906308990564479981528030080486285", 