{"idx": 77, "tmin": 4414.941, "tmax": 4447.345, "dps": 80, "elapsed": 108.27284407615662, "n": 42, "zeros": ["4415.3092314489812760611542297107338442580932276507489855942492119", "4416.1335232172707738957713626855060718051575039363605698826853435", "4416.6419518475582736153701965227551379222031144647870879723467153", "4417.2312576701322453983197245260457752751629693902097929371220337", "4418.3314515695075831586324805009549455080720327635284803315239779", "4419.6247957724792672480354791414911692851447015738944669122496533", "4420.0852478841604358807053801730773117877756219029241435577013995", "4421.0184480866762499241680846767608045636908860306359488009095121", "4421.5457130511797484397545033086773497602622477757373430088802756", "4422.2116864023005909300519262215450335975435897962118882496685853", "4423.0095514473330114925889589559046823914113916725237294030376654", "4423.9166994395449416358148197837907054182153910503098602252679301", "4424.5546489207783059162381997974632715858643920189071042070937074", "4425.2280040033912164016026451592179233136825758975027580301927736", "4426.3789998240393225669694085532105053811508755654673087898386632", "4426.7811936884322784083487766026132361412982866849750163752236115", "4427.0486681938585758928295411126656637054181235412034193470883811", "4428.5950343246922730120430170325934297296921620692092232269386584", "4429.2618049335071939199597981384017633657555640181402235079460354", "4430.4586869284100772387881050729129443309711975358813025782473166", "4430.7834664094739604363168386454652973728525473980166815658710381", "4431.6792133969826974267508164879540423064036452137260361505092875", "4432.4440916651740683568192774264148678028532590563330091141028769", "4432.9276101753175317975378467379408148872754357755613938331254835", "4433.6816443836511660002418940006910876100498370580535203874567190", "4434.2140026070990198478522145713055408611393764351973884165279488", "4435.2649588406978112483612222097439818905790040172479922480445730", "4436.1122208633256147986636788588835423600536776070400235786549200", "4436.9666936636345174965146767275275917483514731736402413497092306", "4437.7348073780819475657088414814085337326421896911355685711694422", "4438.6864427159681103759695463393315565792270921489249306497431754", "4439.3019871821358838382408328848404344124453127200787500137180674", "4440.0261786477658927978374346297544720246410413179153025074502281", "4440.5335914374820243890721931359112531440798615375015952541838031", "4441.9224838725502315475910391551374995547479813873179991792447519", "4442.2300893141890759596428329636360489633815967604339745129261690", "4443.1262062586442750860403656900139201662672109471491181295218351", "4443.6790718236308335866300087149197295171684276707773364555993597", "4444.1971907985291417179143784791733629962170539055524269771622704", "4445.2801042313573473848089567007086472191958801524985406663675542", "4445.8584454437791589807653167693181338584307697867882406420107599", "4447.0758324957923172749199124291507551327337433453988781691798691"]}