{"idx": 52, "tmin": 3596.31, "tmax": 3630.963, "dps": 80, "elapsed": 115.24476647377014, "n": 45, "zeros": ["3596.4661994580486210333702065088663673193591077979010191929774116", "3596.6192774629336140955313395101923506214310510110057894647846349", "3597.2675159121210700973861695697443344743156941412111071080382723", "3598.3807660124507715112117481184167268672063895308760538174563316", "3598.6907776037325084091675346677732907150143698964980218352585666", "3599.5805005561834962122315273546424252972696358853628121007425594", "3600.5027230144914415197131007711267879418641932485634862075556397", "3601.3752326701794463605038788858643815216873336340765300317579629", "3601.8201580023971924186120938674555847769013510768992204828411731", "3603.1578975079579074531959217846634466033260888035759733604055488", "3603.5905603417040013312330766073025034660023865101281204118200791", "3604.4855167893892386256718585796208380110764168179553652744341510", "3605.3809659616704352505303512901352020779655299588505696578626002", "3606.3412753374402469070191170306609436108826149987599917990037476", "3607.0014833163429924346170864634051146143372641904072398765188278", "3607.6760631762702878405229510603126856995760616038161174727455892", "3608.4516284235348654975661250094928408491507173157668175421553750", "3609.2160193302325625442646376439346212619192766307953648627429821", "3609.7837335329362849239189230834847382902213627204953590181693740", "3610.3787662100450466785173328602014183418032488416697856846188263", "3611.3151254601852289443096625401551937281017156879573094278678002", "3612.8180570045138081009943901742913452084163431092083200716874967", "3613.2833032899136947942886576947763213714731745443134992975498569", "3614.1948005423726265876064076306992867733343307637324209645321469", "3614.8924670951545300128516871327593819955301282640204703655782578", "3615.5243301360972150205712621397492599350993522230881903021631211", "3616.2767017981656609203214416861006821038573615495745398871950702", "3616.9685427261652996531857261101715607568034742012926734406277187", "3617.8802902867275473884870839819633798892414043563405622079252983", "3618.7845598055184373263425167358627061939135876139807486161139310", "3619.4829424097086873573130543537399949339739101222603109705410629", "3620.0379522787553145626388162772549685404281811251081361839423768", "3620.7329526373587763909552230861035101144248811848445116375420576", "3621.9850252208417467013837747807494776269841679280304024876574888", "3622.8200643722843303095143820804326042269187258125129689714932143", "3623.4579341611607786739794263797390222238950955250817603115160362", "3624.6389282052395424907753904057163971810793873773014113285895596", "3625.1241528030593627999151064511793691497906578113341066757962271", "3625.8750258210712115667994087520522569580698640837065011544790740", "3626.3565078553574128301188797408492833675820910729657725515787610", "3627.1724281677082660649802253495601834429782440169551514600238871", "3627.9584006791132662460422241734432061310751464447318747981775214", "3628.6593143490477848800444134722847230953457322613936026998760072", "3629.8328564282556489257550622352581097016597584411949791001551693", "3630.5615165614243293301650705512525990496626120209882924123145058"]}