{"idx": 26, "tmin": 2542.304, "tmax": 2590.909, "dps": 80, "elapsed": 153.9917712211609, "n": 59, "zeros": ["2542.4121447263046469247384214402093820707286978645452806824576311", "2543.6130323510651636047640604994612782627331173244751896922643752", "2544.3431003735863041465109625049588498586443683298072953960017445", "2545.0313653984001048073235351458861714381581889721304821218585683", "2545.6700226057093216784918725065958911232375099403858682000048867", "2546.4111708147444294709805311290439456062871604828965379456630230", "2547.4349258724062474976349333831640796043147440628951316988126172", "2547.9814058067879550277606076962827869697876110976013037487146429", "2548.9933747509826551841041645868742423210276577230621150849759216", "2549.8099502204722266124665338832345952800913318941756872289720725", "2550.7676462605276278555864548181796247262868808495850851765752180", "2550.9377124626524539301529183626259703791935548315895172754038514", "2552.4128788952023430838919525857911904090359037636144739409295527", "2553.2567004608531206381488529117542171255746027035658983936177897", "2554.2098642728226384237620697019943254229927176337334965899946237", "2555.0482419169509952764819629569551602018262821927182676442241155", "2555.5900928997892314846092987923541824360811745643337613563012941", "2556.5543656625147428383416152307277627751299771036871749119783705", "2557.3530408132976458625254639951186184941412285347565600153304696", "2557.4622476256400080874933172073809373024322168336825594509502415", "2558.7085859691245859042631492605827578088883357204280976003104836", "2559.5334296025661042228411608960246872179988153848484300181972893", "2560.7720377784437547642474955166673008345160771646024445128771862", "2561.4792042545861234557570937698567384583356082252169679032960969", "2562.4209393959467708245983660282666172374293269502867252474623745", "2563.1387120725622152739596164476308717401172912549330757972972614", "2563.9583481009392112528571338568183823501558872374923149172965835", "2564.3612966120673653992447088471550288098499283666972853814864750", "2565.6714997920887418035056664859654034430107307738346630558411982", "2566.5892646092792476095920786281062095747194123075725216333071671", "2566.9242631240290780219299460265348190052379680213405911517945736", "2567.7851149774095704903658672488673100555967461810839774219868158", "2568.4953136338336109056933260026348513448040051618794309260010294", "2569.4895940717541503743146659481764350785772430565043192042920385", "2570.4003887808633969077805238918281554614225202714830745064910362", "2571.7143719337061577211764424136021353149889115100577598511201926", "2572.3672870104036239676688431688872649986280265321160799560869622", "2573.0158379177572218715598565426039698430060897896678977773368647", "2573.8413336535133164879740233841004959438112647044097832119050444", "2574.5463247792904603971038951987292334945026283129640412390395879", "2574.9346555314445548303769983856585625770001685251179958807471682", "2576.1909615652813744808422595997503844360020588399846340164250980", "2577.0684778381686659196292900797281208814895369670824813110804579", "2577.4471514404247700842816578207757338453008880751645201785659055", "2579.0645089389658088388516706163085288846910578700928201341071426", "2579.4576755057136491831954263529049200145008549603575468105835289", "2580.4200123757455310995677315163845353589153055666819135018855376", "2581.1165581909898852815078924461757383827141596095359888585901185", "2582.1172969826917797224441637219115750323009719122608893829565247", "2583.0384162760635364389388787228966993222872821989646924238101305", "2583.6026720777774491188627304316511961833574989721223015338874994", "2584.5289138000182131813509823048389250286963893551638254576733630", "2585.0939013131555884728130572286131524143741788397579042859754508", "2585.9084703596147521292935053337746780590708115995615695629519630", "2586.5753397775244148268486473045921592194794668630674153509167983", "2587.4394712403356393199767198439355246912119004734918024867822382", "2589.1942984478114752883149816531034957492602694765996834018753020", "2589.5483980084622286988544434561398027167145025064734717176991465", "2590.3457207791302371662084246268334398971365370490725285059796033"]}