{"idx": 78, "tmin": 4447.345, "tmax": 4479.748, "dps": 80, "elapsed": 108.85341024398804, "n": 42, "zeros": ["4448.1466659380865941893515242406105952503868669612036431684445778", "4448.7037049190156408856257959652933396650560387143010510365450153", "4449.1592524891916927660817395830545235491996105748828966431064880", "4450.1617496442159077159875587937891122755703532625897567538091835", "4450.6085197296502477403925945498627033535618095602908635933467430", "4451.1673373204589052131668338122090729607868004250303197899709557", "4452.3418577142329063323908423072365191955278108818093933795124217", "4453.0617818937210018853254693753374360605239720609486666370351117", "4453.5249596499810709716577407267706276797305683496491404440063858", "4454.6084976436839626001825257423714927762604880615760403138223667", "4455.4417760588598012001259843396829931993171129462069169826683259", "4456.2680758694754322504291906626725058741689693784220773482711237", "4456.6887011490713470241721319009839340729046162071762526442963898", "4457.9150924931790509949996932973716608779801528756954664403139075", "4458.6873727610853057248547181274199768554785543717325454355964754", "4459.1967508055411912473390682240298230385842226124974152277994680", "4460.1445752449428742866675057552287579327060001399777040029908979", "4460.6764726062850238479999582777599496794297748618402475369543080", "4461.3812702326952608350431002544181942867415643298389211647967695", "4462.0488115722778254390995793627063466613101424563512940803717459", "4462.7489463621282250620875559058925924038662714484941943325097340", "4463.4884005999754348854118801100204785531313667596765872483993738", "4464.9622440004875256734038541108529199921082535185945951192605664", "4465.6858788139527694500569553740963390780112359871651354208531814", "4466.2842111809686176925258656739194174074987790512602518707058718", "4466.8307626591499875694999161651062953563880446762778042349652080", "4467.7849537469028279751455169391869706297293037183993337594534541", "4468.5037577029818548576421229265263313621191391034157227417300616", "4468.8766081001317275502621716515736109536334181588898717580137141", "4469.9119885634689543961390709738629929877191447044070237165479178", "4470.9853707858008333700400179509073597879426523919124449671962615", "4471.2960809754267914696053734666943563276411735134607858110068340", "4472.1613818922952442724333954899653220060161744723590758691494979", "4472.7593361653897371245228304014813882339615826686975499354569878", "4473.7750068220538768250719390520456138107752700603770856089849011", "4474.7345841293201616681840583504419255294805668339737161211175529", "4475.5588828134840546684701234806569221516645049960108400610825050", "4476.2286041351425660768977398019808211779667166416646542503091844", "4477.2134120238049051520284341592824088183574948928139061848393240", "4477.6283117671028533824712242790960253511163363636661798629506317", "4478.5000562254303660610985159666397813548947391008486906087044666", "4478.8655777321633591714590899482703014103916139137322115795448833"]}