{"idx": 39, "tmin": 3114.311, "tmax": 3153.915, "dps": 80, "elapsed": 129.47179436683655, "n": 49, "zeros": ["3115.2652341688940742120018149488601573796850481203132234039288861", "3115.8349811290495983131486663154757847570558904456953922875846914", "3116.5340192215309757717831442866164196142964350901742218966250577", "3117.0214855336656820351575854964460203721562108260904832148233385", "3118.1214323897911752607527772852435316533711811301253247442690407", "3118.5861511892948803165861882970539472372090656008957772679022605", "3119.3149482887400396243644749720195566657012576013801353925855406", "3120.3655247272930124729502336259079563193005672705943928623069950", "3121.0765259081178359195518847267391976908479314657813703043475258", "3122.1441493013182525648502988504098002847650495685521352910293032", "3122.5423235319256204972935303706632401013698903101477023775200014", "3123.6704601950133092463875133010378559391834695117283710578421316", "3124.5660612484287707776592057428005656111838019699558105187193284", "3125.2631084081465996261109014548472293003446131103968982093695258", "3126.1560712718815069468540657424180258031442027014728763990952218", "3126.9894221775231375225560711477960497041761226462811815126296472", "3127.7114116904606771208879879237361493286583063850597899446219475", "3128.3569639584945856067013318614480599558392126652557581204888751", "3129.0403125532187787418768812712317196383568335495823042952561346", "3129.7101773056023291418871410011348680557785533201156090207229414", "3130.4173437358584180965676823539729130637471853491148150778878353", "3131.7834149848772239678421768421398321411387898402087650457194805", "3132.6816122172538778918704382565468201481936054261312728044788092", "3133.5201369416298673042054056197202026899867560805757172148358001", "3134.0924947389759717311706044051075531881143331655660305143116663", "3135.2093579717511104837213788968250479517766348108728484897095947", "3135.4501868017998413334073201472937693025273283695138837886810605", "3136.0572597853953861625089004381422534788084379888098492469927783", "3137.5530292091241778658759669342891481442512102378611796138874949", "3138.0919504356132659028902530270073622612002050552941631763486118", "3138.5618715579321905666296616590024281478441991122661314960501576", "3139.6408203142667289864395185561413707425930771215083993842054474", "3140.2432208509587733604048822729134274793197128853570651728934813", "3141.1730270639369133166303143041807767959214949081647252909936868", "3142.3325930604914021733826598297796601097291223808398538327201220", "3142.8782349311386064944655362098018435413797796025335940314243632", "3144.1612455001758043865441424342706160777688902386109909143171234", "3144.5799823781110038947810232194112878037515134144940444626836063", "3145.3460070262799918550380607754694198639691930577098986114323172", "3145.9191253325556370903987633040912784656097611045325151808744033", "3146.6142538378811605814229049914925225703689390087349984767443407", "3147.6542731548369433489358454354903480153495555879148332258107426", "3148.1556920582362662837112599013289406428023587063973038113061090", "3149.1579208229578348084202611380576962217108822695051456567210733", "3150.4973110485375845120037184922283014020043794410191059045511243", "3151.0631041439043495808012594186773321474525288040000919982565354", "3151.7504658898673170308396791367046576070324495774786704137398826", "3152.5726543290429905900240708934803760470360909523474700837043318", "3153.2346372560748805461337935085814816994331333236907467998843919"]}