{"idx": 2, "tmin": 704.32, "tmax": 862.736, "dps": 80, "elapsed": 8.367799520492554, "n": 162, "zeros": ["704.73703736004805549528098930627984407675742022926977754089438340", "705.50812432572750640306270610161407611236352651449231929172170097", "706.81021668657481053404375150229849544141425351672525265972161822", "707.68007847549918460407485438684410054132034913614452627347956060", "708.39985212460430468839882360670866610042094354314344123984453705", "709.58661520834075990511127559815047066459935271480110132384724191", "710.02567702742555756610971511349539917220540699004032900368280772", "711.30600720960316989411086603258397115965281470547095859727784357", "713.15366823582973341488524115996390056196316890671440974097331339", "713.77921709076915976771214109620785420296534732008849882569177821", "714.54769053097936475802612907297149592195456475600082598708337835", "715.60641675897467844993370460711942795521849175630085780944068211", "716.36577398788601656385572465941213942089608913795146140086401209", "717.16495569289425409627913023069310314776304782398140154268775182", "718.41642455683709650508988152096438924271537174027925204648968722", "719.55149635798902589762001397314006620201115561340439338664835381", "720.23607043314585397791762981030818148540165070817630329543309837", "721.60831153149735884866825552488601421851882374893802747796933690", "722.55260855468537746484083484587184910963155862494419348825222943", "723.48486982058021174654005745749201978765251860379783662282710531", "724.79772826127566821866545318236855992441783183536916889725784431", "725.31005781634949344114879503048347785992674951163999574261255583", "726.50925207108174438364667806718433068597807376462483460863076725", "727.03619054820050073666904856700665590782436671909496018214313316", "727.79988622756161059568903015324893597189511145744771210201354580", "729.42431761793877347462780992371086657629447528420713123414331381", "730.57723632705184879857397520527499565931541266681661453115272405", "731.72296997983827989525449079346096869913068096519955853709700970", "732.58657195326265703885982012754577787326467711511121770359938170", "733.00977199643265454901481182047083058882473732583257630523594026", "734.18587793929411640395385320692646486680923660424117730347291672", "735.30664451287842282433208885331584663035719656118948985500680899", "736.25873168869726032585837006969438932147517287533290323010219744", "737.11068943486078919272460780647780537382638024065709945826214969", "737.90995050235526576901919229663404095543577104822176226918719075", "739.35754841276303287417665978048926284301614779848302718850801313", "740.16284733964406063386964713967310514854806763622097489835639160", "741.66195676629242022218467151204361838046892676634003424781266839", "742.42123065532692291956377106158116348977038463425516084321844800", "743.16472082352647041778864271837102687785273370737921374415470085", "743.84699693302205267917805704037916581576306914546529750241729601", "745.28751418764031004965148721050810148610829020095483615892687993", "745.39717377128828452893074799447694439457038812929810985346849556", "747.07130250612592126006528584536492464953648559559964762240488648", "748.34047980915802967887524726593244469281740901605600469269442431", "749.47195466989617840305213630904801847124017273227483970132303912", "749.86449351717897066712837980208958342551961292377184871403889775", "751.08396311691520892591790335591009259209552639695135432554616184", "752.03709023452182222201082991034476747267052866027965242959624426", "753.06483370853212461586249686994004577513376716029355254612515426", "753.94517628951203172452283646809556200130938342285508166984136349", "754.83470726105907172948074630722704752640427967524420462052208510", "755.63350288822642686720022853674944673739261736091151415275105964", "756.54770076039303970521325867288887769245827141202963186576694204", "758.58925767530579136907511657694898592870511988792897894171573365", "758.91537324213554204765357400196043324391065259752328039701691540", "760.10720407354308497405649871536458843543071582437636783513246664", "760.91279998591539796319961798368379697682306555662447300051465159", "761.77716095416960725325172997903204007933842648977482180718843305", "762.35430064562179517514826032240206185635541345956968935628757982", "763.68764789309070392381514010228257365225049426984474197568436331", "764.76117095596061283696213076200910021447047114508408211532395925", "765.66553652516065296721810685500873938958991327100073314604716639", "766.96811875967393902029721695153040741694030017683201850749048919", "767.68771707611881373342313988203917683314293695850990701527649426", "768.91054904620042284948101121518393561924265352562946830619278877", "769.55846350474359959790747128290185857076516690383873260202967489", "771.09354427422257960488230802845625588853492169017035551320097028", "771.60462679217701642886737362325177099433161537462008053048914247", "772.09815073761867867021458766646726172304521305650673882751178630", "773.39350748566203117292104257835856419579213528455782277370619982", "774.18083223978250294394833761171846706045894263766476406261381651", "775.87159154708751879122058621734568155359175660066503901710235158", "776.93912697735234972967981069516394380472464576164317390444447423", "777.62372588032098682622702099278433316602967905864952409005158782", "778.58562134965613819444812108521660758405746231622653354973266698", "779.14520445297756549923800664408027925000527651234060561700416149", "780.29816785836880346385617617503986713536978528637782233556709670", "781.58260249686572092966988164952025734498930642696953627740553146", "782.06338062669615764617607552908695539819646291667088631924840335", "783.22365126887052414004889602691131434897692032515516562046275060", "784.43610645395791976759047276986471528747983398128814578304977608", "785.17863880749071200230770003045588374561034140892428378301940959", "786.56798246957479759556403753286940919202377314963601693379509017", "787.66647519940143906165580928928452996106753456948012582146703887", "788.18614789217426168771569994641640116528550340792955927837250950", "789.21020026977893747681484688502658999139603223724484697664995164", "789.99206101596526568030442345302880431417269320171173867169070741", "790.86543185064795060193467132490512749502154543375216199593283024", "791.69459197531347820109387705571009938805060658885089779554582027", "793.42306759598302506938921587953238238517101925912458868580032458", "794.39342558043418716123381989702748012677461069094479525279958992", "795.19652251473919449223300978570504085408820892870195831974567879", "796.00319346057130504138443568380106681983206391797408763148249302", "796.98882878250182050619976094562670861971876880835208798816748512", "797.97133490525826380770458154026830753041579392083326988473868261", "798.89972785413553366088745182484596964574990883723507286411511875", "800.00200437454371687094586255731649174462385581524699934087487003", "800.74992025523647516452984446416075299958041715807200488174754106", "801.32350157618648768186517076784839795796696115900478101401807905", "803.09227957244877996565469338073626761377879893044937050703903656", "803.99501169399888017029577161243096794774985275139950707185584300", "805.25690963738968405609490795506660570186432990295684054694103801", "805.76320740896826603280967671059106388890763481799870169525322742", "806.77180309438353687660244976132245812067015392892838943980487085", "807.57724851288821423781990197460785626126617134218243571473671485", "808.19367315346008116405689327439590660168599124579870495623062025", "809.57063831725281127393211516732025216687114267992397076074428220", "810.65986245738058795464619009935606165084853925370859594177005902", "811.58010607382639651518459042971008447517874839661220453793573094", "812.97025653201601313640474362803329535124009485789481339650480577", "813.54889116836675200565757386328620985526453627156072687900938757", 