{"idx": 30, "tmin": 2731.323, "tmax": 2776.328, "dps": 80, "elapsed": 145.24629426002502, "n": 56, "zeros": ["2731.4795995976911042783642232065669849431435602139012671115968615", "2731.8627314886699810843990267210514470037740354616879170733787546", "2733.0262763377909603354651430525771693770499841391647886553821756", "2734.3532656931451527138058730140165784240494390662117669603406968", "2734.4347154865973915067386233278174223865700469777659629355986418", "2735.3354764446595428421063326119878704991347530072965352116665906", "2736.3811473108018159085924891677852461191093424201860657233927437", "2737.0981985644508332251209497111332249212894285700406148225897633", "2738.1427180140393499250799041833723839917789548697118941146337073", "2738.6698849100098717787826829889026809951398965760459743345411563", "2739.2510930131624175574189941033703142752605372396847339219752282", "2740.1268965503561036255159092663111008730884425174117750226417022", "2740.9952543019671259202013294775506429684552956728053825809171815", "2741.5776021416198543019793665607816321388720635447604902512577681", "2743.2374875367632430690320552766679626014604518715110225069426759", "2743.8890818874063791578052436933427307328011730152710499449155482", "2744.6437135837142393570511558061451619194403147809605694368842190", "2745.4544388826609002591575702996069919703161407705530770732288767", "2745.6907775724971197822111827228705232243120167625313834389608332", "2747.0294032032566040460229351611697197770159999822134280988720599", "2747.4156455292295878230990590855037208785235270205141867205325331", "2748.3085546888973574259918142262215824290639662153582697409889133", "2749.4257616240143077426584408189706713390732114149363216600961721", "2749.9644510499552206188191687235972072997460906278129567188364450", "2750.9832191490874754722373454554199266775428088854485777316570560", "2751.6993466195455043164274578268210143462809258392454512751594390", "2752.7262621263828030421495347224296226815999155515068279643078333", "2753.4718353118683414868230288322406671547417993415198041676440588", "2754.5098404364567034448369738475870417194918551011440807194445822", "2755.1262313839589327106833499137245818781354964529299369640926633", "2755.9149052329623786378877182237774591276521567472576785548987340", "2756.6250769363068432211763252230274046971877003308790777521279599", "2757.3810666791160979489812673264900325365090314685201471739613919", "2758.0603899079814527494673198563489238233068190599162582168222399", "2758.5428503166001851537159743680622904052205571314283173389572208", "2760.2064642769496285262205587231614658706281679663136916455492281", "2760.9992203075532453950120993168247194326451415619426133416111126", "2761.6430034181926040138858551771919961569098203734114574089858080", "2762.8096329388779763093734069474340796131852973421370718071344323", "2763.1760018068750307223440135138299022750917584658584854895818341", "2763.8250296938119159006883487752132816680571372925202616684974129", "2764.7378989924376583152600492192163766491064467144249061001241247", "2765.7350777276623894057882392987148199432087690720246412606573594", "2766.4239543746754370775810979315087731203554118943180421275757149", "2767.3722084059956496732992554624044418408844767446110039292161871", "2767.8144692065748968867049817996745895682220109035761631092927222", "2768.6092916059470005756898683492391892943542464491958540147952129", "2769.8648113346733961448583433464389620714180534694860283398349982", "2770.6751815454480804567688887586555842639394506256356753233210384", "2771.4824153003321317446461792896007045270670982130184045745413599", "2772.5818182550471884646322363288103353001226731272509289071217637", "2773.2396929911127004304886029542231289511331649883760675911445400", "2773.6676541483808266569681512756340304346560259230275998232977562", "2774.4403300154666894678281159099959421219609220660938263269263273", "2775.2816100893065586743737886414806614647693907934124292859407155", "2775.9934695857109525665994075132029682776220808025109466186048893"]}