{"idx": 16, "tmin": 1993.699, "tmax": 2054.905, "dps": 80, "elapsed": 24.857510566711426, "n": 72, "zeros": ["1994.2723035319865351950732760536655902171636953129114620670641174", "1995.2627065382415631846390159969147024268728834939019402551600337", "1995.8386878909088016889080818988085678597126210745555789964303041", "1996.2742958489395487583141429392750204861017847760267531108119717", "1997.4488997898762008783465305891194485083098042992346836867750357", "1998.2058533841713932580628161881780338899638885422282819085437203", "1999.5335538736183690568074138198686957041697660585915706479568139", "2000.8247290332350026455965177089973212375456534998399648503621496", "2000.9610448524018602041273057762015241334988130771138271583452660", "2002.1088127640600734387280056770759362983460797784475433417414992", "2002.5741067586007498168270365459107731168092298148899352403083616", "2003.3666255505765273130518582259893566267564386089688164772368127", "2004.3722092478551117396374630080539152718151484138015343485767385", "2005.2953719735877586502671611492826302649154181062733883460312391", "2006.0659764401792765857015484435572707832816066545016410610981752", "2006.7350816322539119449729165965135644773012746889245613755046353", "2007.9896813951292208166997514867792787332778662850044154909115976", "2008.7231599336531893181372202381550016349523180445846323485681817", "2009.4085512542473801395777856823652046585352261972638415636025168", "2010.8791895025395797229142815934599597495981030820421248787947034", "2011.4481890256902046911288922603241888685336604182314299816322646", "2011.9778524873691481395327547751835314996622535375791133148782309", "2013.0958872336993361323117369711022038813615226465130030011413198", "2013.7164141856407313961729301229654322495708836634206007517060823", "2014.2279290688848859760258603297158787564138033997965878895166536", "2015.2705365394841211293478204945406492756599235578329890016117610", "2016.1078280208483564354077901234034936405329696021407603236568867", "2017.7500869836421986862478092577896213524851602743569078558290329", "2018.2251038809298638158616733002419246365678554635069440022899827", "2018.9722149653385465000429193514560031362302468210964135223418205", "2019.8016214953730469044941469916711557576901398423929898622690730", "2020.6263833443392023759692805733147880824844682894101430673707240", "2021.3999818369028002149572275360418910380392864646487578726443300", "2022.2044977819025257688550331298344129777721828729719921534869674", "2023.2996291340883208596570060034399068656624991748983285023130292", "2024.0749519896618470410815629955513902546025968576552670277501987", "2024.4494524423575104532691915701532705674184344099337249979426845", "2025.4910608272353220326516376349985502721386681341443696068715455", "2026.6174851111768533677564901335616791382096190178564441905613622", "2027.7108931732158802966356178340259078686248271769078611367742565", "2028.5250716763159774124387551763615459853933420193241179398804546", "2029.2743016814423762648935305899291807391838910745510958162586105", "2030.1551723263456327069598077891907013157033554335467023122938129", "2030.7300760803444618033047387625352501328637048500034517276432130", "2031.5048272223929966024695501488386919416187801410873218730534432", "2032.0982736215548537601181393141020416579009014295101468753063667", "2033.3010939405483180473684252695955852200535604759994052029114796", "2034.2123739535563950107197005963570804601002797831363606686139505", "2035.0995266252357321967651754800500888344794543382319495548682130", "2036.1983949463867982528588265803562593614943965294510369227487526", "2036.9086317943485704930084077603586158993179456758243897944430305", "2037.7422842685971851592131744370951748571397848873182925411643759", "2038.1804411118252594884002961325683744174649252995666972549752965", "2039.6841677541995817747036357368906331966432169102670774601015341", "2040.2450465140258211243635748216864016426573529514717564493781973", "2040.9392692129280642165587388582801624513295564305603620005397291", "2041.6045561377111622949540519109767730940800315257497966135743753", "2042.7725973501210478619593343862952413016664822068010545327590906", "2042.9781735484293024462786899307936488501063694721636596354376111", "2044.5372234352680419080014934908601657213801696330790455731051797", "2045.6205149285829319959142864609109605504846383118480434224069599", "2046.4233640743971423749253095892740950797166238931729435806146784", "2047.2366584004637647374368499213079218576633516284878756556767918", "2047.8522974530869468275464613092978913032901618610260738770868652", "2048.2913649888191068772727329302695031505893592582369027788474954", "2049.6714635221104719615779164359143070078939601365427904075232409", "2050.0372856720263910543370224220097636533421288978774520511847502", "2051.1739525082249673026119091913888021663808361353268199926831777", "2051.9250974423132911637386289986679480103728902496037090260582394", "2053.1155809538076438598935956890497233070132044034517284439332817", "2053.6545239000725891084764688864757810254977018334476864905715439", "2054.6890053450318888733947144314939616794072097553175947231655305"]}