{"idx": 55, "tmin": 3698.92, "tmax": 3732.673, "dps": 80, "elapsed": 111.86115670204163, "n": 43, "zeros": ["3699.1598475308439687084184627877872109372969816940825484279193379", "3699.5961145585895570901453262357297955189524022647417825872108713", "3700.7412527248047955108825624900654386747268260588530842748344879", "3701.0767403815620102913669904632138865369947090199739887732126632", "3701.5968901319410536225454094611826901808389492456717953764700645", "3703.2058579140194187747137171952323121049701803642895715075691468", "3703.9567710955260002988946855965866932640560185202397194022060070", "3704.7314919247581590999442789986865013277928878536425683906360153", "3705.7119569960662524379202178721310751575386986090566158981787539", "3706.2716060404919998056699047444094127758398978640762802202902531", "3706.7076948326267168730703716446022788255127626460845824645414709", "3707.5637156811377879281126234936976456622283678277012551219460221", "3708.2615219351013704836253667148420814205891181694597154180934383", "3709.3830956699644069549603421298694505122860849768443796562547758", "3709.8978563926203644509503759749316590082023599645595995166451654", "3710.7790660134137298689584424655044582789998863008854591308923181", "3711.4872730506563925037845905360276712357126718018449900144434319", "3712.4736205325798398386177604493115629239911696217405469226268862", "3713.4070306597594931587440852436768044300465697320847973929347298", "3713.8828273528537823891138862965635250736318303529352475614446966", "3714.8883265644170342825494231774939744551237152948209715311035335", "3715.9677183536431930649672320645474051705973255441588529044802266", "3716.4675608978094709849668496798129715745004385393643154357998284", "3716.9697499076496142674207200729548469990566710457252683165790773", "3717.7131312118503154271817487325172361783982407368068446147283531", "3718.7062960797930510554512663999682640228572005362081363451974917", "3719.0923716555658150699374819417605903561980199061099686444090315", "3719.9459136920644691978330683429962280655158609701880989061377161", "3721.2144636023390482165917036867193797159011046139556388953337626", "3722.3086952643265190680722653222383253441763131947697916880279108", "3722.7635535056166831983343117314217290125017741757345355810266576", "3723.6142986801335784846314110238733586223851534455607343160814205", "3723.9702071219010329731396918632036184387253145701132842139745973", "3725.2262886640250641141947835378870665116162142757386645364540174", "3725.4597785750645273334680700586822662043990380944050979620651987", "3726.7360118102439875364297172926843753637546222201619399398123926", "3727.1934638847805399681513551144505537458860813287579824971834554", "3728.1536840788653637730025892030721604413478752011669170385166210", "3728.7370424994803713925826496118218232275450271379108901508905031", "3729.5417734942598280320299533808400031328869105061653191868054108", "3730.3219968545721054343562363009652716000244725392827857980178093", "3731.4015629132134704474537178565824656937536582684176981907950425", "3732.5276365366845488150256072394256740435941123886922951239291900"]}