{"idx": 53, "tmin": 3630.963, "tmax": 3665.167, "dps": 80, "elapsed": 114.17966675758362, "n": 44, "zeros": ["3631.5285915648668517506214498938789686984287205108783088968034929", "3632.4364206060370153257699702712334779785734238796701297284468829", "3632.9858816993925027727790099863555384751849898586846376761487542", "3633.2428687930492162152049192696674293353842888116286513671699244", "3634.7514047075100627032097379943948701516047022916288154848055129", "3635.4004676863981073731549479951343087277391611877329738655839822", "3635.8940298240400692225026482648779923524479676093523462749020786", "3636.8877124286921372270124430303011441417001578057924904380660936", "3637.3391866750901353672476452523417993541957163529806979516439300", "3638.3222753228381301407439559103641306509638086752896006580073569", "3638.8062423955254605019970598817461035626759623781467662476594659", "3640.0024787305396277260518465273362322536135819765523354092162706", "3641.3168067550172577349861221745829744793392444885946062270572710", "3641.7050670118663717621373849681565971570260470929612674867213548", "3642.5181825061999676304500496840953086922367035844802844039604686", "3643.3451755883076983338034930014852911210947572770642054646282025", "3643.5987365487741602153991342039510032097095245320118800106280775", "3644.7023184819489526447065505260421609331548046987268576483921280", "3645.3689179764638889323589090178860342674485231041460139888716993", "3645.9792077833492571946365618544272990659361875072668608365541330", "3647.1093619591562139561141763944533105243378420726535738304059477", "3647.8413298243402831217963201992484268330179528688389665006887572", "3648.7561366120594064564499099489817080811011087866152688342231755", "3649.4238313486287990706676714329625803450555837898642947774500501", "3650.3727097048233762454616199404220697249844176262721135000353468", "3650.9955092132171728629744225735928326128301912643300482650951399", "3652.1370835289471376707076551558584215001244160057764900138417316", "3652.5037539830600392696789778386239306182101136936739588598404844", "3653.4845024023098602473721745581881286864571471695655164466913228", "3654.3524232018945677495332187630969631129893965250819880275669275", "3654.7384178693369063848708330527488130954155888947275417503674063", "3655.3652798310418898840595542766802446659057998863433138091791959", "3656.2629412298607859059414061075308942444229452594757138228144654", "3657.1012087637531166728591645236961705406773622222907435948228011", "3658.6790827250277050471625715012879062314176051620889930404919708", "3658.9773589676455665646591970884990985467997880244185988019874289", "3659.8454338465905120854325356999837922332116362901507962509693068", "3660.5931325000476638150906091580726966240843184253512649612350074", "3661.3935451221705166668241201666672627190455843548615848081019735", "3661.8554930323661844285241423333350300831304009008658894623774266", "3662.5147740116513699355266583828479235239004314872777059430475178", "3663.7903376090405055062344383911362740475965631452896496194044710", "3664.4260469513090198236525731298558116115089214237859014899074580", "3665.1170318232659006087331756648679146996981766891961385040733004"]}