{"idx": 38, "tmin": 3074.257, "tmax": 3114.311, "dps": 80, "elapsed": 130.50432777404785, "n": 50, "zeros": ["3074.3684077850289691843306285860898462838395206765876909998411652", "3075.2473423032791778420427267215368046029343318371804350719228988", "3076.2055477254407023410038240367291636169889800397984068146890893", "3076.7075028023460615690921690892823466492968221467440273662201956", "3077.8168769351212466780411073002319856790630560962887238151080559", "3078.3889373605237743953061683983262084913461351929685929552280742", "3079.7619243310775662087724630016100998178094240128299208973777256", "3080.2448253978946136481132180051749287178726805582126959621349873", "3081.0854562003173365385766696785314295265271304897504782983302290", "3081.9574491849944098457423567967736089713392067536722694099865213", "3082.5352923517305920852013067268944319959743821457154313032037335", "3083.2566759683940056303074291181335341832305162825850331084252429", "3083.9678109495536012066147903727536414295525152550095438919318802", "3084.5232187664658227312612639700345611255513364852203542692140172", "3085.7154214345386070398836560118008324702975700019681975370371389", "3086.9533009277603740147750816489280069205573774048823846933636479", "3087.4542343003554121310557698431473093450101290190858893669787938", "3088.5535169629159191233900585073320867507244789867447816704676155", "3089.0118087037211779186138462861096898529810555853852782557064359", "3089.8251941648889815943939156608494479199464135488468069421379080", "3090.5441847357386348975380429167285162917015353871487760763404660", "3091.3235328989675229196280870122497410406007135804917835781166834", "3092.3762754846716823484117237611573162523104120138584702278848071", "3093.1692893276586044849504296347956079829670891032081120920189091", "3093.6457447258298355381013809630312545974357408590758605252140886", "3094.1803131134521888235240800066445337886126528741443812983056903", "3095.4886481773851082841373709443246089540169030491872270908387775", "3096.2159309224383800312363071911646014342186147528899755112915963", "3097.2361954318281878290962520671174892983927130449323109469214386", "3098.3141151032968576739411666342037616243403974365984467337120496", "3098.8096715889113400700275766033235755481319016064891542079807812", "3099.5005571409285491554030925395518237027742696568691826924953849", "3100.4192332583232398355334179402816870943149567344145736838449555", "3100.6712823804549439695601703109412608765451177085230735379070019", "3101.7526450734067685276479963005810837330292927625951820049154882", "3102.4152161964425094065229132045353758398010097186179819445372566", "3103.7684146712542595478165433533063199341083649422855130308783106", "3103.8847645338307324556349725297336490412435158336091810706331415", "3105.5663769539211818228483755373933872641013544824445470510748983", "3106.0783728035580116022113764710538766420019724754798585945559643", "3106.5604361448024149005571400074623745250379953745656267445831514", "3107.4770140303140397485958736536766158373031106461233585807047510", "3108.5036450493415774565005169846178757590710128005291681662570250", "3109.3493149383614693427367991562303519886241984498558816726572736", "3109.7907064732813892766685375458119832753172790979227096516809442", "3110.7572838257810359281434123914524882671124484704236416527898290", "3111.4358218434558579039110401205262490578851111240719739061156946", "3112.0344856913237774435431302812931950764192759332055323066452755", "3112.8119060497657328650748750201128609729590675580311014596994157", "3113.9001358191319614325427217503169270354542171834805187255354792"]}