{"idx": 66, "tmin": 4058.506, "tmax": 4090.909, "dps": 80, "elapsed": 110.64035606384277, "n": 42, "zeros": ["4059.1275165837300266820185422508331804883649208805757030288039692", "4059.6423131033549614939637171321837087876602953073945759694809130", "4060.3188131802429887625958385857905841551363846414318577313740424", "4061.2766076843214554857398245599717297342262958997312933005553597", "4061.6172003322992524126440190384891162597526852529646342570438091", "4062.4611374508815685468795347561834386785745876881682161627075482", "4063.0780867317976251853819154285033843837906491843837944174002477", "4064.3052781233050763085552409662787168078274452345966096658727140", "4064.9649558633632402470175109137158981260133834359157904580161842", "4065.8872454616969696865848879377415890528453350271454214973317010", "4066.6186934830573218004381737536564322970156100177050115567081125", "4067.5029537388744296219599912055270335816865479077032472698675434", "4068.2841050440345472353938688120043378466623911668783137247724399", "4068.6083514176612881406432799122276307549601551162852674972622179", "4069.8631981508150963592605929726445166232116467604709494862536764", "4070.5614485158883067320470937257065541653119803326861597762360322", "4071.3008455665801843201823887895843019579740091768856249739754149", "4071.8359485092293436711067445932716558043818609186113167299870890", "4072.4232762103899398022431323128542019292302425960965525296343382", "4073.4019877454645670693193263971061815346648087837746509961152475", "4073.9664833236217296844898933614217975445823887335644432849727243", "4075.3986139988521859168281529913660723882957284539961997166810293", "4076.2149632078976482786268295146816655134713293170736220564852705", "4076.7215693416148774236525549277759776196713278591125697136188010", "4077.8576837404181398006681107793300498229988629031104724866717929", "4078.2068534537975607982798450780320361463097492991787040801826184", "4078.7138532447321899418830174025664368402710184993462313593259665", "4079.5157461495542736650102319701041379302522786947792273104007003", "4080.6075082873667588190736748835735755506583043131227613318234020", "4081.3165594903243863667798343476136089571305702475129946719806534", "4081.8042039541405390490442953524591938130473971772253147526755152", "4082.9007068277382719941227173335955557700121409993963053836824590", "4083.6450022433372593144248144759646122045569587721331833131799723", "4084.4761619063090770372633471542631887142723096092435193518549792", "4085.2657535586868627438474142768621927844920750195712715673900312", "4085.9729925975339428714461666413705662395697643062464076289012725", "4087.0626343773779695671454343402691809204286061125688761746788049", "4087.7212896846709387431623447843024275882084021708790926743815315", "4088.3194883312899127791877607699508534339388470415629965762960299", "4089.0678653748623240260912599814873163651994016198767045619401634", "4089.6127670310549642128836408083749602803903240045919518396388724", "4090.5244979007925383061720552341535289256541771218685666214809711"]}