{"idx": 40, "tmin": 3153.915, "tmax": 3193.069, "dps": 80, "elapsed": 126.55969095230103, "n": 49, "zeros": ["3154.1985274030093160739470201956609934755939872480081910895512256", "3155.0392193052524926100679649724567307614371168895848169207459994", "3155.7098444082637432056251179697824137206180230144480691590751599", "3156.3862127903635725289917518650890959169719765737330440841350720", "3157.2849934518247795984835365404805651543279360008910183623757143", "3157.8530084450080358933519599709399656716006621437538508308540797", "3158.5342737071562751568799314662504522321067074194258656885779233", "3160.0158153345008932622703412190350918839168405146761102465694776", "3160.9098265578118881857893354893214996615527731625733527502390790", "3161.6156781922536116789196389426094803629482841280099759071867065", "3162.1411263904176491427808618552984137304804633143391911507860135", "3162.9841784712053904511213544417240978890272431459617746178678223", "3163.8175777583635336343458466679217182648281750875261048150037295", "3164.3154316525716013714117985597119348694870772639240428020270035", "3164.9771993059784385048929886502887755105102461497715355404925501", "3166.1751672156390405337610748894703124861689118394346815495772825", "3167.0244891183174915505966439506305259632465944379767725779466843", "3167.5829569456696705602069813596098022894762170115535115072485252", "3168.6439864344799672850714480761464252139855171296841043216560607", "3169.6472141395296281376691425075575578437409246596402514051743059", "3170.0307985138189032990617898071843600999736435455135695622134509", "3171.0781693211441810136933986373258835457541502611571644012780546", "3171.9664283541043231037856656573473673794028429423228917478314324", "3172.5429759769823583414511765504693517952114488829333440017404044", "3173.7007328249199132818790223988183103383820631320671091645658874", "3173.9714221929514754272628059862294626800895843118043639494136384", "3174.6981620957737773985876272189749112852556910724041406936799800", "3175.3637212876369207008532851401763674791691830051006523030514268", "3176.4345025301266388043346081394252740695719134137257255968953007", "3177.4998875458106226274774782585765756344083551128036952720474400", "3178.4578065463422942995023789355713881759719311294233380848883558", "3179.3231162457682720345805430615480732395695572951870571062814833", "3180.0852885171761396261515384194696372411707865915450083354417979", "3180.3977811096367218811018855000500878749605372417131320343726623", "3181.2157619077745749307353071992133216637499134890233353982757822", "3182.2697390168402127102922333284824293540199865427453086725273367", "3182.7190597192946772027332252552995671743150346650759553318323406", "3184.1256737909795288948872268399433873294187269878977324625347448", "3184.3344789078055518439418003007597457394436228724002206797060234", "3185.0940877578707571604647472259142260349329691665742328484879050", "3186.2866540224788430695874938044679556296744314878797218597846468", "3187.1139643702791200398062387165420979719892769908418910937668024", "3187.6416208756531355281787548457585719530597394596487159003780992", "3188.9627025696082363165087150259603876598067226796648453673746870", "3189.7081811391280365365505716592045529260307849789709139653730096", "3190.3017951457798975200870756650477829161971536219464819940174033", "3190.8959720330562810987633132199420593867146271344532157384066705", "3191.8467396748266475513124214479635627429205988950534996503226937", "3192.2785411283278221677701669601037758564002888115901091770923559"]}