{"idx": 17, "tmin": 2054.905, "tmax": 2114.761, "dps": 80, "elapsed": 26.06003165245056, "n": 71, "zeros": ["2055.6273071901945441369650411751012583660375088013032380691414407", "2056.3797909614200621853574501729580385194878175657385618481040815", "2057.5740435103130018208959746843479989047975657785154354291983928", "2057.8921618245163918417757216833745195192180898817181040501200534", "2058.7058601006797566054463823838068139145367741428976306634937287", "2059.7951611843622551350014660953044322359366928808805396779802216", "2060.1483275691854836812272880432975491323801615922791562973996676", "2060.8832456637642168919383192138036701953662256986594395590551155", "2062.6404790765372171838452375925674989473804124952263039220198021", "2063.3288857480136323823952019623849112521598473371135680764726596", "2064.2125255230168359679171082743735123393942081444686062731245224", "2064.8459182647867668943939607466335931589277350537147110856617819", "2065.7261745003046765045243652295963134432340544626309573285363669", "2066.4749225421562959010223426717428478750944816252536601919801456", "2067.0195960642029728408707280782259791367248189648580362080699419", "2068.4050682859959146383658481397800421461858417838714097686208271", "2068.9587291523598615870527157120345061456918771858572938112966165", "2069.8354219806363127288969820175771650230653745167490325674193613", "2070.3913724714579354675576824766114649583959347150042240711381870", "2071.6191729132312282723773818290869857950105469481239061088997251", "2072.5190142283992196685318087440682958646632051034934367065404461", "2073.5559089080862526450864136026278422400387860607102453281521379", "2074.2805844326053974139601252574857311557662803747204754235068771", "2075.2485846203080595501741064403673414949326723666541647279900340", "2075.9354607930298598998228555210564435523064705291453231284488499", "2076.4460505346778000644744376743247518358057976110017603170754906", "2077.3312093142832308831875582476584185178646160976733090853588645", "2077.9476395746556709986924949321843765520976079792164491851265798", "2079.3417787784069867915084138050760196565483664040785570066507110", "2079.8359009730599569881739734004755496914374892137783154241011484", "2081.3361512182455784581753008483044136384518571190188631577392473", "2082.0794222332230459670156257441790863629892507735881866502952900", "2082.4985539620032485325307543200221064175996417338232408958538056", "2083.4095970749056126135676849244651694452138142583907679333618029", "2084.3278915576977942849127263183304283602546801992262183338228397", "2085.2248401834181297017174837049513208130947661528844004230243843", "2086.1253286639512489906094323686863765612984338514537564874612086", "2086.7975270743389540619059124557723418591732810271505719280930956", "2087.3609077912747641832793584866168536874397211305645218537741308", "2088.3920577046602983556868262505555919502908102428125215639490036", "2089.1883731709556318984305335292824241078929301250563545319140924", "2090.2707743159989676082642075010420727854175077590768810126663787", "2091.8407154264855401702337169365706348974459145964654857622117210", "2091.9923970321764157379579063811297566103111015119167509182084996", "2092.7549310962335236528451078509872555156886061052366237017130762", "2093.6225820414489299686825129068305005332696705038175657082668556", "2094.4824027611612536348480378794724688696557046225203002579981321", "2094.9990670343174268809754203460941666484095859774571466562009444", "2095.9795420726188806483015755220496677787574389316801754346580861", "2096.9266447794213325970260985186840286309778732028350170941740131", "2097.9176060680173516555082514524516172359806603070176700252326640", "2098.7394207896252650691405066814405491129951615969122259796513728", "2099.8446714225486416272847900415008726216999670800168208737653971", "2100.2138183620001359516767210750559738149116538044827305409524892", "2101.4339882017428534876771581549480003725526797303820079557571286", "2102.2663914237579827476055783645370795976985169728929027890115372", "2102.9273740692520109622455234111346281845108877866047032065818318", "2103.9103014692520895429288332281403134295670313134393900403821561", "2104.5905994317410350060668878953044361929778004707230696551210833", "2105.3192447762960914934577189571375582824870770972191021812706310", "2105.8012550737691525286301614848050068625466373336914004717536606", "2106.9602105088366086256926600012004269163492717533526904864299584", "2108.4996946916284960130734666030962757312005635815250392487281275", "2109.0268802312871589701589108347017505819039682545992621648995616", "2109.8868884708698368576071667505612041349570444314717381469748249", "2110.7680381333104903323676723810377035129775428270709400236087537", "2111.4741578012740287237900430611974319183009920214061645072407467", "2111.8580288067980835601574632029667102660471782222118165159742084", "2113.0317427688943309609525506569899189260963119510348283562017623", "2113.9983585841772133187260100378179296173575327732657617277065160", "2114.6605034566578874969451791734661497580288625321185034187501538"]}