{"idx": 79, "tmin": 4479.748, "tmax": 4500.0, "dps": 80, "elapsed": 66.38293600082397, "n": 27, "zeros": ["4479.7654954595478625125697454398805552303901374651824509610849416", "4480.3503993141510231862999888698602842626782022815647115922775991", "4481.5584445182876951300097823039786507769532267419127669619592181", "4482.2521912981810990208662743091904112933182300080937276338026089", "4483.1012339368081139662022829936170294652388137782664592681480196", "4484.3304190732234074756711207239679350737684481334359692344711702", "4484.5256330572505791975793201442220383300538378335178977862813912", "4485.1882818340480760659270154831413702493569047112555519835941785", "4486.0102585310785687904685534602050474897626124516711979711994416", "4487.0056697062525234331856791417792363591378841298181076409861394", "4487.7635263359753118502427198784048380078887083995190238082152625", "4488.4216168115854455705439184148577525269987303799181154245802125", "4488.9567427555116661082025157517848492168605251648202966409059017", "4489.7908109760583651357436866359352949304238539849119116889726393", "4490.5577972489881838287602358223111456938141873083296990014233009", "4491.1002506338162372068965543543966083923709281151875218542729473", "4492.5794495593096947013506742187459010058160982231487205609488347", "4493.0556557339463119086115363983932520452381161784311913586706946", "4494.3195409429993492178473089538380261052289797103358467620434645", "4494.7244931691972944524829039097476484421402646794011033561014599", "4495.2037783866494738626255696540654579375687949561851966368686404", "4495.8749553070896965164984485053571691671675764172748636040828865", "4496.8723967570180737992584463621651710968855906607409635721057863", "4497.5209648047552909790222992439365607545588237369951527726566922", "4498.0088021218305089690490332985853720708191281873479125314776825", "4499.1733542949805235028658934131309236339932207479116358159066160", "4499.9421334534025589078872066635705624174146252790405582071394164"]}