{"idx": 46, "tmin": 3382.088, "tmax": 3418.542, "dps": 80, "elapsed": 119.04137945175171, "n": 45, "zeros": ["3382.5116044628470493462686618109221278351699834058321665484745369", "3383.4732140294076664504601888711153485784839174069190737233675156", "3384.2276341778142302775194672873246912197013032799215102973290156", "3384.7278390549113110514084419535992305170222238718145745466926830", "3386.0606277203447055585986014461948060024428694988508605079606213", "3386.6565543728977479012674945645651402091426825860105513998222490", "3387.5457358445493454972925020843566173377626173514312291348401578", "3388.0419126251085492506224023236319012805810413036094590375612130", "3389.5165640560747439015440366599015103276544985740248887941615090", "3389.7536508674683457326714224166400215083624600718010651208258501", "3390.7506800622533417798475672586808227394341816819656223071810614", "3391.1796718088737314797638806937989930210883730228802375655746935", "3392.0333166547731509189822855503703028667129927857734620038245813", "3392.8765812625314895051476980163078978120978814105472675743698621", "3393.2591269006499348143351517292566848297405058466486168911217055", "3394.5954634218215649238352972738086273596810827886916671872080356", "3395.6535416667205476294886658746311463112095386171047479156612076", "3396.7100919587090073079906527675936334691382728782644633188161157", "3396.9319078224956242614891213266359570731606740546551006514276338", "3397.7792535898505443826492936438684305940089519652462318159476148", "3398.3679809257966402903880029264654443543768095993822765368449999", "3399.4187100510381831462434472221722766860739437655592639637847224", "3400.0927315407598561584665251934866496328268236005085613400293233", "3400.7120096261106707319434663257883338511101766497034329073654928", "3401.8505023913307374395742984399061190636861444269939198115209226", "3402.6056078222014295601616256623722668667011647409853772592455199", "3402.8223467759549215017171514741399987766085164508112748630125560", "3404.2266197312799321310988813628088778634072095675446435521816983", "3404.8361742117812375468390500511506674361386919108180623476819285", "3405.9910575998623344676623150774447625137492029097266544041539349", "3406.8036237315326990854916228372540699095875381529615722469168627", "3407.3588460809169271602074916728544883605149083808790937008225586", "3408.1562586694734771878238271058691343312298573967850067760125280", "3408.8625753272596251577550565126562860732037843227842942743696582", "3409.5725895736494199070319918524840320842433278255287631271804247", "3410.2500545626927539637839006610694338752959511100357614560540266", "3410.7429276144299705761820090033630701616750092979122319373659842", "3412.1967724249872816813624703247534259906291165692948823018413982", "3413.0176311340676655200573476465225464693118456699859618389069808", "3413.6866755650102366890703977219625689778111400556097103374992690", "3414.7959315964190767859961485877361609361563392467580376317108429", "3415.3572749931638216668842579323453746443261283044275619992846039", "3415.8289787784824171293859150250906202579150023152846578341855820", "3416.8736018338080528443125636401597176946528964205312214846110626", "3417.5804345454665498728346177976979458197891824969458495499267600"]}