{"idx": 57, "tmin": 3765.977, "tmax": 3798.83, "dps": 80, "elapsed": 109.57270193099976, "n": 42, "zeros": ["3766.9957228619021291761326983287588955177669677259762521027657093", "3767.7444122877958926860753304655296935973433030306979786252437510", "3768.3174589756934421816232683609123151422191103445350752016750679", "3769.1013172162973652354446846292152155237396716516673601404565849", "3769.8249731681505121166581279374541712373537854493524306935750510", "3770.3065745805306903537130148017212591052359169356987646638209656", "3771.3826457070739126654836190739108265355786180871610128380808607", "3771.9916817016705660759491349002388362300109201106975291579268499", "3772.7462910814422815241232682695632010958433762638442315319983729", "3773.8977182232492120569109886520377501455050492996613418018700825", "3774.2404661535785417561855368074372516794215197679685171550366334", "3775.0091012876660287501680231864830577871861674861669533006896675", "3775.9686138025735315001843156045522654451314600025518345973194863", "3777.2571214751394307818148832734540418727014231275853459044643948", "3777.4997456065551167959682412210809916646037838734477093685370086", "3778.6633779208446809928486938533394042216323060186540498599009326", "3779.4045597721661708846855817730086130271251255027785843842506797", "3779.9031237053676619173279061408183582274939701231882448982924056", "3780.8126877152258166103200341869405470474560626415962169600775644", "3781.2193176269083855190602612239225007315058285322005887212218462", "3782.0691658544654030594652081570811974127213683137036241319869128", "3782.7275168034492251035836133238690661007439241108541011944075301", "3783.9458542405638323317398390527198112776408085214072238131031648", "3784.9465906134331439358033354770318949797815988833396500026052762", "3785.4186280948728636519170231283941241514546081544732841190226381", "3786.6190287575772454982259507483601615615159316623145914176454065", "3787.0987108309492033486860548646376934135052213620709603487724568", "3787.6655522956120825159931265470944282297367165398426834506859187", "3788.3913838659235378230452658184319789339436457157681381442031384", "3789.6055901509639705550024419693158046125866582520505497526665165", "3790.2459947414728476396932306133936732625726224339856956596976624", "3790.8116537185320271529985242803171694256881685009669224456043654", "3791.5448402351004118783576865548671738210868714037449835726847530", "3792.3187251920004999477580855441012159322308028012257862931451903", "3793.0195327865279197641831760266296599731015455947054370525581358", "3794.1258825396998389226327701871621167792810086406646707867596082", "3795.0603516712835242374489668327492792558420080198388271711275845", "3795.9569009918165563486018555488339004726176418332252134580732339", "3796.7123604663652262569553433943087761340809199812086903621961525", "3797.4246289076119784242491495811144260701708048689640258211882533", "3797.6786949683637232733950862410215008238511301528670857365118179", "3798.7735567904060319105551813194332527890597118999905070445468776"]}