{"idx": 19, "tmin": 2172.817, "tmax": 2229.523, "dps": 80, "elapsed": 29.842713356018066, "n": 68, "zeros": ["2173.1711058467033286286472733491364310581278954499145903440914527", "2173.7023909438273217517675539299794896215620145570404204570122791", "2174.7622041195161639392167401692038729889935482094120336411699926", "2175.5325578637447702668071417693092389475934438890541003176264594", "2176.3364142810267039244718303694906243135714875609376828513949275", "2177.2233479275742218732111351975202603525291868939405604270750912", "2178.1802590288427722879138530419665838347071057057084536635317385", "2178.6329929703577619920212827131119851819120738458137684456927651", "2179.7847656368268570988313062091173682765057433961759437818645877", "2180.3514300680707233164540332322969224229879299057561815959991838", "2181.9228871358185300381139216641919027105057428185356097355145523", "2182.3740394522724116007535261426984755949238457152067515194126595", "2183.5324491724789569650604361152584158378063246768342341278115306", "2183.9697471921422165543752846205162618298547845691886900118810511", "2184.8494827048468866531705028955793678119787150879650650753828794", "2185.5794077471263699053503305148096185158290420282045393028304322", "2186.3252770293048679148454366014154673128197328653460708687283928", "2186.8730697516303809731535799809471836514302676686268237966766873", "2188.2540628869570561963531138360199433437022049238381682779952851", "2189.2175591118407408242655863882103744135738679033689827619702815", "2190.0478381483424211810753084055398434989491971401962538553079867", "2190.8293208357703950755726900089846084529559014710291489742919670", "2191.8842940416530396726599805505830330293050349019287757379979562", "2192.2120540037228951726410353384800961524823799724010137801747340", "2193.1522105310234209411250517694961621615527282144336000761648232", "2194.3490368126733512359674364112382236869195204572339549494239684", "2195.0817121030345004341968706767394523452011936125653084937479569", "2195.4640058832409691967022328981106704197163520707257756098333614", "2196.6093306672676286645937187210523921935105001357937306000127910", "2196.9808245479030278123927870350332863718395114487346921178055095", "2198.2105635202913224885764746390409153683824786181339702861502106", "2199.5910566177980646544738130929409623435147874737609781601294377", "2200.0680631923960289644057321000746339116319803785187202669548727", "2201.1668624109733879078886440710477946848047849329627594780253826", "2201.9126094878754404252958791748381622307541844236149171475395427", "2202.4318480067380554687643693573563263962721388878765142162174789", "2202.9405618567955399761064338201807952241676987480378381192974540", "2204.1834884546836275546711464978263431801522989124309485302591354", "2204.8985062191525576054035038014488651479021834708207081314113799", "2205.7410299976956940783394292133633658523811610277258370841210407", "2206.6813813945267013013535801036978686017588032664803838198600894", "2207.7549583545278902466569346862017001091237314774036845149175818", "2208.4721480687660743112958677682652199404557513683509001317594947", "2209.2911370649668481363696039388148233781393390041974810788089522", "2210.0464183199825638237101089521650873584048807511299770238949672", "2211.2105681563930684358240586240414190760153311894452979334376384", "2211.9951081400085454193849089698583067092507132836416463989340963", "2212.4436340786940069638199617335651250567563273454861101045827740", "2213.3400212954705788824481359186342179177460452260486390981129808", "2214.1177241437534553796800779512624450352095960252586779078596139", "2214.8412261169275584320666926650358744735196258506807609858385177", "2215.5919915474464878788295023903159486188821162748932826026610468", "2217.2351588433793938021359777363244774577658704991087003001297496", "2218.1857327963621090299330503380478716813672971481524123033229866", "2218.4040783464886083812128053171979320846344377333468082131590928", "2219.4182293341546402084130169685477074669757289832363768926259381", "2220.2166802259056580318545292079754746743952307257466408522492444", "2220.7970829868376915622574422703116298954064602532211431522523590", "2221.8388897534149568874148667389597625199384600001986190530983710", "2222.5049318608045232482628010118699796285474534921103957914029528", "2223.6944751650078024197187791758843078290205544578166298485487296", "2224.1903994834814613522898880290654874468188875492748862066622858", "2224.9849107861284196291170276416590543476097492820987127234890194", "2226.1865472935769136744661051217608258262343557929315706452518368", "2226.8860887622827114079863077612825788223172995339226383208113536", "2228.0495066562057415947012620933561789678366863700870229920956907", "2228.9184965145671282225248624282629582754702027561235245262786753", "2229.2123152724894584350134604476758418091671870081401646586107787"]}