{"idx": 50, "tmin": 3526.553, "tmax": 3561.656, "dps": 80, "elapsed": 114.69869661331177, "n": 44, "zeros": ["3526.9550750822738307906275935109079720290433284284131824898742225", "3528.0950010110915096150491037251945235479384018048316337050834555", "3528.3616065061423510186031638813057515221244645110398252106578004", "3529.1615352294629363940458260947155508150812658636563581452656052", "3529.9413122429267878568061285878599972824234134676077168269751049", "3530.8540238145631443020445265351604178237835152460016009513125668", "3532.3643881063904723769458204998775074900790146370184560705202142", "3532.7313443533811027151222700963151971196166481146583944419136716", "3533.4557225253835586317070842113834137964958745371471365817671999", "3534.3398845100711152793895803901199012161603442394068484968198535", "3535.1770344188025401650354812338107584773320892585637896887241815", "3535.3550655853253981570786313599822459529423998134441560015844099", "3536.4087840014839800152939818192711958504259665867253288142474575", "3537.0243218417119661426304250028833608844442328392723428064382518", "3538.1927400140968119132304694036971613159010032427750862411866120", "3538.9925058908125838269628865901709000915432847204082498699733396", "3539.4550176840588428349433456982472219803330123340300483864383334", "3540.7627159407118321267772886307451189201595523683320218837772877", "3541.5064576656906062701960742623165073766926110002900489823337340", "3541.9254366732555930797637113081562544432232853862021324837026506", "3542.9126013907871630061796890477980264589684960917393858031783046", "3543.8611042988871305726491838294679249947666374404741022736615595", "3544.7105749218606843221284936419850541357455532906411180018644382", "3545.0723954619808536085435814424836120490004547855921959678672913", "3546.0550295778365508643236422724512654120248734102492628383923987", "3546.4689567435245148652237058394885509936492912868142029645585367", "3547.2932894189395532910549424751839136596479726835713265632568660", "3548.2094405154558006888722862555322249648403988279491175148510002", "3549.4231771581739706766681891654163455209894551863349810753515237", "3550.2034692021846139810416386872642335621652187522150333312646153", "3551.2381916527665108258743018314028615093585523523031523225271174", "3551.6432216669894491018573502847980560744584205082704359612388977", "3552.3274586081132442577539841279509529291167324023587596326297627", "3552.8403850085717119025095619470974821598849767304060531437894738", "3554.0432805387223687058078002982333980660834262533430022321296989", "3554.6203069781164486900098740374713835785165505182919270247325897", "3555.4119817520293386932355915586133038120950593253855209730843178", "3556.2832726285429293246355669141673038114889509995316455745817153", "3557.0235747651794398986695785342538463654481590939150507105759008", "3557.7198997306831091034270361553361859009334024525565769343393078", "3558.9354010059798477968276132051342211868638769114345516263379460", "3559.3084778949339840868233111487541382775780616244919490255475000", "3560.5058169087111868846148801358058069200446821714389735472544388", "3561.4728746602603291358226856156193614391764032159531188856170517"]}