{"idx": 8, "tmin": 1408.641, "tmax": 1494.149, "dps": 80, "elapsed": 14.141356945037842, "n": 95, "zeros": ["1410.4952391023641426515456989758875673981266662255656219458695296", "1411.3349074094179254940403050087370947734350189888178739560645210", "1411.7459622705210734038734795813314157288070366476745515554160300", "1413.1539921845344540750318298889147897462798728572568359321230820", "1413.3889656227560128765172460834979813889081893213116489645712114", "1414.2993549227020864902463140247475741266011303929967396580447822", "1415.1709599237563344970549186363906540160823840762853346838600739", "1416.3999650538135883671482662520575842550924190432543048478590936", "1417.0349131224248248392500383658871978494952069210174160023147257", "1417.9830791416256491208363594701244964544038252677752885008527417", "1418.9072319376137428456317078574882438271125420000961778278719296", "1420.0439102285861332214966087661228499180597644337413019212161651", "1420.8718101065860259453821633072798891938873792724744106909065570", "1421.7303012532778331551407515981512485906868015571025023946131683", "1422.8769830446260253250194893335437869035941199494823326533318005", "1423.4881606427751558117201069747634346615623141012386674559679414", "1424.3020321904521044907377289958971066871976736107399714295372918", "1424.7385758849944373629373419235783942723256029094837799801586816", "1425.9459901731657038287270164687336566471338202324619303697341566", "1426.7091169747209340047346594109219108890806776180117641869893425", "1428.2265228447773963715789682954617343211566210755896734245670593", "1429.0110184464709995164007591763490145793114272348531767143017076", "1430.1942264862861371263823192263154909425392193740670788314387594", "1430.3866347472677908140520881911283646153605861975429649549771393", "1431.2972754158996668910246765200628273791577763382513929949046293", "1432.3915267012062538002164577585850826472348881563689623893906578", "1433.2893903718591509149892398848380258223384709442268232974717496", "1434.1574280382722138051691270149005444975773027655507796516991117", "1434.9172805561798082425960145245422766996739668614564456472607331", "1435.6114193040905676680522992136906590314543978412941837029220161", "1436.9315513802694735091104880502976982313124648543029779531494462", "1437.5249117910066481731727090674236670561776420362798006581329719", "1439.1352478000583090284756419256129202241403900671017419927639527", "1439.7379273773632443533918222104436804153894244405308467960620656", "1440.5415129215236190306274966280177434616017148427947466401198359", "1441.1437913718136920445590847714624415494036984761774919631557088", "1442.1776822177799151796477610852245493957136345078425186107343222", "1442.8639298190815672463152869097520074434907022444494820590726215", "1443.5179562352775851687883786322492897397601365181562336653430544", "1444.8669264779950746734443576992694999322096741221969659983580115", "1445.8791425088915680785013422399339928863783681767902867487847442", "1446.8857959438768988639052909421751959262704941038659641737880171", "1447.7203329359634897364563670759504518203826009245637936795500441", "1448.2491637883416890921730571174086800995451507444726722469752510", "1449.4742883550506662969319710026664823437554155732107580111420210", "1450.3173382238611675654889256368086713479832477392372262821225858", "1450.9414739590099918887802836344035186907567581519018403836206403", "1452.3172298197264770028031187308533513743017589898665538838534628", "1452.6239426139121889185930427745134597521601973454760208121741699", "1453.2565926952058509363776800807576368138811818569174527579879864", "1454.4399253389636900791262517899945311834557206396879171888760552", "1455.8385263749255489583419026003699475330877639393639779606474124", "1456.8181017769122753508570883541308941775966784707240430783822277", "1457.4671552402933889999700090768018819607671905936602840640196643", "1458.4879831311929186976338805830878012227795010191358256351640049", "1458.9734456144265117447900118946450936992819086206356149455985115", "1459.8954569466922239786555352560069878726062661141824660906367720", "1460.5389991186975456845453022293645740357433889406649419924719473", "1461.7708647968841629882955634339527904739888434875446943628454607", "1462.7863243623515811283403561756232680280677355646537865062439865", "1463.2546222213423048822364722504969362524103605112874094732226962", "1464.6704527415407019205980173943197514169979328966193134168943432", "1465.5002262157677876741926114370711575502148037566097071983384072", "1466.1749364693122222574124478445013367329280067461037129279444334", "1467.2141863537388764531264633024657938079381760377234731344388584", "1468.4054933436530467462055211733624006267244688473769593365316702", "1468.8952683708442691327940435838607819388799900711561835405413941", "1469.6624011437683659846642105896907745939661469232746804747708811", "1470.3944289133426974373282358065771956627385810633844854723467546", "1471.3403899553506184138971898952213544591568829664336161838713886", "1472.1158335359516283477110195777055278162863858807679096164240881", "1473.5972095715794589218212921919458639184155338937383521472715772", "1474.7913958449694551084086890243758694073571718286920994823890008", "1475.1517628475889534234722053059972599384551561871085449444137439", "1476.1495174407446255100401647959705041748601210186071198624093036", "1476.7898937058498254244648075720782111054461256982633348558875899", "1477.5481539031565906795706249962509140588220259607134756507615749", "1478.9706989758298971288065186549788698906690998967289107082482909", "1479.3019404776317430530965588213399850704927339852609852150286146", "1480.2956486417661921189925415614334217094623281572263788339507562", "1481.4106473248688339041864102092645432340916878796910350847496995", "1482.0083089757852791982078816525625473294626395729053116536547359", "1483.1045661307120723707911283004686099189413816260653050877043460", "1484.4677770549033205547249839204934337491919162076924444194236243", "1484.9555985470319460481624194957613146094244994629999640969606632", "1486.1496055356481988153353243346057577845276722321326067490962152", "1486.5225585496459612306632139750214987988914505081906758963800577", "1487.5254614222966023443910431549113682318282344496314365347068041", "1488.2438521480353944392371144911291214438559034299668121475895080", "1488.9437674987845411875340874369123216983876694411429759121737216", "1490.0063811259322197177750138730709554323098913584374300780293532", "1491.4540226133330527866780312960482880668069408582618507395233039", "1492.3176274816553793709810226315211206300341983681028416331909986", "1492.7903790428851130815469846322080511771011334918141335178430337", "1494.0254304823778415305145290447472959326686038886600334422756792"]}