{"idx": 13, "tmin": 1796.58, "tmax": 1864.536, "dps": 80, "elapsed": 22.029408931732178, "n": 78, "zeros": ["1797.5449905566175554904036692646516729942557691978736031964084785", "1798.0628285603790507770347435599198453311554098714516886297672374", "1799.3935926329633587088321788529107360474820200702119432813641409", "1800.7140250696272183806006524975458942475188826127229181594751591", "1801.2652022632094292705286200076102636812916133139855712872206442", "1801.9509576975283880699356998592055907815776869260667079852183938", "1802.7382878876485538262958811050485244432504378608198245132187754", "1803.5169825428691901753223573696261437440294931653277817679331299", "1804.5969388105728205095770546747418789100660184483733674078613008", "1805.3815081809298391028255305815151562429098523440424227731140772", "1806.0903347322176964495278394489927407344499799476717995083327741", "1807.0937879942372688593025488756572753506244573650619908371409138", "1807.7001778798575721467466067888491630680171875834728195864775508", "1808.7810077130262678555867524136865583539859396435215611215640705", "1809.8085635018487452434236409104815636148771399860725648039188229", "1811.0152660780096131266565607860393741283695554203004117257282524", "1811.6165820181636347473773078017477692598398221941367382234707133", "1812.3940950604204968624356046312332715741961778204895745851229969", "1813.0011765852342714673530718487438337300954398033091086559544271", "1814.1091052726842865606473554535281714995537257187750694052012231", "1814.5592854765586352342417602408786890836181829461304592917255465", "1815.2936581935322198844464336240025652666854298079225325654134784", "1816.6901437405861081493885947660463416262721578375969585043170105", "1817.6898156496814394744073221375167635901642494113352233557001528", "1818.4024114419566300292727700841809417961203230127579067253100162", "1819.4890276007111690314835561016664094327376505883985052542770130", "1820.0139188625299225924412903569574887352618209966774901197611564", "1820.9121829172711593941438573674390948781488212991344579956144037", "1821.8178278131535912810107430921455981941791325520438356585908582", "1822.8295726381902644880451004933572368169265904067130205108912393", "1823.4331221760889237053528877283943990614283995032453103756558196", "1824.3556100671841164919250883305391792429198492275384343389559327", "1825.0197434362641875405805509844887919501708411382690996991006202", "1825.5469853573962524564100018087524257863412541067900273288442268", "1827.4401598318937593247512315056171588952746851483268183624971173", "1827.8155976039363613370874499577849099768135837889472076669142868", "1829.0813390708138767928108503408904408600912557464121553075053035", "1829.9197415259587887429267662257934850813967807985071606564149022", "1830.2448413882114719924837575250332529932330090492988214026207659", "1831.2322697504791338473994087520568466251173174659997208641027374", "1831.8498761224090847026656839717659247696528020132951633307589051", "1832.8531722695913272070634306985087706943402622629378018858855186", "1833.9864462993825517211753789429474399232910183099399964773478541", "1834.4760879939750718748378667217739866948485499144882382693873861", "1835.6720543413772433025741292766525915910406096417705788253942504", "1836.6183402288883268738852876799090678346788880501515722704656898", "1837.4849742327049773926713840588173644679113680634075406031816010", "1838.0229377615303092132064555636819703995008266852649989630815300", "1839.2900943818647020747655323942068654866419161169455983909207485", "1840.2215875135208808061987346997425235360936392225807403388892311", "1840.7360911234683618038710273725884351790885864366268919081050798", "1841.3589429173467980501669203020535054090252885142227998177331080", "1842.4433902686816683944386344073525279568663003727991249774904319", "1842.9807194563896023997294262904510650169149482557629760498201222", "1843.8995222514210852193302239981323435501250694533724660471394393", "1845.3879970817567405534937949406932266986768411866864180583250056", "1846.4029516244835319223453251430117103486851863493014749543149481", "1847.0155696571823866343744216672002688153988321174514722027567151", "1847.5457541339224542494477704690087033815933093696381445570481630", "1848.5527629879275161607111634812079664503781735658770780598931797", "1849.2935724673834449446174094644607692290850910169429711533309668", "1850.0689148822087271224202674930798371387930201692566114615310235", "1851.3102791576166246728132583339006220273801561924670573547120023", "1851.6793238430640364873108302587710918116782569701030965450024943", "1852.7712977524381833832570563768321680073840769256999508078260004", "1853.6811760489108068272514064867442363077630183088163706982609276", "1854.3650808232105750795435280382944365222826530542465553883376977", "1855.7235631864513359496917994030901218372625667311855029032223687", "1856.5725468278352068554095501768645540732402028711749652076230304", "1857.2217677177818993890927738194775259380477595478467369243086180", "1858.0512468660693245416682673225723039796688281205856683144417334", "1859.0083881387329785685488910052909111716770386727324246450136285", "1859.5264310489501740093349503772141974551149691585324998624826160", "1860.1008809166063302736490131700993719651980096455584152666793018", "1861.2332650180031738829582567922134933047472621267125522686099206", "1862.2568509847185176347497103165917503157380501913394234295372391", "1863.6430594032853601238833677596216231109660710058995091467087400", "1864.0106851172458071102583233501424129578540670784983587435468986"]}