{"idx": 45, "tmin": 3345.185, "tmax": 3382.088, "dps": 80, "elapsed": 123.55876302719116, "n": 47, "zeros": ["3345.2204666493903247982785941312325512142707154248112106165632253", "3345.9091528505482174223186601912319144095300146114183835265845367", "3346.5938027506083779439858290601188325825028135301931743941470704", "3347.3306610714929804549148399501786428118624765213479092816329838", "3348.1835753500537867953258576789981552169170065749870563729490667", "3349.1395479423263422384143149827676626530921930940721890835896098", "3350.4766117559166632476709654106800189067711691397119636575827066", "3351.0489897036083241165013011756894192451989286825981636750323161", "3351.6060837358896201062205129769846707049398771112092300218879824", "3352.5227743610514276733346297514130247015449241234758074056793776", "3352.9859645954430318167596286685026090444918979574973005371774721", "3353.9293440780587990843058847192122194091491935961846486531568249", "3354.9621304879257758094581443575305479726782706054837969872948722", "3355.5286168984068015031447895538708243911406453201529537472438476", "3356.1576582131851906244585429618713654644148633808880221866316145", "3357.1236519469568072604959332826749166161765514416406112040035169", "3357.9305791821404790586560144226770447332080146745980750669888669", "3358.3770967701758239840908083260190456238923411562199098159794892", "3359.8158794557933493011545650421737599476573674749983417513557668", "3360.6712698615930950435014562170923056108257114074341158435590944", "3361.4150889432926714406968382586337301570207503319353829468441650", "3361.9894356880559560395102652415624064562115414329979096612402065", "3362.8162394671264378628470717775575240136077557268433755416420904", "3363.5110965935269197684565350106987196320655902109545402259747862", "3364.1496067020995125204568680274793997431792751657025479697479374", "3364.7829063415707734882266055092159700609658486697269997548724706", "3365.7952578750842158474321996794764372792562850571636345759366076", "3366.6085184010357312124589046125679725300747282569234478566455535", "3367.8451711393145440844780585238301715764674314418511570591136444", "3368.4656246573791981443990890403559132533731430530700390287888760", "3369.0040003117801211479149012244077937719532436021002030923041654", "3370.1775393045697618094828447260105698952336893929347529054244238", "3370.8212464991616449352624619569679772659223995340683846150757199", "3371.1866538174629498953887089304469699318506646331106263029921375", "3372.7235002481273277536768583649552930199161962577314127421752036", "3372.9695394117257929153391189221999461404625603764378978088023746", "3373.9010193117312412296940206568211696018533950082885368707355664", "3374.4612185019367717598053226426007455992443930336128879656366935", "3375.1333954466402900938053132541453771494406279721227636378087638", "3376.0204414043566533483116604900358267369907890722321353141504332", "3377.2171524921509478882944809176446814965266360693670329515853018", "3378.3435878799840107983188122727918541197757823270001705898977774", "3378.6892939285629224891574960043660428877335110703365828696499389", "3379.8434084068454207750615548010196280242292933078066213592261733", "3380.1862960974712553765018475998183914275082187088071019113791661", "3381.1302371422183664460365255982477598314052807014807573442099022", "3381.4211613780714866542578004472347598950883789143508614797569995"]}