{"idx": 59, "tmin": 3831.683, "tmax": 3864.086, "dps": 80, "elapsed": 95.66871619224548, "n": 42, "zeros": ["3831.7510055364086913373407971410726296872890572793972758881357618", "3832.5190768321718220739512033714265914003736239562412471019511326", "3833.2726549622829328622157388847485349007886930374007663936712078", "3833.7919728075504631859503979899010380395482768712160369047177905", "3834.8931517481104044043545530289652951261367309722118109261953651", "3835.7881945614641079192366245602692044816836051408716331674558405", "3836.2102348694778945956445463068202322613609792574899904888037498", "3837.0803201032235694093364194223257930162458600162406923248837906", "3837.7035236544505650606446678541824653771251855291939884191786179", "3838.6509893690999143721531627449106105002085644127215397654220363", "3839.4738807988191774254526644211647667703172235052472536275699930", "3840.4282008755593528292780519490914441840136118983825737231849078", "3841.5351270837900218795143831185575995520762607202568403108491279", "3841.9819780693617351645815288988469587449617746858893167699506418", "3842.9942978735802397214871084988528295022957533664745210632509950", "3843.1595073583912259682581689516291393312681949595702943419793547", "3844.0214690258437807997604754317266141940222304828968288846743113", "3845.1069658822460373840173032641871251324505887345246819161938584", "3845.3572862635756628045641927012526719210693204064414532208245289", "3846.3001744364016119567136480036221492080400514419975553889887317", "3847.4380713288983776405757412357493646874746025838705965833149483", "3848.4297327602739045186090326937889297558947195912953894654864958", "3848.8935613508763981711480984068687205229527365507256655297632481", "3849.9034955257419982627046818574620423191896305462285126568503264", "3850.4698730518961263328749464445976570294492907359336939811750596", "3851.1780614331468974179135574007184671104422206025579004332888644", "3852.2583736115643747461770955596933627165982182241673462930867073", "3852.8527145449675194399134999790112370093914386215693360178461254", "3853.5936512811753787120266280570471287903513285819618558980892017", "3854.3309116471594911514040107104324548514082702466030156348275423", "3855.1343597947406791678899322103636351301608039162644912110696135", "3855.6512604231315651623028795625766726558412115892285447797604483", "3856.2578538425630990614953745149715844407729645473334684265628095", "3857.8961285860497649639875527634865405771206074415768911503847391", "3858.6167425545721690462423274740593453459737821260945177182004044", "3859.2195769147779480600499806159374815385913570563590012870492811", "3859.9929419746354716711114074825674104751011181160129102207592842", "3860.9665430431395817426914128070789663794439309936693650375414690", "3861.2789831952506674535032840384659712979729108443204004363667176", "3861.8520264541701200986457226153359396598007400273098646449930324", "3863.0163506057791400002246016749647239946806650711282118034267228", "3863.5432557683502294440111565945911622186241122201980320258271900"]}