{"idx": 33, "tmin": 2864.536, "tmax": 2907.741, "dps": 80, "elapsed": 138.96450781822205, "n": 53, "zeros": ["2865.0707967195384152851483025098495158805267139445284792620509234", "2865.5823441675343112410011653972148696759182020703795985531379383", "2866.4754662886165871842176593435166248190830653125985228536689835", "2867.2096039703628524428073644416627457787000319139733247739336497", "2867.9027043124227413687520144476492162391151671996824962613543699", "2869.3665127979047396120745182236156244336882766490946671295693309", "2870.3410784514674042714370080960873628000386919827698029521948038", "2870.8260597786639640236456259094957834841540315710891308896198612", "2871.4647177325995854447786843450686354310188211751797648684864798", "2872.3166263617343037446505004515058677846367347041076706210015908", "2873.3716201324227759162379065171327029143772706459225958324533325", "2873.6010921499328639854211743274139369075260591423274200004249558", "2874.8362843169697864984687113607576215519443495327792909109260066", "2875.7371639587879970771298630011606526193433968937949607926274367", "2876.1379966199793705989198138653279624674580898309648876808347537", "2876.9881323182662224413843788429075833815481065547719176718224914", "2877.8649871615300403791303404019028554710706536595105331092637249", "2878.8042340121380123679237959428549171105109860291738949473017122", "2880.0456583562113611432245966860694694539097498970047275576648574", "2880.7094813172744250636234216118907215010053842491695932841965911", "2881.3226320495806898164255763034597576002691196610881137501631006", "2882.1519076323610204455970569127994536718425328509284421567449815", "2883.0334242332406348855287149557107533943786808902341629945779288", "2883.6017486396177107061513190826061202610375319163743962963036698", "2883.9060436218504046959196544270761503102177928128555308917206643", "2885.2790581505232267581803124037568981735896722650602073792303983", "2886.0968896879330486683366266060107750308069813701177288269359814", "2886.9411850184964997135071041520617141383874478320367322908558772", "2888.0687176654297181965270721119056811601930548951790168330817428", "2888.6094396753881001711483783571728794699107720858801026370746653", "2889.7459476576407485060386093082421474751579108541201355057445414", "2889.8641253074518739491688453269815437950190055597987462627895961", "2891.0560182167368287782924236313067777118781000915675615617390585", "2892.0008162253245864220165530969905944579214337327850206721503289", "2892.6724637105299857884918491148199329912881841108507383810055915", "2893.5317271529700091972758252774176950159924860987164345272530900", "2893.8403448079928514508137359926389853249086016777479638876064477", "2894.8195281979945488031588444376509848541722096507171048616739604", "2895.6583133305108054620546588097479256311480210259772044055632110", "2896.8074590156479828077405443267142808136194211480927341523697058", "2897.7659874335063428781362141034978286687985269163748329130073982", "2898.8546204648341609568169700916482181098891151114365127949892626", "2899.1023141858549922700875802604239069408607698699282216365389732", "2899.9799153560885817277968846213560647995933121576583408947699341", "2900.5837739364968152529986432603126322038671586925499881419786180", "2901.3311291310133303096285426337681777667199472237040392445702388", "2902.3873602561199846963139942418656842528462581795896327913589372", "2902.9981364371985364882096372070906845242548335681403374606208231", "2903.8621642253724258917045113319430867887354872201631044191348787", "2904.9002046009378241998913595305882410390154735896413318102560151", "2905.6120969050989821328082515608992995812015024415246206995993940", "2906.5221134995175663955798026137704108842107571408825454962873769", "2907.3107474533054760544985169293447153347941945786684897819469423"]}