{"idx": 27, "tmin": 2590.909, "tmax": 2638.614, "dps": 80, "elapsed": 151.8526132106781, "n": 59, "zeros": ["2591.0674931654470255026475163721678767641326173860907515261040247", "2591.9307351687731630462568963912291329262143285155482158689079256", "2592.5875947762899070835700753447812597257374252686287388411788170", "2593.2043831711071490057056106229024148472585381368001551767141392", "2594.4030592267727019065519453996534399594638860219282254498431238", "2595.1181655021511845539800150429311317549029171396217666368753365", "2595.9403598232118669288258451272511732924579903442924356625355895", "2596.5276140019740179697557465985615716149127625167320038531305854", "2597.6872024708735936855319596483656067752972069418282597522369815", "2598.6117517538922672076405912246741509334559090465499977101540243", "2599.3481156610543775100958285152145247793191852513546656740911566", "2600.3101333521771609580609161907089466941482208720930120501003482", "2601.1654212921769083271614586205483892832856184766960328933988901", "2601.6969221360163028248684384414384074932957520637092855351408768", "2602.5750260676428155587187879281771200543617881036611974734073858", "2603.1383680890467134405042950421768298910344122288027364085920731", "2603.7722644625914005563827355040119225345483435743556029287368577", "2604.8281472226418438799675590021287396848462722781952253027586959", "2606.0720904477725141561361503215014516687078738255633012456959901", "2606.6775587161793767784952850954707527958996803506864502279009386", "2608.0845500146128641410249464291124853752541165485169581405286277", "2608.2857835740625910895713450380862358173045428739968389033521456", "2609.1555751396448288681534473995611542513210981116884638065824207", "2609.6860804897909555236651868001021609620357021757265407697353150", "2610.9939321607060102581261453147001708207752137679399212202628512", "2611.5496407441855671901423879644322640786774975914693527427257508", "2612.4972389293963616930824117783766216369437352450591330092770943", "2613.0980011105565868573337847684180750868812269882120841584259175", "2613.8061359596908330526736050307042061648876026015092054007747963", "2614.7439511971893331265424886673417509441493406274454167436435417", "2615.6982226336723498066851341798206606064686885389929752117748629", "2616.7634366175618601333871031444311547004826284698511437406554301", "2617.6255878126425309621708818407761331538288629709346952219396453", "2618.7113299437463162964985230251365559205919195893349010120401942", "2618.9835708639920978366450656141741822483092365127869054453996193", "2619.4591569475369597478696120550120366715378245187983783538788257", "2620.8284191856455706661719770057578394373236041395198409552490180", "2621.1566405263478619007387182119691464524089999723405312595617320", "2621.9450346108859540080624124210594471532216631398498314749595380", "2623.1200786890104458953109326905167458165983216665557154108027817", "2623.9945284141747276525722942200255975922920191815064771040999570", "2624.9798171538638886747394872019237904843721588281498163807827186", "2625.7737677897038693869409677945801469224213569348804166124474012", "2626.2933207913154910070445708778917034660387385749758132322969127", "2627.2946217296267205122330919676395446976966750620863474663635375", "2628.2103440593033017288692940381467854369118869293912361760505647", "2628.8930016994990783322019426803832693052546614063812622015155680", "2629.7740985046020269945029103386020174081162677331236021342631283", "2630.4230652019916111473046750368134531086090423928008645138866885", "2631.2254267450962568137565778216449208803066807091094403209431783", "2631.8738030448127235979653155328160285349924397377908324146240874", "2632.5187279378290098803502437600543405242768026763543280879499584", "2634.2255031711159634949843591587544642587235889149580303006618032", "2634.9237304357536290990677935822798711499922481115157560419511945", "2635.5930574558745293864291822396342739475781637602183764252682836", "2636.3894829036803959341554858516680189911731706610686968929897682", "2637.2781536981433658697427959896343301537255665323678335248030471", "2637.6832635139408988858179912120896005243179207848916859795039965", "2638.5279510415050400376926065789795097139774474905543884950455411"]}