{"idx": 64, "tmin": 3993.699, "tmax": 4026.103, "dps": 80, "elapsed": 97.5485634803772, "n": 42, "zeros": ["3994.1283034840172824849675284299469883046380693687940451525022144", "3995.1600732214443686163606911875121439725665241478554874296091225", "3995.9403982667083041188993109219429156616275560582152572665089949", "3996.7573935644054016247646026834912631038558518802545795448393323", "3997.5298424552788767201251367595402527321525594286194240131627403", "3997.7780147729028928737007044801447572965294591419501491241131856", "3998.5537264002400672449619051097689829744191039961403565499506102", "3999.5666333005027855629323891770564750359823142161273750114357848", "4000.1447056377636548711079550046992108649906158085049492826521889", "4000.9236048778756121709457361844094199660393476706034442477010580", "4002.2471290474226484499846609265116655113574407014550192999466279", "4002.8809013180974234435607398956078339571991567844008881901759248", "4003.7758765152578834602612486901213878533758757766114893342406648", "4004.2787725383014541995230437649471618525574293135648398152632962", "4005.1095084832247481130032669738147823985809984193901053819657860", "4005.6624784249098773426838322903099519518303314686295905594683722", "4006.9190997340280588871220651130727994246821197167370276096091378", "4007.5309151478937642147166477039966194527364952365897326732604592", "4007.9273011121633310895820527633874245833671987885612276026428663", "4008.8787651747585902916325519749159482219479459675874798310862159", "4009.8185022966393742327215196504669668167650570748431406835359560", "4010.0658143782829238544824898710952121719371029447842800817939250", "4011.0454824797575245955476591930994898056987653417393397870019442", "4012.5952079069849451086899485220275221348733656076140009556504015", "4013.0326815832361280278530170166271596041229616813643700200168619", "4013.9208306952076993470702941230339986183008056947191250060860380", "4014.4258248879752361392837090222087554995240792604017512833771756", "4015.2655990857383078154500024732836824571214813405851442148450037", "4015.9060774017291895610284456395903096171757458374447453278320193", "4016.5189091442445517178262500924309434726904924891616934756757404", "4017.3558765757621057647324145875149314576137555920355121901674040", "4018.1367348081822581170611084929937650492814361188379557637273376", "4019.1795095268474385653428563876532750728389813054435733914095161", "4019.8198725138063749565901300657822129501665201601768583626135682", "4020.7902303994455220475104847963363179024769455482360275576194256", "4021.3711368468899101661671023031977741416852136422394019354815685", "4022.4799147174931534581190952254537385537250237130212208575151344", "4022.9028579957200785358352674763144582197022135975911322291312747", "4023.9139795293448186418614591504997150973374784768758015936534345", "4024.5585504876570048062939248592733822706975893236938881107513199", "4025.6959145263029306390465649200365465819214020529261573277063131", "4025.8517964249959448480649985302356101619384147626076380738314411"]}