{"idx": 51, "tmin": 3561.656, "tmax": 3596.31, "dps": 80, "elapsed": 112.78156685829163, "n": 43, "zeros": ["3561.8664085653188676619304088379013879547400032660317313805280320", "3562.5458817392355458007967920410699935864191690037095173658871615", "3563.3582720044089199956767445596606778048038690038783599663570827", "3564.1736376495123326859195265784526548944850580713360763198009045", "3564.7119827735267340659132210820886560756554659190992505503296141", "3565.2972843579397135633794348730560834685551805969226098487466672", "3566.8044351636338326655082221403279886292147968406362760644273372", "3567.5556204403143096242099780222245819386695889690736276871243534", "3568.6270114477967593552487634263611573332075228166092570028107241", "3568.7932088224714533311654385059400225334658994551410242717228602", "3569.8425765207988907524148909455146500177708766977671689177820841", "3570.6621993184466737576436149070004770100403315059614649047278963", "3571.0462863867527666303030130978270970355939761732219061037830772", "3572.2590110758555649170914771132947270703080847711295789970597125", "3572.8802016323108875317788472646205207978974930321851978592000013", "3573.6958858922349878409294248064258668710926286054475054772233439", "3574.4099064280513597967561930755718378844275642792196124934437057", "3574.9175499189776433514358658446497831413251985053382885511346849", "3575.8445575027838059011643808624601479029200942608610755851882071", "3577.1190523579444985244912082226762104755993903154625810765764379", "3577.8594547650741633521508908072791649125179877008785474405563763", "3578.6643244060398086886499178591311592747521591321547400403201162", "3579.4144903343785604069565583334617219408125952315489588387069360", "3580.0837136382806865369542262300770216640763193230689298949107940", "3580.8814645566406007830366822666724431401472605093985761724328802", "3581.3535059730693447704394960410611342917953098481204616721785224", "3581.9172468768544458970153293827453175887665531301351703946288940", "3583.3474756098445509129060441174234923304206684306561068124693867", "3583.7185345663127689857164868525345256591254138492150838132377413", "3584.7018171928966542895047587387570164373145514482220949743920941", "3585.8865340702693089819336134283225300183763016992326277253320464", "3586.3905751511080622168728631650584248898801166762458352145982387", "3587.1652147131923315218983229744929868081840895584507516676666476", "3587.9839935771929351811766565427720092375255646205530227240903598", "3588.6044218068702820305004817375032231309622406031628489963749396", "3589.6821720242055615857112481042811734988205602814735560344798165", "3590.5493694937102920987113702908753033541959455126260868214315652", "3591.0027885155065808476372944913263223628040578475046196324222208", "3591.4294752398227475282831717424502229449358217588514754299819870", "3592.6794781535454864793702725329665194926854923763351547027322204", "3593.0239695324480462997763486813656378730577988584143333181633072", "3594.1082764949223102480395096202654632425652264738291456938021174", "3595.2947288748935246891865511084715812686328731076780095586403233"]}