{"idx": 74, "tmin": 4317.732, "tmax": 4350.135, "dps": 80, "elapsed": 107.11719274520874, "n": 41, "zeros": ["4318.1108045925565509903552971995164010366366372710476619790800210", "4318.7727737282260508462165152294959998861167945845561639572202128", "4319.9917991361164182633292524816166275633570472847436416470097553", "4320.5087849920392537398147513076448383437354982386467179961350455", "4321.7430058920489166990908200380420417911007409408499889851893215", "4322.3716513734033401897233146716010155334522923018565822769090996", "4322.9709180867141134212073479215607588537277219184908936178157182", "4323.7481194360197202861619867878488201068131931585093131498756483", "4324.4658963274364816680348863294995990463661448847727593384378009", "4324.6938532331253491721066799858896433717378629205427454081315714", "4325.9965385422095493819159747552911571462992857509449079448723735", "4326.4772121609838230388029345767580963165019731480577988659790669", "4327.4222345672907187901089538291264442483049046370759940975067378", "4328.4079599844906191151626446410431859547460681749917828957235403", "4329.3010243886613884623649053924997591180213393933880698630288778", "4330.0733133204327127108095361440201675045131200067140436281927169", "4330.5724702109770983134983755744416240906442719386750476631815674", "4331.2012534775195771362727372507178118777981513522688937815800205", "4332.3460586235272120324599000208730293083058356448981288049818825", "4333.1805312175936058600300947388671502465459999101022231003248240", "4333.5244108475484042301654123798643255973255267751586091499076567", "4334.4122273395073806617492704851342004059476602664788081453926796", "4335.3091995789320820163131748127782184537837620024886952025661157", "4335.7027278132174101039251739598314872688033170122331159652996186", "4336.3870032363731974106236006819369325073425039724296216858396985", "4337.4554648777276955262181083917121999228232350942727065897440198", "4338.6346114358924191446632774511400412180799101290209979572707878", "4339.4955260604656800356585158607557536431891868538034043678323995", "4340.0418420815714348271513797344344694839909625150178266245743883", "4340.7331059953068256593327543360727586023089911380707773100065688", "4341.2478657927520819995947190708933903003829138486890158387003903", "4342.2618564996537982298345313275035745657361546575862915254443874", "4342.8199727128445066131399283902196001388118332381569379247428598", "4343.3632059086427736661834845805055849234125082339042520729230610", "4344.4803156982359321410026347315906012825235997342041456354439985", "4345.3381309263493459207026255954492930767578727016542018081406534", "4345.9816916478146858793427620949545897217825713832330154733877555", "4346.6490568040974147949847207712743155109774762746844247259011310", "4347.8354282509693852071106286948969228495424261349037264929047889", "4348.4231821395776090573679368439638924830673960899702117643812443", "4349.0338872950694441472782521458151875322592657595973833305424484"]}