{"idx": 22, "tmin": 2338.434, "tmax": 2391.089, "dps": 80, "elapsed": 33.7165641784668, "n": 64, "zeros": ["2338.4879131664294964374712158123894697470512966387705982121313877", "2338.9111387141099933308258358749150172662982748082337214641529068", "2339.8341395169013876396153288825868706689507849580436346597489233", "2340.5367288451329552470370070008870542577191230110557087785569117", "2341.2766767138072010045756994096952016498009530851885839564978315", "2342.1220513630665177333689543096673816446695924900915480579161303", "2343.7346655881001621640267491348492792846056878471018296131592318", "2344.3204300805991013581623751534225272096276326660946463859838309", "2344.7982281042639289246105174241748824006622566344114812705764067", "2346.1198665867097484050820387269118326406255919592757954239811666", "2346.4573491979017626316530916398070750692030771449320880179373571", "2347.2413436980565927295625015804884629234367460945547764957706044", "2348.5723136507957404232744980790705680064309338175279360420756055", "2348.8754951789397152592772694350594799010560291977391261239599505", "2350.0482718721799310934560227639064061947818990422843150634758886", "2350.5280608200632016114437424249779719931802923504418984728043782", "2351.2666523634336837838916308784030843035856097224985458640247827", "2352.2225396005977162943377832380360226918755186613507282706057120", "2353.6133263875510242079181617818990904472915095710765068585014379", "2354.4692206504805222885112788526120750145864234531097197025192055", "2354.9059070672522966841301416463505242094334816790384298496106078", "2356.1194756289013727192364777461447713381337955619508947168261146", "2356.5936387423975447169446526818698758027111775662994867923623753", "2357.3068992460731063875798523471077588373140240034855348989663783", "2357.7958814553944778883315316753584992939372250472504589012356428", "2359.1450868093251281233216998485159693007200111699465815430222476", "2359.7134665974554681861865079749071936102664577267453959635128389", "2360.8108588335124208672970867283319806114915953770300611725512215", "2361.6350052064968773980018830288501522588587271125368028880273399", "2362.6985710643381758779363475194778486298338455028033931371646917", "2363.3179518304722597304190329827640723357360276371431380971591965", "2364.0741618018735566495149977895601598242515085015186458832729212", "2364.9065572725957306276244793353863098072500017916913795173031658", "2366.1485727428907953063969909169837636149724854366034938098055853", "2366.6056997433269055059262792725271690166638428400574945592081277", "2367.2719855207236087695982224347545726108807893410880560570355095", "2368.0722257964653977048096197679341694023593363953539992233461283", "2368.8152120912092920852356187466288894448885110992324765852220473", "2369.6681667149544335039749838813326176348628776972410649734931192", "2370.8034477605771863724568663128867325371124471702850488384238607", "2372.1203518098282663296318630728859810046146552884205061323411647", "2372.6878329259177183946763388058982205033174341866474448752171240", "2373.3751960071192644123265224324668356749469117950849352346943521", "2374.0046644053311850988213326971876841074530280304150962968835155", "2374.8142884100904509513311381764579903979939964149521439968622144", "2375.7021591293441312170178195233098008602454474609190474267318514", "2376.4277295137469486228090807185439084545994205744647899389557980", "2377.4251167092294170240151130129970418759741831180459370714019092", "2378.1791882216726432629591631280465294653406163578995667092789524", "2378.9534698445854397282838890122701623796374712828686869799674630", "2380.1429313426089353386084420926344057992555504823795698949726587", "2380.6010042590988670854821919176617074188865813426900910598404700", "2381.7216777724129445685740176007199260156062729449882449548422211", "2382.8227748683170986092833744519109824239939290093453431473636956", "2383.3434578633765209297841843279938668189240619036906139200025250", "2384.0355680804258752333158372063317056194203689013444592440021146", "2384.9296799619051030285369133429809765949921930455243416431236526", "2385.7803797692989829423107216168597406403136982962798179017767501", "2386.1575839200596152736264969010348038392948550274229839565495637", "2386.9273699673132734820271853870323185323247381830144143591100464", "2388.5217620639348331183515845497183214213160830130126378946283598", "2389.1876223160580592417500114565436219167271375482902607924865088", "2390.3321356472819572639216675333895198749176859046935884973982264", "2390.8464616126724730177671636594649908427734369492142239639073039"]}