{"idx": 71, "tmin": 4220.522, "tmax": 4252.925, "dps": 80, "elapsed": 109.93153190612793, "n": 42, "zeros": ["4220.8580724780510596226266271195427425202963713934113555475388663", "4221.9068576711229340463387441522706839968887602455244813727084089", "4222.4211860595849154316568665504221126044671508382749207863234553", "4223.1966373203686158802789648372595208629393577097743997769766566", "4224.0088236248544717665095288268583607738454161465414583690556987", "4224.8959759051151835146869330914218934979277123116925079433617107", "4225.5998727350882581012697351766783370333177928593995367570744784", "4226.1751877736675398746332730266835389021098118764058852871883573", "4226.8831275723019032486686410901507377691297157050963516533442756", "4227.5456370938985371892950645458307482006718516698569072662668140", "4228.3694784394594909133803181277079187856074434986182853424181004", "4229.8082416710827584850063823829677175474267490853782248957664412", "4230.5054192459931848343371461285709640328329921351748936689668978", "4230.9814482997045343449794553964397197965746269305349145863151597", "4231.9369988966431431839596449006486074186553497642051331597371694", "4232.7502660458524988429531344046796616589402923068999750754114949", "4233.1175493990795726309959666483667211411659884263444900671678879", "4233.6370257742038245460310745836271799883595865657942293426375065", "4234.7353759769085889773113763076120677319278958195462878515029265", "4235.6404929918961028423402967792444688052178137014971397822369518", "4236.2853047720325653657391267377665273132612102926948473455122001", "4236.9379254444299307675294494212189312097059432736508601061095983", "4238.1798474137800625716547121528778409489077039162531821348696053", "4238.6169920351808344559240024674362985622540892434930159083482728", "4239.6591815351111922849322470927836331543518115043950171996993659", "4240.2041807295261002727169873442625369740557505875196064443791213", "4241.0379981932784678142462799534957827349464756441236133827554774", "4242.1875166074686586614783794995972405879495962735872863690505273", "4242.6003026118334164209082809205462819663926312577616511656968941", "4243.2035250226014003821124312457705699887473627307066669579173175", "4243.9429217063634419806677131217612132655940492963681774866379211", "4244.5849278238390821745883131535185751874229932648035584691911740", "4245.5325478380690837340607030507661513915943609663791625220067105", "4246.0539954901869736222773980650295202394437852648874961291783611", "4247.5303174234145406702567138529170161530511878892688602244874035", "4248.2704378923753596961259788233328188535258492282569741596147643", "4249.0788589297127775959116575786354832862252890401309634138719216", "4249.5656928700784730157434448637442202062012049772433992897139627", "4250.0876716514662688272420263611337169365833799695301635552015943", "4251.1520977637336583885786202503405557253927130198521559164676224", "4251.6399164107350719021535850343010850367544894007621199311296896", "4252.6471855758805535987589411326296124227770879670362602768172192"]}