{"idx": 28, "tmin": 2638.614, "tmax": 2685.419, "dps": 80, "elapsed": 149.37702226638794, "n": 57, "zeros": ["2639.3369780271922020971789407066003443729063346622964831408348244", "2640.6712491760271200699787523249456449149897952793186448929864068", "2640.9050670250376576816989674103247725540569266975968144734695840", "2641.8606147956938884234788539009679215922598119260276543361461670", "2643.1357543324093007986635863819295884531922425571049611398218964", "2643.4774455280410077840904120051563405134844829330362123145366262", "2644.8699015658345190527653110368138137844852167685341199191833339", "2645.1584473026419270875396238591832254255324617962019102938328497", "2646.3589691697805303888787680081328997395374482685280974916211118", "2647.1720784986343486725920812698960224991104276404796073699716789", "2647.7961556314902105409064823746403201810203357902794149233536669", "2648.2362896653861840733329756237084811985189653248383044501180003", "2649.0825678499417681566015464646374023062717170537603056055559206", "2650.1039926840663536529558981750549971490500525897681299530312005", "2650.7838326746797515438666378291035739226406173369995400397694969", "2652.2490436809406803505687213341041849608443659060383172498244974", "2653.0063280239423181845231382285717824680960897043185677210676087", "2653.7071536620544045263257732491020958483546687022421567891516870", "2654.2813766060812162464517003487160860513683096945566356754801168", "2655.2564621303236239591468678724754874019785478105207494588009018", "2655.6303637474854062705947373660181348691525680620326338648535587", "2656.9369949974928012137562277655356963620330334670806083520207173", "2657.6913931358172459704621957970668962310355190360392310615721167", "2658.2261563403523005690214983343777176321522556253100354428846616", "2659.0746022043258652873157858136887510367850408326273870904501916", "2660.0239997600733328210455214371219240334660497597893304770784312", "2660.8254591293927904968226760931922127392106893228307411962960426", "2661.6665605355656925285602015688619783165140671156513382690480484", "2663.0800281309732095665339649178272582054340751666887564871846227", "2663.5140906771178743542023336529909678704722524464795031396758649", "2664.2178074812152283496086348910725029500334102061606093646760329", "2665.0561012931769781678665099136632224617691573344020398187805537", "2665.7259515018144067044537530121110381231161927030872386192648661", "2666.4406137873861223441161435804764931294899073199366842234180616", "2667.1734036780600084062930306140612921126933074599359331097999906", "2668.0056148308018668650213217560591167976649557227752006573803918", "2669.2015369132054820831919566947291115050443185861630959958276008", "2670.2317250523434897145110108606178507663931825291516321802228374", "2670.8788771238014277566347885367306839055382793619616775908332405", "2671.5248154519483330275694205537629507932732219147090798383853594", "2672.6546023507576787652802858152603786783143433166969214335770159", "2672.9315905424156429401193310840705312491748021166391904302529805", "2674.3064758612846264358852705913689379706584441590379086306273280", "2674.6693337999886898872153257078317392941692527752444879540998612", "2675.7452733715850432677685088668672611721861527326823899710980948", "2676.4830967123050443910162523947466133341191676216276502729074155", "2677.0269462355894304180774035678562417660526145075774869716053823", "2677.5940324475156982819035662842743823350309432058354482453044281", "2679.1641541787220806698589637949659443483097886734991720626449321", "2679.9163682169802189126877206413257493763083130596445789016483630", "2681.0067440720549126395578648502021311951271824303783680119492884", "2681.4626953787015836271648710965601608667915065468571909340197751", "2682.4012716675928993476657372256834613301437306955865704231352885", "2682.9997610239675088697784743176353991736803530750217591930012576", "2683.6038376422880055008410590621077328539706130429495767264455188", "2684.4421444584912929124707280085389384739611286477008574220438667", "2685.3979399141603282469539786512290255534936403901419434859530222"]}