{"idx": 67, "tmin": 4090.909, "tmax": 4123.312, "dps": 80, "elapsed": 110.64744663238525, "n": 42, "zeros": ["4091.1348427038510364239334092202104387935618763418827514370366205", "4091.8092217067013272543983704139761729321916359616330263824850942", "4093.4563138297596454797908226113181840846211106610591801010272800", "4094.1600477116193003387195457098633688796474454808113373578795464", "4094.3866154823401426767643277621733550906536519410966753272261792", "4095.5155345200713016680699650573116284949750464931060201235825898", "4096.0698846705008739757856749967640231389890653774742003133987632", "4096.6855674519279103610088787016752735153268721040777158949431986", "4097.6843413594281306606771228840631041542155226237559043432811109", "4098.2828906878720497228320076572254294623810053413496489814228055", "4099.1879157175927949581816897930649111667869066853136073513537247", "4100.0903830081987086766790848506468374769774838225658975944875008", "4100.4326547408298793289490452264820694612452220159617711847758093", "4101.2498015332575867846198357079753993009785377012142931792816281", "4102.3414435373689665645806244322849303211857583447913571922550607", "4103.1440489212440689210789108448077821475133509595508219284737966", "4104.2661746568964143483090652051350084085228276311331847085960284", "4104.7209880159594697107614897991330816859693454722462185022661811", "4105.4556303959020958639469231788420238756006795551402177823604164", "4106.3669144316825494429677964679672693445802639773657796212187906", "4106.8283173253138963224951545216628628095076908699798372060713538", "4107.7065537537237310095405405803151993782540998900362931751161236", "4107.8974880124963424800405879022777644162580124109975064712275601", "4109.1998205944279524994375902109559245646311774202383687773842889", "4110.1128667004873318684827698486407083727432240249659553943339186", "4110.7851163070683798440670954815860473352563052203023846170057333", "4111.9150182826832898615280315110039893287888525699705768547914051", "4112.5070693990030425323096724567279879486146496162037517888592069", "4113.4627204540121373713942645558894517036054512595691998546930743", "4113.5890111873267030287970521455277562956260813450220114491367890", "4114.7480216828128609480637433275854666263695616925874894539084236", "4115.6849465275176773213475175127754808565325440421905240112973806", "4116.1999290498251410557063199055077225276239405660557290200856170", "4117.2156628029964428288353518546295647613533523349789261107777117", "4117.6348114819548674175348338441369424658642710263539951224838285", "4118.1414419938898028280351796484785674078171968713938856476473150", "4119.2296762828211718681841308875241724797734575453482612527262982", "4120.1388164514686206595993019553812705303893402235899371180776965", "4121.0032853136478281870841553726950168882136080555406794717502886", "4122.2084477913463155146027634041036150050063915306101938032543726", "4122.7483507394587676484392510978741499939175303254873306183904609", "4123.2339611606772489664746273882978006812127330771443020566958895"]}