{"idx": 12, "tmin": 1725.923, "tmax": 1796.58, "dps": 80, "elapsed": 20.165311574935913, "n": 82, "zeros": ["1726.6256715073459261105527436078465495297879354705783224193567247", "1727.6297712315001700150304177700464760960966944582132154153038772", "1728.0644412162947290153154889125360175624664023877266013585484809", "1729.2575437511635977608141497767680379563261814470294157258632920", "1730.0498569624561742287250345539354573339075503220187554659253237", "1731.1436286803945009878488945969243474220678207140628080870752681", "1731.6339818480714141486878991252774443034262698279683934844410509", "1732.5342673291861337891614060604343119902246579911649097086425760", "1733.5103911022184858971703067719565262100353048247206245339862695", "1733.8734709278072759607631131519369136288517773238566350136891033", "1734.7051317561113126900503371050028630816247590568168754675689903", "1736.3687706269449282273184069124691856753147539530884707523412776", "1737.2377627586479393511733744382157330663923430701541091284997760", "1738.0372976980805013421676736967833818890938647712333797875620623", "1738.7831197940957739594016316114428636551817153460452795208899803", "1739.5045626453563281012747753631143247702595213783508349740723434", "1740.3407978338032830678376397038638520350645004998436653630514346", "1741.0550614733977433146598293073085312101666155848553278481714560", "1742.0599184149284242358699185602758140995643573161373795373694110", "1743.2211944487946727431203172181025708489217250573961066960986454", "1743.6328843165140141428546191057302733499692112392827198489767797", "1744.4629709644180973486846666078068634915488555689607199997745252", "1745.7905858429574324428030348851452763408228821980692500004456471", "1746.6303926180841068855259093598423986215770492985937946970944270", "1747.3546613136394408783192579101764396019783677589401254466054205", "1748.6456571025721547796509846965663185102706963990424554299305752", "1749.2188249676089594380991931138055179554365664891988777139621315", "1749.8347964668959969216758695111428262573624730405191226501969577", "1750.7064432108840263230787987410786400533732711147800368637401858", "1751.4094429098323805313998034572596831241352077596598893585599034", "1752.1555592714302820854464220980890943090336066971718110570323564", "1753.4850583521216143385664242387396905266034437455985810643454264", "1754.3933874900127305674605543711419829546307569047209927904151944", "1755.5529495123826180282388054778909456569590782397941179274272799", "1756.1973681528839641717173312331373897505660293639529935415170808", "1757.0046013953248749700726938919851172340540174349033549802421577", "1757.3640687424790832645451143253954987253754243418893549443846993", "1758.9726903664386189742358772881634212852856632685722030525016006", "1759.3631722678188682229319365265800038919115623241930852239568054", "1760.3715417388466214772715529480472725709601413768456922911548792", "1761.0698601053517916482183269546496582540092631591404877509605752", "1761.8787646570594077437302920617471457549303395491568767973395645", "1762.7792294236579940754225028568687347301623569319996248673313312", "1763.8142443178230488569579590540965731397892600189667664210095555", "1765.1197792160005901984117725283297608219411193144716378821128267", "1765.9520218842757731360431662480876344612432495337200358254765933", "1766.4141744332842250320213634581357472579852929691106829526801138", "1767.4727285410845897711621078406502202182429164641366580556554445", "1767.8588721018949439659552896125317119628994680983264409459202230", "1768.9763466272991823157683198438240132741526898065212815215716967", "1769.5888541266814800539541131623841040272100343845774780864300606", "1770.5546430276866629637553044694767499491590830084474943401637374", "1771.8093419318411455182092147780255060612532934929758594955865948", "1772.6063752818205659222136437790683401273599559370095470413770604", "1773.5522980671249513016683891289311614137144879641376291466158036", "1774.1394434901495024088925170062917495675506736504571731784667811", "1775.3245645087020218899437730196632152770889558683943833639985938", "1775.9244856139893770008362768180842981264140302450672107136064056", "1776.9373672645752852947523575213908702337675836230651886009730566", "1777.7689436154721307074515421850507681435682755057423473786550142", "1778.6401924687382944798351199330042201830145965312295391674021974", "1778.9711308812660739655318109386203843562879452608184076987060928", "1779.9935420586833988972006845971748572981357315628067999256000888", "1780.9488393086079503163217541825793104683362539477072178238232157", "1782.6510505599253718332799549405850409515476096911159520181686548", "1783.0556466237503762295542906018521785728742109375506748537994776", "1783.7636124368795676048580751018142385705592447718752702334326088", "1784.9954869883088374574904757670300054471707807038696562208367383", "1785.3983600389823217777038212614363334570479450908516855759898845", "1785.9417534914978651744626493476714893098614867716604468594974404", "1787.1075862606563684882818048716697952704732325405856437968161541", "1788.2702550885671100835576187786573016034659316005411617741099388", "1788.7331386389592217173905532886231574078633897378125689357214621", "1789.6346697540704693131784530405512779393282556892028966036228458", "1790.8645245214171236388992678724663006014868654309115941086904285", "1791.6054978144695417539843865821596803414367680113990513164448233", "1792.4028606691910365267688567354997921102378496151815738234261960", "1793.5941653498220683471030956979862189308234699551699080435716427", "1794.2050941796188867587311117168689423324778875371764336453752737", "1795.2553255404530070200192327446463035376082367921266271838779378", "1795.8863283276695991635269191165202312121565094370752875135329468", "1796.1865426687051884804832525352043847567631325387789325913850267"]}