{"idx": 31, "tmin": 2776.328, "tmax": 2820.882, "dps": 80, "elapsed": 142.06030535697937, "n": 54, "zeros": ["2776.9565431416185782439047632951969406934447041458977134045013446", "2777.8170967008375773429763830994780701976107904113380447405528701", "2779.1530336359168338744402603213843445652468638048447210096254030", "2779.5155199646730770046683956312288541984438243989291256562610693", "2780.7085032094651702830136552591856438491874283043330091777604973", "2780.8441597808778856049214502946151103176130959150554564935265803", "2781.9657053971895733097291563358141711741599643242410276890190989", "2783.0454223820798673074525953117197481279389605803125391042784421", "2783.6718850886854969488470408955794874106408601510310857525860747", "2784.1946738203713472352242246581005724336251446695635865342568208", "2785.3490120228132170391655152416850101223891949673667975020744297", "2785.6664581020004001833283049180320633673877438543056078442198788", "2786.6193439651843617803733935357884785041044390173938633071214184", "2787.5114159602608645454026771647314298906335644250224878989619650", "2788.9875558685174783234216693438630932044179940791504473173187635", "2789.8600920123759010852762828457282607880359738753889391145281904", "2789.9488511472713485194803785041041561510005242239909843001935657", "2791.0195347585079691429196680713351666927583399795632049560561417", "2791.8186001943604257350565173612180329153331411540669402228869417", "2792.4812253909000564739052457063853268368152830569901033477706757", "2792.9794333400927027962480822505130863037943678479533895496973336", "2794.2633859219380724254967228121041874811428953819898704756910929", "2794.8453346132553525010231729359585191417246243245822359792626766", "2795.8791961641442276534355059952448513390721684149683324076694329", "2796.7011981353403121031164060972035217850984344403905461355846185", "2797.4942742685353190939386484782524292336646240750449296823849209", "2798.3459912711659318112663660971233377731739584480639908417755971", "2799.2822057480950825690949240359480046552286950948403458338504897", "2799.9789466575278144884652082037513031516855820898587481459968718", "2800.7946578337401644495261138755712168344601466566423069585446379", "2801.7288821738995719596890784857643097280320043174119163568676021", "2802.3336293295882765043592422202147746767327265778561011035232052", "2802.9705938300259860028352283388770154668337510531736030502972069", "2803.4515737708190322869051866968883440868121957152895338606366484", "2804.6861415246288188462776010243868165070329875564050846122820778", "2805.6152825997413017009845133861906058953463412275376775164220208", "2806.9429704264142626869997033437084915789410738532797035639193188", "2807.4160785186470225135372346022280440560894893356133766085042542", "2808.0913638710251792656358020664894584620031201100783637271220845", "2809.0918406981899153389350719777912462469371719643007452661571394", "2809.5883583572108522140726618685408424009402711692514298791605374", "2810.1145793986929343424822154438977881001136353943350551861359410", "2811.5344402153181806168975263142777348373324882551553035480698462", "2812.0587430256529562144446675681002978219047030685309043832737839", "2812.9587347555338757500539075539970294423811696411085978303226717", "2813.3610986486630765229590177304787062928589185814476698923136301", "2814.6761179301403837998604534331178782667818355894022686557116672", "2815.4137913457248368068184246708693945419632514194491945413024528", "2816.2073448031142917310665782069866413940278076659453951319160878", "2817.2850144456792688254555125421982663934111031986803690287054725", "2818.2365498422281170015537144386698160417112833731784924118518327", "2818.6417330049444311268909399022105821838022723395534243959289876", "2819.4532579332258669800029013940123126149206865830263511740662251", "2820.0900933053549450143735278020671157812074630615592330114219036"]}