{"idx": 43, "tmin": 3270.027, "tmax": 3307.831, "dps": 80, "elapsed": 124.9554238319397, "n": 48, "zeros": ["3270.5025315675286953110831835809514454190497301052991978566766998", "3271.0740951390968769785858486261591896529942153116535876419995376", "3271.7716405381455613244653409124775683977786879738717894559418509", "3272.5102997111080811097781904151038878298554029007572189995119264", "3273.2596363875997709745011175269472417361897565050304904332877071", "3274.1556763003969532300900440167085538226446612720430316807960153", "3274.8064245234931250028424175073866571673925769592483582153011122", "3275.8231008428635917426669098077578455022609231839855202276866235", "3276.6437666632629006821766269154672473873173501387647804414888596", "3277.5868689538716396766209062824808457547929259058625334877775308", "3278.1232541884104092101616026928625421521706558040348489219607252", "3279.1261759559448618609741628059049778978353703815297707109242531", "3279.9980930495326198804373967948722720967772152742779442793042306", "3280.6807607787613962782636598829833536822794556381149601700030727", "3281.6408376903123574885581647148991774690868942498618905340417714", "3282.1114606633460923410502312030304127874315578028534542410392475", "3283.0068422713429183184886394448573884350068721639389206735815466", "3283.4991870662715976399110562356192878778780332625773575562892454", "3284.5091216928003747317471659404203157450502447637473711069150570", "3284.8138141407250772552444418377127986218035658293598566898114651", "3286.8351939415069634561642145248948671222972638066780587095344738", "3287.0955928949779043078885146535537392681098603166211948560884301", "3287.8889860015394955666197822314434658552176520164156055988506180", "3288.8322963649442418067087821584800731068446550708776790832464201", "3289.4214448521954883240556869785314114724353906244134302150555669", "3290.2052419124848261796638528978340905140371975043054667976740411", "3290.6024371825401006430586501717715112737467465589537080834177570", "3291.9247338307562515492213158535641971884365511131285973106391543", "3292.6044703767287969418571085028310933355599033006615592911635503", "3293.2704046971652880964210087456220069784931426153309602367140913", "3294.0245620216468002200065276684857192901300830502382365667203610", "3294.8283778483178212790480550771661512047290793568112784758117811", "3295.8939034642467658099396252653881600973204409244994125010308258", "3296.6623573980964551722674138426377861473667170581514268048360611", "3297.7379917404912175247771575569676849897264718367673189151848144", "3298.1276011537316691411672081851387771050313229035402014828808173", "3299.3671802822783222757699213164363677487068219236453746062391619", "3299.9290612215608500399458923188454177409972495771803192516951676", "3300.1656910262663151995421930045608019901077230007274102296885789", "3301.0736023806567692941958909662710572599590294691990953236734420", "3302.1206446667456025346565020383294903944529241900852178853713175", "3302.5984487530685028369713367450658923712775957791009419967849651", "3303.8629254930478455798136446110843098476294958173130678017582156", "3304.7728839375956089812740037281377749396964116173547238220371279", "3305.6596093740190408956501570419043442334322706515675699352751347", "3306.3439800299810874009022165180227042228755098255999106155376468", "3306.8295236157140538195991197409153234905803060230655471368991414", "3307.6189993999875607084680546493143651816766248497332034668135243"]}