{"idx": 70, "tmin": 4188.119, "tmax": 4220.522, "dps": 80, "elapsed": 108.6270067691803, "n": 42, "zeros": ["4188.2661888639908217663912703568355631664510977420868599743992201", "4188.8176075425755041357265816536334505598983683339681871813006009", "4189.9877152132434831244866605520967946399655489111817975253507273", "4190.7474245430593558765503714268440841954668729410067407972900732", "4191.4694313634390534577058991562671321092498379897018609097015043", "4191.8569902149145018425360105632017038978849147333962617817556944", "4193.3690003932658905807783189106211559072330742340968549347305909", "4193.8873613728476539565594809920710899928801732728220000005807264", "4194.3985702489920043231551214591734273774180210165657672603200414", "4195.6895999192858465286433419475775802920938392218681683825169760", "4196.3386972536367854754729103455903256512355704278663756287709347", "4196.8900836591848127120678956616513130602317492940594208130086065", "4197.7158622846693861478632989716437774995824012509552986398809469", "4198.5087561650824405960595587098721640795204309055364330616204389", "4198.6461283559618908575805849656242146134321700662378673000164737", "4199.8201037640831766279423864142154461207181047197445035593185356", "4200.5658933436918751640684104932039900566148121037916181650305466", "4201.6657780793382989430490178672505307768563893281254406428426594", "4202.6025299912991875175050001255322440814478966621843365044462615", "4203.4275493903717355093687826797651030856395186446979226480582715", "4204.0136658327810382296911734500919037935591873494174073296119989", "4204.5402006859286884739967991137389607872677696705104669569034641", "4205.2095345189025533949139064617861087154719693056203006826333849", "4206.2697611662482689419808592715553564606052595497934388769904254", "4207.0717639125860432533735311170339130141459066316591770086763374", "4207.5589321574545813247937395716404137370727083520144123270451091", "4208.5651831860360280294694318882638221619804715052119744377305416", "4209.0681335258593459675576738586988813590222455896013623192533593", "4209.8762153549746399521170815831961541992919856262871719641412355", "4210.7975978036835178663178560346129258162074054111796523891948594", "4211.5736250143882670418093935556963694937075843505146453979842400", "4212.7436824762410596004406862884001387613824412305231273865760680", "4213.4852250218869441063976456126560885166655092814044958639902825", "4214.0450516940962819418075776934967392692753380942972896695801915", "4214.6411891281114306293519120622804912132415094164644073828243469", "4215.5329695614716635318354769085475091011683576406812869242936958", "4216.0863650228684331059920991031660411544416790314932693932781054", "4216.7374415914537220932855487710258029523824224983126534358858363", "4217.6610874496377813094386604925654280172627094298425976959104814", "4218.2681837561347183816406392111815191582489585226595741617623511", "4219.7333089999175465977505271086846666844406839486768253480011675", "4220.2326547955913661552584958046281345021229526897162232810533653"]}