{"idx": 4, "tmin": 996.4, "tmax": 1113.861, "dps": 80, "elapsed": 10.782615423202515, "n": 125, "zeros": ["997.08562268773343535720027665768852114243106052796848777876587282", "997.51124800835174683405213314216406847609524210982329653322980896", "998.83588461640298898980459292915171704994894400742928321682945001", "999.84045761620824003590341871053596768512484819708508690046922338", "1000.3279763511913049347504696704468401466773984187481073739582490", "1001.6469070404979339925758276680087317052612531270514098879290698", "1002.4271584505887100126518339031287927835495434764879561555431579", "1003.9709027679146598535138148453079403047479495780940327254641214", "1004.5769063870052600023051355887285156347012087886775213141039253", "1005.4827905003189030735768794995793891207365064126638242884527763", "1006.5070481777026241183759675435579150786799883269114517123582330", "1007.1703702402738390403023323099435205939629761989962993687036977", "1007.7583830017569165322397819207914822600522711497798513826290246", "1008.8056405729095091678318582388376999623848869243668784206908436", "1010.1369736081695688116424682451364525600885660425091021662295172", "1011.2108670096596130459964104687201620030277885005588786424979399", "1012.2659637650876512957537102393037037706902953825748517896003353", "1012.9961014539638720346492833738427157782298564393741218208154063", "1013.9087936806159169658415104358777556626281811712109900772719008", "1014.5335693099549492617219288871891308569199048518432193791503767", "1015.9832150022039414455692900760130586221450893441869938375759959", "1016.5884676528857439778744313071763315244818429887978272016491001", "1017.6689387629385709708264002870305916422868551651412993663902853", "1018.0222360267568407257156791509259009895537833466146063856622251", "1019.2877200920771608764851991946557274364234965736747533076529097", "1020.4909129785350177889609742944698006368417376211280167182194044", "1021.6480460284619676253451703089785322802248862264324112821241399", "1022.6536792669725358611303776846568422180371550712619076031297198", "1023.5565343632275302843096915265041312053713354372832601065896323", "1023.8461741830307596611634238492799453690772919385050614154867069", "1024.9384272175108558906962697239842218720356263956254043872303481", "1025.8597759311880416252679419080447019610000647249971902714849886", "1026.7656892843453072855390035678083939157675889004076161313339826", "1027.8204300545439086176392469883131829075972314585316872488972695", "1029.0241304783308631111089268988127888101961319005449113742874170", "1029.8947479946134313435127902351766265135446375085255760677583837", "1030.9073217949834711183587776414747111324104029007146486991697913", "1031.4544792527276234281195854516367246673834487347278707566141078", "1032.9356015541899328519215620127427389635123066760549496939843529", "1033.7532034668403465708058228141243862675815997027609220070012199", "1034.1361894175200796748532513605116581753295334171284545335553328", "1035.4455410663831331575374124074054704183640723627531866435634676", "1036.1968469470823681691676802057464891857712434991557848471508009", "1036.5786481641402992919874994259382736901945903697556211185758685", "1038.4905988467918368447502645736539550802534339714665418114369183", "1039.6276563608909124324373130607260947425206782252008128370876462", "1040.2043241923104269490561838923861715252273111631057807285193653", "1041.0713482158790358531324630776232573372574332381214868923302503", "1042.0474443967936367088570236500442238227000190476332292821967175", "1042.5524836464032600661622814491651509485014068454364239825181324", "1043.7790580897054532147656757761286059613068592945875254207993502", "1044.5808494482547261883277513510030958625210226954932048077154991", "1045.8901428560113309790317686580869566586794562419949707358390651", "1046.2800952440513805460705863401404991601624811136713466984239687", "1047.5478562364631938689491151904811193826091932123493727655261144", "1048.7769012049867766417023902967672133732701992877879412475560614", "1049.4248734090301889608235919285707196248806919344711261331354515", "1050.6587797492840157020224747095177816359302358067702509545519601", "1051.4139455249015263822522913346828959773465851573210552738425276", "1052.2249085066000290586982437927684156468894171041034785190463822", "1053.0247642100794605803397123502956626864836539097914913644613616", "1053.5572612580842019561395208980540358996621237434427931960964283", "1054.8346265541858882251730246720678106142546529534538509217852716", "1056.0408611660064873005511257303117661678543203134308271565721562", "1057.2990546277466696909279051966912008522938134424499962383147013", "1058.0108171334469021403457290374039514549988952482920910794207201", "1058.8373644222010423845679008696682929726140865103221051046152700", "1059.6502930330833904979370437576986324018989631266170707487721223", "1060.3673767821542958144049331430416879166866230912346969476944963", "1061.8538800221856197311765012126082047213188185505750849209539062", "1062.4075408573020416671482995921438475333081496297517349097416627", "1063.1385703381132950843512176015672082207569336627523617065457872", "1064.1395220035602721869479305428348706481333257356057199486127118", "1065.2608474149777209118704016448638681026854292951743984063427697", "1066.1813343236970515303644664107988323411536239972073882229522654", "1067.7294814184256286941504454814793911530768251986266100739085694", "1068.2487229544933801390157905906590247472074050105990299585030240", "1068.9876403412464101251431779554357672254976933179443068377091451", "1070.0338031313878525141811664096750320630207948227544199094708731", "1070.5138816425580645339431199400647871658461237835375253417063341", "1071.5738245122873618638977608331082664155005515809058991580927285", "1072.5414317728355788291125688842096418420778739022729600411519040", "1073.5998952491477458212224350232869325168149253315175447855984672", "1075.0829210729799547889983238686731810305118670959267929858286118", "1075.5555346937181412108894986263929603118668365771214101215133745", "1076.3290473129866090869558894308409954302781067357697104203240582", "1077.5861575746472326957647959975555462230315025033282366597474941", "1078.3506019961020912219340223823714613048295404429829273964630562", "1079.2334747913181479734894526248593633198446806104604356050328200", "1080.4076669265818056567862155759281565371719110548149807155969835", "1080.7466742634694121432800164728450546026012649005205779798821516", "1081.8171198975133169466585927233250363813605102601083565958202628", "1082.5260783789607188684912215615599156919097409683913265173184127", "1084.2678071890925167551109150704597837970809518109931672565918235", "1085.2776779771225146301062770608519798694545235514059062809848098", "1085.7974873140845915720480334635669678015809787214769390637114974", "1086.8503685995415997133097797946316339866708930718620740182509883", "1087.5605699615227215800673773764504911153834413070084443686414779", "1088.3488873484069181172790353037945845661699268948110946020825978", "1089.1365320519097912012756757113719154625454369694260934674062522", "1090.5353434301484123374095760717848937022080583094959203494241495", "1091.2177083486910634285277451778809359218822635136463209637760993", "1092.1083119485652507725082591790056730926546634643525618558607130", "1093.4571394781563543391336395547176091079627961754821820465305854", "1094.1283041264211510369589547979710984601071695573108135522781153", "1095.0928131426201960435418145757369860160581261164617575795553600", "1096.1988047666422996300340936759634916171396844826529267913145161", "1097.0862105268216823523244039663777814724960454408627871084396796", "1097.8750827236298851773220145263338623236495375414272671897237053", "1098.3208250726167437523724343021986812586286786612320336017013529", "1099.5228592121774790936436054375404244696323789995317936061479907", "1100.1391960404230479201758046855978359850332711492154145324362255", 