{"idx": 68, "tmin": 4123.312, "tmax": 4155.716, "dps": 80, "elapsed": 107.65812516212463, "n": 41, "zeros": ["4123.9689117551463784274321466857075754456714593437898999744085458", "4124.6503104018835791815450544734607379708410116622897927388264678", "4125.5499415388038529086927547143440120564822079986749454867732403", "4126.0344726599079564014973182707150865680094734900011017220120967", "4127.2034865252200146494586458666918228571654301944844949978549380", "4127.7259931153471897442652592730349191069591513686975622027532796", "4128.6808716378614162997807613978514246673445333611408015450469380", "4129.6680778800684080755051011204522149861483664463052655008942961", "4130.3716973473631524298460227948321299113405656998880098032475797", "4130.7927609602840035737376303872440812441837875160677869081423271", "4132.0620635848887464540275182606810800207884093541717283681526989", "4132.6383611911038701217640884538744140919241323564142945837937453", "4133.6205275711987998050150606145170032599103371918446747974563673", "4133.9585484162285537781897579676384827524793210467463372810410784", "4134.7976086628189971041412934049917249270194341468453455607788263", "4135.7043855851579262619545291138917625538595461247714195039066459", "4136.1450194728296501758284261245938282133955784539228835077408769", "4136.6706757447825579022602065936938813299852531253629752910762756", "4138.0933541223088569208921008413269524259014860396764617072779933", "4139.2391875288736124969630032781870592865380464070700669018300620", "4139.7422306481432692578349256984743517142290161978958309404260603", "4140.3612420675273396751823657072691818006021793123200332178386895", "4141.2852313780620987699320645961738850796196629845491725776917245", "4141.7602615962931317237857719259941864199932037825875867986834287", "4142.6683673532415404931211272318108779324045038671238159715079475", "4143.0926215482253059165364553766756047286268989345427401923793821", "4144.3176644711439230807033572111558544166556679498721152824763377", "4144.9618705685449692130094953397739692197661236581210768123841811", "4145.5903913407205841457228344436907150807305783857056842110273017", "4146.4775920308223121596474768396742902753261816357222714354940433", "4147.0853282992708729587897236377004572808703637419389563267009818", "4148.1734826646597711458128607880842761027281205418423241384004906", "4149.2258148411567208631383710239646880903230754649435073025424426", "4149.5640063008300034138330960357297797066169755934725363381788420", "4150.5655490577188098411941541485924872520534025329156052728926777", "4151.6608754901345115656311701327495831737657742501788712440896361", "4151.7806339740783753231075091958957858214060570425045838489154041", "4152.5182353790405056942752256195513920673141719927013122616589112", "4153.2426838322039910774496764822699282952667511999253340704112842", "4154.0935812941564097129806938217957740313503321169866354593571489", "4154.7553368243713014147167039471294566504901478304807702233009172"]}