{"idx": 47, "tmin": 3418.542, "tmax": 3454.995, "dps": 80, "elapsed": 122.10182428359985, "n": 47, "zeros": ["3418.6037283478838908785241631725755922275333949729202911368568251", "3419.2093870251254504820881034861514888272272240663594349707777995", "3419.8384945943858619149698022007079332094166305240661705176628447", "3420.4358233344504011893853425257612729313703774882238015627837114", "3421.4146868629487510216072611672651034700196618878341952656171786", "3422.4230200389629215367046040374816473553053651773536779400963356", "3423.4296117397044944671959811881555576786926181540708469634236486", "3424.3225642802474525525168734579373453799784662811837816421715102", "3424.8916058527783195008257970587242375061820478875566949191492976", "3425.8546083584831671449752160542351605312756280408456415746517180", "3426.2793140917878609471969294489861031221506070301699921772755461", "3426.7587398254907856606700872443284181881194565527497415688558368", "3427.8688722465033387238142328062836957076269518729979730484694737", "3428.6502192832145468861844061187999250215242278436769445830912971", "3429.3722652313799994580718537686966220946559663469870528098891642", "3430.2740435762448285859945167726855135336720448280751922925607289", "3431.2658048798459756381751197204454429078549730869658839592200141", "3432.2129389242674512847193309287600896973517189761475676092434527", "3432.5885889865774743228806370147678817103467939486264138436340468", "3433.5060250339279207038420815428377870803748603160771149847035992", "3434.4629235922605984510125879694333225496918724722431013466951370", "3435.2327183885826781684593029964331636593193326695497014465332273", "3435.9910371027212069240545791404444671809020664213355794426707998", "3436.8383071401868570682363646915555643753464782925604727800685485", "3437.0095182240704567366032980647844658191400437761666936809773581", "3438.2962581178263997713285512626633854809887410516394308876827036", "3438.7106517894995295205176434918753824960469328335160510011476731", "3439.4799888095764271296599675857528134738429327658812139594324621", "3441.2057434298295056347599051068017266977038487329579574586530857", "3441.7875656487248491212300810097054690418933029078029296767203948", "3442.2689474022803002742287066390704649023885798388135718138358663", "3443.0762156730106803612580934528380934581754756662377655419837962", "3443.9552635544417613946870487440930186389572927004852649293130692", "3444.5076771774289449090358690349446291935380403953819616905892711", "3445.1366426622745902983703259050529525640920910532833422981205899", "3446.2404058845889448782798238199439850403975421873491587004810203", "3446.9710321925501855809823207524797074654881934534373034536190391", "3447.6654095114502503629376383797163282646368732213654205877592601", "3448.6134021696700485918262504338401269370431243398935960933360681", "3449.2148659925295513472374440243632208884318210992501128498016503", "3450.2299273437061456619404884818125399741284622215226429836879456", "3451.1968677190107317770518032339061413255591915779116871684817885", "3451.9116186990526452305201250841434277771544233934749097694599585", "3452.7084976055720626528932852740320285592564154411810965870477473", "3453.4310298176052714500131232720041335239749944674281492231112746", "3454.3549406511399863674341347732566936545318851220398427761637633", "3454.7358237368562642707651313605876301396883604215505436097567786"]}