{"idx": 14, "tmin": 1864.536, "tmax": 1930.243, "dps": 80, "elapsed": 23.273303270339966, "n": 77, "zeros": ["1865.1081988491669388428006358513020490093143251242172851818370873", "1865.7097312787513833403777812407901870772238354467064498895191846", "1866.6727430968692715678789367907060845954085881694466412044214462", "1867.2117032905785939804722098537586986400750890481647707753506438", "1868.6275261918808586752297096308732466847674875051088051205201657", "1869.1887508343784687108070843101738580839878629888655547384595885", "1869.7965931017779645714978899035484267854111169115601669309108145", "1870.5279867548945917214240083689146786480923505533508129039480928", "1871.7178685106386758866711234863845174715250521475941426467019592", "1872.6256019974715097485634410344378081810415257698422687640169700", "1873.9380755357563633376774871400637875277039874211916104887231815", "1874.4891097730059323017162480643287367785683418873336021459623034", "1875.4766855650851235304697394838199944541521198879224839059048969", "1876.0975743714450941108075923107903931155567525830779668749874645", "1876.6791583902864388177205798629024774148733962228852343733926750", "1877.5272726590901090209975961729161289388639815568059911806675863", "1878.5072274271031514489865407436128674765401756753023477501476151", "1879.4253033599560909682248361466775156322569110118141213379367806", "1880.2468659422134754690620388447126024962745067884687249990451400", "1881.4522282347621631709014934019230845399638203977794517869246212", "1882.2776193040105372417851714042688581509138338963532388825011376", "1882.9945476845469404576294513070790277667460124678570161336180534", "1883.6067604209313924777708814883580341061329658556317324384824277", "1885.0173178896080377151036034008334387807163177410701528778992940", "1885.6663136012000587032104083065805303346977103076881251912411714", "1886.1775188512516045707221181178504282637141776202450421833008113", "1887.3360704576441345754994279542885443766728833683053732738634934", "1887.7589546008605500905190003470807755967864870332248610204734347", "1888.7042547953556415914264865613391933066452613553786203980533455", "1889.4479684336935210658729110550819020010080518471487125127316545", "1891.3108314845728639206402739533898531511106739936197900647351050", "1891.6050442708625414082890275021393983232398929651248417865552574", "1892.7326810766998176943025608613166713352942940295312646932356166", "1893.2149541639259215989978885504103596610781659617724254480355009", "1894.0160914208704061821640735869236212224057611490505554967007800", "1894.8269430225589679074277573070481314059412657821302146001317998", "1895.8745869259139086427969018069590107874720094397155853539675491", "1896.2963542404664532539164383293653684321348483764195450121877259", "1897.8516792517359577872333503218260289321953132884236111972393645", "1898.1580047549722502366421273534203668294304450008328851700121571", "1899.0681970617537330629657434320892096274659027438555974987956608", "1900.3937778592486633394866762692490725804161791512029626502783285", "1900.9453680685564098335975070359401487827313395854802648167651566", "1902.0793741239763579598385531971177989046824406790248280329007947", "1902.8155120899733068216117139752123656332797694815952928116906047", "1903.7817067250444856993497175209198528212334141615850927806897286", "1904.2291167509369030680078462330392025638502322254995180129840478", "1905.2831409956266651734956739151993517042240375106018241045693660", "1905.6675319709531304124076685692017060266706884239203439039430013", "1906.5738610561457838076188222433304631641326375081907207374159763", "1907.9927892306757190997516046181835522880632088481724511125168740", "1909.0221069561685104077804920306907011550548756043802215791639578", "1909.6222637152110816452780980863068843306323547466018749418509600", "1910.7956408793444382083268538029073140032249070893371796587336949", "1911.2809317918530916374092202061406472963830241072904603521722278", "1911.8013725475105423497098910097476572731695689198988047111255440", "1912.9767412746974241833834849158010672662833484066017162514267822", "1914.0317526857274131511762005302099455404975618650149828525964862", "1914.5589605570053053808546144289294358236935211051952921323248681", "1915.5195064169421923687941890368327969047066049646978908982004781", "1916.0071601622728688211741437319580320905355816926869026242707887", "1917.3077176722619180737269586906533313398980874180797243552901083", "1918.1037029966979288620740918312084756140047103894971890575396022", "1919.2661213259705209380267180958760709577344893323404788369855269", "1920.1424104879996790261571648906158670378330546787906221883976495", "1920.9721083090882947996246248840468019261296953942080706172408856", "1921.4543464536217421334254788675970557775576287169733845810759809", "1922.3213364784171885715224052532455932921838322074416936861221069", "1922.9555167854162388124712934104183120098770190292496905804031149", "1923.9750044792258749329822385415495226497805400148613757418804531", "1924.7805879026727259590757740211324495155542944266414615241832855", "1925.7838811383117556510967657958115889648400599717979346524986344", "1927.1441920435272993273201778792023758129442746757630356585161698", "1927.7352197140174559693381534546589026201983291648001514860331521", "1928.1873714311069846955894571476956954527099008177658716725815253", "1929.4368391753475065308222662908623255140560463108013913909373830", "1930.0926954886967687824861999843328586943859996320363023277561577"]}