{"idx": 24, "tmin": 2442.394, "tmax": 2492.799, "dps": 80, "elapsed": 35.539283752441406, "n": 60, "zeros": ["2443.1236819480184204615042836402254969122601261759929436383874414", "2444.0504610803376701830601313699395289278362850875198901178927300", "2444.7732676875768522924014368668966503262304175906201244004937020", "2445.9240977505867769872848406785220638171044751633384691304956338", "2446.6746278034510913952526168922673052163148662738036254630958650", "2447.2551618038255370041273123609819549317521943023838357003584091", "2448.0252376935869806784846133121606100448229572340383665852057278", "2448.7252622371280277389854852222218616566546771208760439768392526", "2449.3266026199403440647639539305059716704523475017202573998766186", "2450.5191533020499642101932885955993118742710256739132555640005890", "2451.1402419851634122180846062983653297388992444758868030212668160", "2452.5645544610117037017154085381504149658976285713417086875899632", "2453.2270414379999674759092627555748926089280498086405425823548650", "2454.2980421929649210590731320656152447492681397761381710661008350", "2454.4392080544750359958920957996061994436128071395286005105389275", "2455.3736649358667366637653586358242015103919244127990951470331430", "2456.7395969591763281896843214680535610185970433855917650790734684", "2457.0433562797780403237161162605307319703215660416410309600726482", "2457.9418715246217758679465040871983299328325385245375979583992151", "2458.9506485213830480182072713912316075970279718205558652632108175", "2459.3988895533028279061555171173819895284997308091797908236712303", "2460.1707484032561178072514746616867952773802923598284068836811700", "2461.2871908375900463338613746196265250653080401632914851646507200", "2462.3522143132632292501837397987607648963945963115920189308361495", "2463.5192597763019631943893043526485696644982014605745273934453528", "2464.1258682699689615117865487338409292102282484508428011207165629", "2464.4084700392180220676010745788263525681368110056695228031942131", "2465.6236768073412374335632689409154760573382145590280699835496704", "2466.1493062007526890574829385765885402795688371695374697655818143", "2466.9920330085169439626156743090918675941689081451843926316068425", "2467.5557924338253249495788570005445767748912110833239574099376987", "2468.9638189127322764502347269185179469328427091599753853431574499", "2469.5436710134723117406296414162543145877832253163810034377904188", "2470.5584519787557770147705108601148857257143776417826601927921147", "2471.3421631036556068821363772207770730441564598182454416860112638", "2472.4096786446741112109626706791225367875818130954983356918741740", "2472.7206432010551490101691172047122406484544343635887033934339445", "2474.0306897517668519537324496293675605221614676687016614564521102", "2474.6442835056451355629973880446941233700230881144471496633997835", "2475.4345168476768258909897510611498715777065444791829833467873307", "2476.3617353539483909285621544718724670987362532837509716316160276", "2476.8666429103144565577250974400202484914590882193376234823048241", "2477.3728286249141775455917178987540677532469236917067287349282080", "2478.5537422345839274164942448448065072293985571852237023324063938", "2479.8188402677808216373924878726261958262457888470990175081645348", "2480.7220464577825986538619028213776588797137928157122626619320018", "2481.3714098648365625399483116168279374837822434162724539483946216", "2482.3622855582082948599205461655532795047888836951962957301166469", "2482.8323090657864994265985994594595957921118421100066000765598003", "2483.4896509120384286981647467354101492897186330973222439127333856", "2484.3217097132209491372303541311031108920956801818060627289138498", "2485.4198725501185092683774703398584074464914945113416232913775944", "2486.2763621507411896285546352942870305152010652085904741867837983", "2486.7046511477471031107449977997385957968021693083599657514374825", "2487.7757465483935844254240605575367381472668026379757768681321868", "2488.7908616639100409597904157527442365179762179612247640476938185", "2489.4794096962792988206044674852227482004051305283067189176339981", "2490.4617677862596993376207720223282720458041280137365482740302520", "2491.3221427168173308386032380770436581852585903719630517751287784", "2492.2876515679859157353593747931527124002023325504675543883242442"]}