{"idx": 37, "tmin": 3033.303, "tmax": 3074.257, "dps": 80, "elapsed": 132.29503393173218, "n": 51, "zeros": ["3033.3708753325447900533327817036064527619801963884380049250006340", "3034.6305282119728742371573778061369229737745244622192225816776046", "3035.3959151165391876020425602703646181997241373433822177181860805", "3035.7667846396163546079041767145314133967918045891981055776631005", "3036.6024435179766179666346460979529834144396855555165585142069466", "3037.5813268060998124190625325373757625348854569535438925454663667", "3038.1344700379599123024499938855090545756071173439922557485036077", "3038.4862526076684850474530555576761847145693244665527290486679849", "3039.7626104800192995824106555861791044659221790402895995759382355", "3040.6608128342160403802742361122638368356012275928122436531637053", "3041.8621035141870872239396703592549727672784364270634605370435744", "3042.3066519817649480322867523143803122161618042059257090344872392", "3043.2635561855894528380175282440910251959984977317123230797186009", "3043.9591158839637321498843667826461983757790524959569392578837611", "3044.6620341381088011520927924028150573918687795392675123584877762", "3045.4789684465072005847716962280689335859625936629454356223145277", "3046.4115907419125794495474979779032459625001922309926623887850856", "3047.2090737810599478440369185264098149817093727527224839790711880", "3047.9079076561891786920738930523027787421208437598177884221314368", "3048.4668911568420214725091885707895995695133154248851024709229989", "3049.1872965955998225271689007000736108019790681762704903756243642", "3050.2190389804341868477443364892184328350178446947505348260338924", "3051.6230936251327907603772362135572513304286893197386718012081314", "3051.9804057912274476765130189346824340754346707630429614024830323", "3053.1034109961253218837255220136439516871047234926982608854931168", "3053.7947093662784228725715327866251038441819850688449922473027380", "3054.4295292301151800567163300634044794909373355249637712600825430", "3054.8907408931816378445215663562701842081670337829799888750395408", "3055.7961090680527880169557810908763707620907031317478268129848169", "3056.6818919430432728580239376053094930231887236286136400659850090", "3057.5418810410076725622259422982079496384232460568268163766193728", "3058.3221137860499613116662463224592656122168598026426770422757902", "3059.2217181582426381071853576287389586439819428314334082128852530", "3060.2262146252163185023939939590081196293124797609923670361337928", "3060.9284230647985642780976671165900989971342516503403746599021840", "3061.6683286624012622086822272607518735992026193419396267420436203", "3062.3389961318343243348388786600862402904760144208789078083862559", "3063.6488543184201149187260544343507584941680602989198438739666494", "3064.1236764435311560522303114914636770560074252667762339817005300", "3064.8833594418388069268069252308171796184476856333519983812125696", "3065.2836832201320531685059569618360292657727374371791006880576374", "3066.5022901526743673017091755388137884479373469949516931238960610", "3066.9554255640219031929692328442113115048802536048206637901250843", "3067.6435613452422290861068481020651095500631693327605890417900944", "3069.4494783714886111055581550202653905438112328584286731761328580", "3069.8511046985726137595983986065297508167907547804647122241426259", "3070.6819272739119723611005644934686626724228608929650528712294491", "3071.6209848301142891683147251714978283421759798172367362841055389", "3071.8317958883221617547094087935364049487340702589310066588128855", "3072.7962499504639646628102485580447462426376309526761444686297533", "3073.7411890424538624569788977533119074046745380453946878132322104"]}