{"idx": 3, "tmin": 862.736, "tmax": 996.4, "dps": 80, "elapsed": 9.687744617462158, "n": 141, "zeros": ["862.76863778777260400049292085489747729852128421555930830588596306", "863.42862411621562438472251169041153911620702308298683044887656698", "864.58064647699929695911157072757132773693391775158692130681386109", "865.36108302075054344378625700255112463326537251148592603514037286", "867.02440988516702261390283972766277234491027432325082999231310856", "868.04795203081269288300451829062396655880985532445292900184335808", "868.78170818064354848186588354065709949590272045264192842202627046", "869.47532587676074226548028891561184513352829638066659394481437830", "870.29858573880545661735849523853380145092395611359551141743614679", "871.56073296550213580001832984091861090684925703222023807981224694", "871.88596666400974217141994585963554608971153321341293811153650114", "873.53239215586698813629767043581871599379798486985287704360185879", "874.18995831391752752343015877541170577399024497632270098851485358", "875.52230998636614259627454010947358570874041368990127203930870198", "876.23222333283722268730222679897418247777043277215607443053532699", "877.31074281621399906085030804596838251614535802508527311563586279", "878.40949256185762946563323346462961893694430718359872130491442049", "879.24227472874562837609708673831202543670886066896621094997139609", "880.06937976289193372826544230653659672526206187696483234273697886", "881.00876763741226302902163592644887565493782662272072488407945661", "881.80394230139958268898323781857192725337631654901605156118971574", "882.30255859764872249908931840164726082351761671336883051470457374", "884.35097410434083206995743481876252786711272254076200622314459494", "885.06180522927011472515034576478003494609445338735388387248414131", "886.13438780011114215542099531016245961334512882955342686435518968", "887.09961928853033444495820480538640607410197943776996656483655091", "887.44768803459455621469895706004823284333879072126359720309474025", "888.64508423069185526445471921036726552278632640738016020561071447", "889.52450389924394690958992738727738382915075536644021514401570915", "890.78917583353404128368105596683360261261528851866202506259003015", "891.42679294065867163944300645220590952362456383709927506025665238", "892.22626810245600885185398911071217352168043960905571213446367245", "893.74451805319210230263705109855513710189446567213588940132913384", "894.46429657075625807833991703110146307255891120350926657581170251", "895.65352918136458411747924814315034244193776178221857175337780144", "896.69777783848333143765216319519008637653425709448033101408374174", "897.54377560342672478040766474669327034906423526759366640128227491", "897.94518677853914342383494356469007783697296897101514966804935880", "899.05880105815847333369710484897632811290683958728055108535017343", "899.85502422144105576840793105915516624206335155165643714511643683", "900.97675149859421908606383291159711321460367762538496187647285135", "902.34757840266185032535663534756540134982496781885306208416482980", "903.51374829196325490638943517721051562305220702239250945867161209", "904.05795401708255807861066471362384421037154613701291375670613350", "904.92267935875789670486617747767448835071583250741634828527295133", "905.83500811994114031943572807549555022429715656216754848583613075", "907.04977995528854698919410036796460815494246291942260638074285390", "907.88613915422953966903752176318488294258699511687309456775052763", "908.54610838429893228233913377505530249856356810434592924172454052", "909.66926840144697080385374579527376802455707545033692996600413355", "910.37673455881468179046738589560439622461192601603863047716095288", "911.60599115416929356327649110952433252982669722415669801720666540", "913.28426543336414159292509400418518562930225018818106070190482948", "913.70678902013562646614363014350411253587026587445738968620832813", "914.48209586175192138456813750937062043316708589357449944004883868", "915.71370615242003337988196525625988324723399683552166100274516661", "916.09200325084926746400364680501164545572205546906411857800731561", "917.06625347349312607574043510835512772026217760479368779635434667", "918.19754567941339689928925802940951215468719870569681263462981801", "919.20577495827722342308765671357717843869635281471586945012972808", "920.62042226495419113044410526493552186105342236423727895607873293", "921.06422124582482101421761990505432611965062463494549635693936123", "922.29838678277769077837108325769547764837670384326653661644729450", "923.19927818731151803514285969226657469318300583072742442321927981", "924.03272843208797621942644742685657966814453536836166712603479786", "925.17392561775695686945612039469730482764171625058786409959223188", "926.02819798453356719530515136775358248769848756338652115602819401", "926.68308041953916412109042143473001212415577124694685081665401148", "927.35596439262605824845107860567954853750621411515624939119533812", "928.60082757918470826265838732165171777733451436752824303338484383", "930.07798162366550081563889413573948069542304440395002076396100196", "931.13522891803449955817020381579155807856118099944447148079225077", "931.75000457818187406850524830983376485446566918730238613111216185", "932.71852101172737322722804958594862496492284386594231420656631803", "933.68855826152945325068019652102247972541834515997388690571017939", "933.89469810684751298078908714784805171924265948880793842462139580", "935.72383152035259297022952883788975522294228647441675723478300438", "936.16796118756690753775128359408903754051156163304335915044352868", "937.21866537917120910462858836355839649959140825979403871185854629", "938.26899672435712416292860316146007743796997599178083238130784887", "939.61369119337963496273107197036458708134319771455126798258540663", "939.97658647022444173284661460681623982985729758871645998797190843", "941.52120077386082606515319378185280420501385553154938356108691178", "942.37446517512809406856460745572129030066543515861266731562821264", "943.02360325651960310531115952846773493338467925398832302507925830", "943.80397554562560392008857292483649466304379500412764600781477145", "944.81152365753004056520664921855335223063238124409395235430807113", "945.43909458681217395778482668489819705356251770642919386886102607", "946.73595401475714550479194266783418167793453464964349454224323811", "948.26610910998045497520563786593816284937040696010392939654403412", "948.98655231805619764831731002011493362836460801210082168632203121", "949.92315393660664517490522883179048597175174623761678229239924536", "950.38553341109052230701687779355175309522783897679712047454650810", "951.58902977017095031258047934633120825698186009660876524106869128", "952.63976261201474741508408733897483159786407333697419083565645962", "953.30005823068301708069364889989363027210972660907592711273220481", "954.44161206916365510406996375737991629801203580104507837485526694", "955.27297731799273834802257439862857568349720181469385551305535748", "955.93596384528693281606397552973257105303406053083270848322862810", "957.51237573253412492792928221137429212435680995636189008022947744", "958.46048053862430682986419432164857338356629915943383379640171918", "959.57327449738923369801602257313827193351272773655530182625678673", "960.14098234826338592556644231559737779567646339599621399417032568", "960.96399227952808445560117586985899553444288610703553604507857301", "962.08018923366459987040050903549115359413119140318109934194091092", "962.44309836654962618600529762132045613673734420205173493684202820", "963.58864414371924705049747527853188659257980987932907728837497790", "965.16698396379259929633217285875042928921949372877258774529821913", "965.73120694772492839074015226300767178041265059029205802715591766", "967.03628206229506917299653818188703990257071317330066676122736234", "967.79512223889299009035754578877365093290980752031298311970730161", "968.51331706464582416461470559152932776995505570446380821037882927", 