{"idx": 15, "tmin": 1930.243, "tmax": 1993.699, "dps": 80, "elapsed": 23.891586780548096, "n": 74, "zeros": ["1931.1064813841216595649047817133680520203891072184399149008378867", "1931.8844295309361748026812869159192981953100346616480131396388530", "1932.5704912693140763961566278653905688543944083697441146762327208", "1933.3851995697982424500341648994016976870916959002186792263098384", "1934.1169711794949681082775347709074182224772332811307170747406056", "1934.9354670842015946551186095940316997537714910855725652511918942", "1936.4595672049325969855228930544030517890035849870924689714868822", "1937.5223064978728251707273596560989725722326108976285824531032136", "1937.8699926173343821349729916588117666188895298260266283641998161", "1938.6124422459454030813448977567800461001578724973942593135233619", "1939.7489127359722259014295892956377350632507363765740446163979932", "1940.2864702957534495294211269981471781282963799238325655833466211", "1940.7654873742096081270815721372946518979485801148522361390563313", "1942.1116162284079705336707874743888438199837988909607704504643740", "1943.0543633008166967235666628755070264954928123412979199855902550", "1943.5492500880408876309338972832468447092690250206171048093411435", "1944.9031312787284334085885946562487809231038919614923493747999393", "1945.4600491544240231809061713784321040525137946057274674775914224", "1946.5387376354916470008312348140646172888965183985143256251071876", "1947.3705924588349873324369324817256440588840571535449903103100245", "1948.1103771478467242357531689197980524602803684949460435996214054", "1949.3049713017458776894286338426290199622276034042322320047995987", "1949.7019015322440977512703226781425981133361341914438286370381226", "1950.5230692239533000836286082883974360701158559938231666683226119", "1951.1871927589347013379733013206131474751897439574498041148313247", "1951.9511205849994167998558713752662342657673910113243164139887182", "1953.2974191140933550402391918564742987381378681256717095598189405", "1954.2962512643524628359740838633191781255875118608202846599800204", "1955.2813103394776586712014107935858131387164313637180499375587047", "1956.1303887265767142637480512005459481951450890495331051552220830", "1956.4765919893049673042481510742948239483913187600976797952943794", "1957.4712113038403757010082331319991853597831453263171218905330200", "1958.1010495208127848890561131279670458934975952419957421439632325", "1959.3339337545911575801969471444461636881623677519861148372362625", "1960.1007160164988403224503500355772339761166424917825983797969090", "1960.6311629825580528892874161231292175330520707826764528763254723", "1961.7066643343933053644412222401801904028551953065914320830082494", "1962.4953680722831349239693592255032384679855915798968200872239285", "1963.6290464021308118987132616262312660922174258235487213393312808", "1964.3468493610828451113850328846760849898418860853891198786216057", "1965.5623417215716341635044248063662783643105080720038152870097048", "1966.4380777318691784812458013028282609166722107518030097517568129", "1966.7355092926533009157158603413168831584061601984576700102051303", "1967.6050709621849241485793533835162648493246934687685465135093368", "1968.4594172270779290216305662554031862774829612270569725351118696", "1969.4591254366957161167466453585800039387640880562773772254203836", "1969.6647531968048172256949642772917364947284181701605661640778211", "1971.3974227998004309892525818791242629906762506678652064977156152", "1972.2197549465050053027386988732876753558450551116672914579568078", "1973.1615265445701673080567992446049733362214530067795926274347896", "1973.7366436838530814106888389413059782042210230708662212042887111", "1974.6014238783753399367565613677135437414574884340037619787437001", "1975.3271723155590155650029181275900621088950273195617992506491517", "1976.5438432143835536760985040845064221398899781434765097659452575", "1976.9964016804486321916065864990774399403215252582273870223651192", "1977.9580832906620029671622000493489243127144606048803559651286321", "1978.8943276670652043212357721125093225191949740683013364743348785", "1979.3592153120546940862104276444026355864791116247082892335355505", "1980.1567939488286416536637490330888459563639851905543198878799504", "1981.7790432834905423626672555144373628979921940873855771828955873", "1982.5560002136571924235660963017892863546026184943163072868801980", "1983.2474035856270175632128409727003898828656787114089899412363903", "1984.2832591918697590610555644237072129968352321014423849151741846", "1984.7183444875922199528584938787004764420206716777713874192630104", "1985.6931636432940297495340005312182290172014925744980869856264081", "1986.1249459242782871023687516835179000299765497727387553949787252", "1987.2098072779635832089835396935009460673273010718167350640218169", "1988.1695146244798150739991717074467331144678789791166677708561006", "1989.1896567422764928958180980797031068502801716922277943923014487", "1989.8620760957144590354569485428863054581269126429460129781213873", "1991.0154425711399757123349963826412286887612625055803357624662200", "1991.9309583977524005837176194869287463535160201835847307536087155", "1992.2241641934886533426401689750849710153392576880560870383145263", "1993.5824411892201147058509138455831313781120812220600463367370227"]}