{"idx": 9, "tmin": 1494.149, "tmax": 1575.158, "dps": 80, "elapsed": 15.867273569107056, "n": 91, "zeros": ["1494.6646833875443525493177617977178627071773887100470446378891528", "1495.2957226570822830774583943285567267177647577527981200686991606", "1496.8308879691334664346110612825633241700000942690054910188623786", "1497.1330307235075158881534006656758253788772857721464883630633931", "1498.1388143126672691870544907327311100245301982862579155485267861", "1498.8276237517129734931704072358462523752713003509565330438024761", "1499.6124599770068524255571524676331012120578920404762383106396195", "1501.1850800728148567694093213290556777469545969101860289414632613", "1501.8973187216054872668852909480490065390060058825243371558499747", "1503.2041759744531275447156046154166467415378700911177158579542478", "1503.4140931876752536687394620565869103695663277034314718173491870", "1504.7520968780471239806343571267362596619261599222473186464929690", "1504.9178573859752418044689248263455982857323183484519372640236630", "1505.8726394085034388548360911463322236662378153883434121678408855", "1506.9582203318735271971945192250597975996251880552821719767536213", "1508.0469057100481525634868873769825564856718603559004202741272422", "1508.5979599612402761051238891638093333712475220585971505140821505", "1510.0803261866715978628845645730345592198250556214488378944348786", "1510.7580897302539890689336190654236069254535986543408795285079224", "1511.4395949436168456823414803165034756528242645652913080007568036", "1512.3739437856211694351428525466832117038495433572857122099503012", "1513.6754360507037465854544548882867628929250497555169294751212757", "1514.1549742218860540884456246206419865893061365301066844750349928", "1514.9633131368388781161231214831306601797323924840895532322544740", "1515.8331188018869697680956143992124834897456318149827770794197395", "1516.5088543904712643772775633188502724818719958311334624065963730", "1517.3470915783605583594174681131005709702093093993090887491418829", "1518.6820011093351049828922800650246706792440353214106134384404002", "1519.9054784804044015090096000559520306837387520399555500710538818", "1520.8889935837878138530515475720048011884820606912234248012438839", "1521.1388116815773516812977039606912624468384275091020796362953006", "1521.9499524685850907796730579775873476173373713837778871077713019", "1523.1699142923078739937940780587413423329039528002065677798255023", "1523.6120725375546018684980841283168420638246902475019532864609195", "1524.6789866571061220885013524469198043296521536138701398536434576", "1525.7081852327794526560044455798829813412764337686070533356547631", "1526.4655820265654604409926499481020655918061419250455188954089039", "1527.2993269514844061997194717373971558352777806547548659122794105", "1528.5259774613545026060165550415098480897402142894515315273725726", "1529.1279243426581125121028348315499360143691459513242978818357023", "1530.6030769417144318304015041655284073943490891577254973561952594", "1530.9913373202659029215693577835468022119947770468797304193537623", "1531.8978574564350333023001506838173115713737566427475030838066333", "1532.8221641688690505515304092629875203216955068546740857630196565", "1533.4946008877098633257528474346777763486275028642363923837204569", "1534.1073666891855930191094888655326244323206600736109559310199518", "1534.9933498887523795853989081717768532565928822495014589923530884", "1536.6176995320306441219002739758701284873757706718368751323943465", "1537.3084212223220552948643194719314594119475720519171626965450908", "1538.3168904104923639613762765215408210383256409074573540271786968", "1539.1029583109062889757264040441809263513048762754649429295829672", "1539.7852142675621390592715777749261117677334892563185101212600628", "1540.5359247733415018751782657559790877690828536989900602716133797", "1541.5880253535031058030896868118516365369314346647841627616703401", "1542.5510374136023179592498918508108814732611654848579656224653822", "1543.5495822229720340444012720129907838116181163719075096789403306", "1543.7087232035949537146519017020431834959999169138998609112568479", "1544.9481662063355930169012666107498435393166098300581630551752926", "1545.9897695819353450217269818878161815507283588079130461986497724", "1547.1319861740421288087608810400180044631922243923766526885820368", "1548.0218210598556036418622943917699293415479663104504997940389222", "1548.8964429631188997633464329117020114233885748627373116300670926", "1549.7432255965609678039454919059323314207464563298560911363246219", "1550.3633391829980298869821261290967074794311066234029244163420731", "1550.8119672777406256758054125383422082970803544545511458252860597", "1552.1924048912906677480555129765183034596447332402137938744805873", "1552.7617542288453539144571388271526940295911126641536741896760546", "1553.8707320634466752123445249034039949824917673381203646581616588", "1555.1872322485665984467203054966092667202968031817363485996982656", "1555.7722976407837129315860124724228270081477627884354419976382974", "1556.8763520954778405222794189211562789841985982056660216809316524", "1557.2047985656048752208038713674969350910094954228399173374504502", "1558.5235359597383092277922883911681278114736682514780216724336669", "1559.3538107648865165298624259930506305612097534017204458899900610", "1560.2743442958624269734425865472443442451753177386545101769420175", "1560.7630807500518825621034681926780926433071053926667667539051180", "1561.6437679830957613780762500614433251063709098936808904378293257", "1562.7841843819083746860444914311985722239273707337999844689840563", "1563.0798678809066755024941764460739625692374095605296430880812914", "1565.2393319757925960454229414173304543879918658792760387280111636", "1565.5606106450996751322591047069481714617798412959518292452309742", "1566.4119932746718490092740468401677995856543894253458853740269267", "1567.2974213039877655823439611620391707816794163489719552699117020", "1568.0057304532048155355672154863806490078746105697700628364523222", "1568.7209324460836321627150448188352571201898798651672143091535285", "1569.6512202679072319043003184382254127341876657919656462346586950", "1570.6142618047625142209955661803791870960933799028069255402530025", "1571.5496031838269364883295874824831304636930194599323764251618137", "1572.4973995165477018154923946452804744477412748345888490772479453", "1573.3158971196402905253636799512182778733790508479528685976934049", "1574.3402224607712165350768589899753401069353169950938688479559208"]}