{"idx": 29, "tmin": 2685.419, "tmax": 2731.323, "dps": 80, "elapsed": 144.87877297401428, "n": 55, "zeros": ["2686.3382037870458866895043601828762290784090714674576946921550651", "2687.0950186599162722442400098964385626171196224941302260576119597", "2687.8517196254357383770293436478828878391796080615943993013629413", "2689.1780530936659502501602806645456039633797420370214890386997629", "2689.6684315869258646855004947978962948657435534852764672397931080", "2690.1353895142776218579603049312797032796724622426937138347345773", "2691.5568327960573179502788811507239921675410843899069021377257583", "2692.4089379308960934717042943454742468550034275354051876298031866", "2692.6417749479646532387897654259602991884412573980771619014547483", "2693.6275973696323020185486826973411026289460568254363949662427023", "2694.3510828789865808055510402588595347246999153831493042965814514", "2694.9890664234005494643908136382475819187683054451759570838506309", "2695.8384471350496578403993600867842272508935629573506422278045720", "2697.1310500281887258574630474181092352617322883294935903014525486", "2698.1039715785948143825617564944565953265998102203863214395556562", "2699.0593348398184121816427066924807846818642208461288473318876420", "2699.4238165215076443443255944201260491014021280328352458078342317", "2700.1772876168506554182069192547993738664899892241405969402574227", "2700.9341692012696647607095204768438469868170518424392355541831247", "2701.7763973067027496518266757562585396512347360247395632702278968", "2702.8726679435410181331296039095088823110106408950162507533641101", "2703.1934218194321953625813449668674206260844867980864651543604036", "2704.3850426464195634820373613414547019262407645475506823223404865", "2705.0253186399647594531821790555140930837788140739392059959457954", "2705.8833112117263441730732481247326658162196319617674485670678744", "2706.8084083445023593217641742571851463202744099668123838477309221", "2707.7246464582247645413239529682367311991251648785925506177128603", "2708.8382318706410783562793148526311338268430120149488063270155931", "2709.3404210587263468679225599230370220756105287608399213965694501", "2710.0778113421207624301675203574230971582301375765981387409808146", "2711.0078075004434098284056052455100551850784782370992883320223878", "2711.4579818254084837390756851401055060966210428741800057641831772", "2712.3979296886317132889752149577468910283776931526851486482570422", "2712.8452701901848252207029119237547983586468789074073911067989196", "2714.0686570314095554938415951704996108358833734010275180311283981", "2715.2969556381929063088559654613575742811932762370694388544692891", "2716.0797728456297754896864851150322669361905853777469479157984038", "2716.6080145755511266838175490359234573283580797719685332976145922", "2717.5764463388265088153788037870958402799213025294294059444304703", "2718.2797139721963927333597282694486052829570794432840871054514634", "2718.9888439890320507200407263389038740395753737299350070427379501", "2719.7308170368296917468821654702478632971420474748694171354543246", "2721.0567043823940582201882759494417445544363986298737076406554907", "2721.5235903930767337506699988510920238521736284517208596393637211", "2721.8654299341605795648769775796245607565700797097750999134025571", "2723.0741903260895749329084243454402973837210285516676019553191066", "2723.6987488803640123872292657242700596373935499706729019597910974", "2725.0033661090646698030120072488463793040928270767981354911871599", "2725.9189116177179516236129891290430935810504345835441380015501661", "2726.6393019609781093718599284113552243828047908495261299653671408", "2727.3880871103649811588991452108239580793322237026573397161704121", "2728.2771910220935700213220698172685546440721985410888411301936788", "2728.7314064611239859136898949646469128169157107466968280563199493", "2729.3394216974620784664411046711151180053412840643693251140650904", "2730.2903378709637970467117004885085660125916445964352448307835906"]}