{"idx": 58, "tmin": 3798.83, "tmax": 3831.683, "dps": 80, "elapsed": 109.25817847251892, "n": 41, "zeros": ["3799.2876858842977856260245645595075651213280494238954673792602235", "3800.1825932382055030956822623214015794742998805581911150744914071", "3801.1326358077737288199908498103488166689360523172163650025127083", "3801.6695360661499603444371956437177193881798046910465580027197431", "3802.9826579463946137261335870315984548052445288973645314026273226", "3803.8138354279983923059088169798142461873321393356726742485364521", "3803.9704871025428560844446777583695169174123971678823487365749750", "3805.1919233409505227772452147128553868565392076165520227518474725", "3805.8648386733959026262898750695531591832158134538089880526546766", "3806.8106626543993202725930502357641670568345500448047849781768279", "3807.4831797598245041280814399642116188058808214844911888848519362", "3808.0917007735455440887188956416426590457393141271672868352928994", "3809.0577255405401272917380150687126993087120875563104487838692258", "3809.4384557584604733277936640611386376988125628401023517722348023", "3810.2692564823611917673230871294735878129148980102295613173081031", "3810.9512814226497395249466771347291857379160580405975717942007954", "3812.3460753666993617361315380654191071149710137233306932527873188", "3813.3167306299046616816352733920637518948535733063449511799438080", "3814.0983115052186157139557623202989414871532609146762559993194356", "3814.2035079695771552888182220785693218877334694028637323143048173", "3815.3264072523040945767617945884418052933668533670479509484129972", "3816.1836252630921901042109934621245008117813716926059975245518868", "3816.5243905425312410187016453070875261919908596674841295567045911", "3817.2516368694540346004364843425008710019290880788415352735567963", "3818.6448593261917298018168049391550369677634553054876516420674539", "3819.0875648285673135484115344953175953894854768402917841743450075", "3819.6326801275133321987817068847311354312923364527074839137105089", "3820.7700064305895265248921301670404958403748262687788995621539720", "3821.5118527042166434332111473637943358189845517853859958796793768", "3822.3608136177332029192930625385437463206711969216453051833380433", "3823.2912618338660039091276823137663615684993148718197523321016208", "3823.9209476652665602658483781619882724254374403446911677722814310", "3824.8950772022874287895664771852901874619505180144186115769571810", "3825.4490497068574531981728505315501692601079993886334412220022997", "3826.2890795662661970364581497766714793966931901042323871806915056", "3826.7385564309889245364402789935182339229343084100662661326020720", "3827.3693544098945108662286234620219821620235748895188693147655622", "3828.3068730429281024878698150758218783762458238963877244876086454", "3829.3863328709478470682573455412922731789857087328286224154456815", "3830.1509429670159836321382325309056157763743549065127510579574622", "3831.4455224628092826256784466449881372116947623184795153151649897"]}