{"idx": 61, "tmin": 3896.49, "tmax": 3928.893, "dps": 80, "elapsed": 90.6564109325409, "n": 42, "zeros": ["3896.7434333618401764171703226643923167209788700626856918233091995", "3897.4355928874581197910802715667992399296854334260034990382910099", "3898.0249703945373592276068683165171811757934114295771917336742783", "3899.1916640527907682653422508143110845280875259361050848808905097", "3899.7151411772158872013892361888591673507972023292537229653268623", "3900.4657637031830521528613942846426161810957502153396227080682090", "3900.8692284817896701066599453434341492312598920725413788024248438", "3901.8708004842323033955192831970325340560984880994993171609916439", "3902.9887421237559618444174601482953835799411896570484554839852427", "3903.9670845239626076372486826182337853622931113583572100935935397", "3904.6407370248249614013396905291955537338497449588245758781275145", "3905.5328846786572827772039885916560665960139368561574801397741332", "3905.9624990058876851529081709128897375020501312230249299121623519", "3906.8385010925535943807282192133964458138680123051059711720080123", "3907.5199068102215337806729409026093347280604675378758583144856371", "3907.8639595012339551194504376515084854379594759238271587385113941", "3909.0409452988032392710852433955000126963856310764828030158157966", "3910.1058980567225251881628966254081907184122390134134363972461451", "3910.3609464669461133835943888890267227194996974140820123252536371", "3911.5775138671503736878689120530708646323495911939396266899350266", "3912.4194631980308400139773924046543587677098722591315191007772021", "3913.1945310104511180621611973435429762834852386656345971976201684", "3913.7748572716390813972089642819220518487416555007404131693737810", "3914.5167635994697896058589685859637578963104450944253256997832981", "3915.6683082359158062428859207622756871140033430710772655228384216", "3916.3998682678903119756347438762105134107916474745447029656444787", "3916.8049838774033653274354826866470651923487157652094712411129196", "3917.4974360649887165632161135885246765480470980431616051740609145", "3918.3975311845154994542084141589468778763060498162072296458018564", "3919.0347163532361271797606862810828527365339783527023834617327594", "3919.6671477029909256597835764853099862957354571760724849678441380", "3921.1445927582697352838208497100799014005473895716353841957843839", "3921.8652701345434020335009385630137997565810733607463993191263061", "3922.7632877636692767248122867339154953073271876872026896090342833", "3923.3808322709026100527774771961379365948808950563864385093271542", "3923.8251305203600296016115085517028597709609041859072366112576403", "3924.6119704348252939555234875677886762841288304615027281270954566", "3925.4934484111928251198175172812272787968376867175742874971749539", "3926.1908609864112093413364584159802196895836848899094687368283453", "3927.2346429568487466591894685572499974266419603542291625092412578", "3927.4915005891769931844152572962596802984486419496460701279796602", "3928.8238361853365810951712535128949392713884841465687454646087985"]}