{"idx": 65, "tmin": 4026.103, "tmax": 4058.506, "dps": 80, "elapsed": 107.64992308616638, "n": 41, "zeros": ["4026.6776841733885308070799274423540415339111771398071884224186689", "4027.4329813558842554151112045798327499465435962944122948682874652", "4027.9489551780223772224266923340317914060334506918064530583029063", "4029.4302852030236177307234773577478289226332801163584509893868255", "4030.0869504367667404903161717671175843467835534957158220927370637", "4031.1585211597452962329613662632210997805487319471265512621340982", "4031.8377818471333838966281243113662665664698439025986402719865049", "4032.2204913522267522595351989232148825033131324133999478254734519", "4033.1444226627806251849345604116421703547912395041809979025466830", "4033.7816650074179525180859470000502333647053172239345294715775390", "4034.3441124888533059903512985467244876332057688638637587674153195", "4035.6048543702712256091744469662001424497121165745985340623950806", "4036.2810981158988806354276689418534241012467311510689356479010825", "4036.7174568372056680626885383937948262277488178958322589247397087", "4037.5400168523089672817805271758722646896974670046248563843585383", "4038.8155783205993395939685222305866353986377548425245820083008282", "4039.2237365593640914396640269384208955081808492118855849738726388", "4040.1104342969440107344580017062832552070802220240353416450137959", "4041.1168195413790590405636072121978755776285759283014559500233803", "4042.1558279646944678519478675427046244010800942786311300286368921", "4042.3567675113319921238879314389533942491710803409899117303071489", "4043.1056658825426824644938413585355334246177718821284902334086488", "4043.9935954593514202262874918923817288510340202443506377462856532", "4044.5860129311289294394463151592448838691568389787807420941713592", "4045.1592397241589364477815248990011493868745174505740749244094584", "4046.1638616607707095784909376635979032619546651897706646160497341", "4047.0760912982790820320730906919710400039744401313953737913390462", "4048.1923373576335127425273665197368272842965902432467904272101463", "4049.0529807868403906511761463779913105347812477983609048895681209", "4049.6083583672553595921626132417920558551621484406067619160699670", "4049.8867264042182207666900608394484278176388532401525281483890314", "4051.1390329858773927329216394388845745865412272534850955758406806", "4051.7917640860472021820437552254035957146505086468371168242879147", "4052.4379126786134407872839375870940361966359988615495979572616022", "4053.4250132512014002363386348739690455812031265575814051955157539", "4054.0630275408919677452459333128542380276886268762324575035121483", "4054.7162635273144871534064788359701125624141440774489549259542992", "4055.5595482569828119049566596829550840117869029513039475001917455", "4056.0440439919862422623022777119262587168677218629163133134546842", "4057.4140410476579532690942172464395040338681123124876355862725099", "4058.2476558981417686371078990007816827639811538079260172976569362"]}