{"idx": 42, "tmin": 3231.773, "tmax": 3270.027, "dps": 80, "elapsed": 125.9948468208313, "n": 48, "zeros": ["3231.9570138663244803520678297219474600327375304140883263856582746", "3232.5970740305463774120974974508644414016883624962791508751908666", "3233.4900332523303546412291352158314047883723073644666089230118783", "3234.4998889076695273361856395490330502395521730091464390981383807", "3235.2625454248178816757086324329156363150579168549932477342514935", "3236.1542274499296774519445444278034460912072939423264935460131996", "3236.2846297672428113582655557380729454155334847302154225809948001", "3237.6826976419241313715484407128951434925476353120637027693683856", "3237.9292344486786171378829311800279312546774627026130943249910557", "3238.6040238253222087964736123636322163647938723650233990771081469", "3239.6216053389208097796966060874194199769570785835283859032813285", "3240.8211959209781904808634021115033333631692281664087517392236477", "3241.8840259650335018419245939546875163886173082792269941287822586", "3242.5103108953425672935660295422086083333980586285181406588895581", "3242.8916812094672808635057014901352707052252506949784989252231653", "3244.0567944502381336596277588543166691243142805987841331836542876", "3244.5205589340713981626047498388210818257690732897544348485952486", "3245.3672620020592249217850360320126973300385691259928924017158736", "3246.1687549876725149901021287634436503029492786770010853107196739", "3247.1688518169275379117116107810196179832983650464897776542243276", "3247.8216360651036345420238978695359711019026703942866058227597860", "3248.4704036761384139345685905706953574263355346250900683208129186", "3249.0306470388285795086368223698341278085741359510264430529262914", "3250.5589183546171817212295166424790123394491734283029519492853795", "3250.9751813693317055234509063755337737443708300261377917601854659", "3252.2015839953183098304566471845279640882510540689353610424055071", "3252.8660493600271944641606347777408996100345376377136233522028762", "3253.5798869151995957353411008454488121458313927481733213910268557", "3254.1653353305793990106534949967288006549690056813013214509621186", "3255.2601502161659201533523340283131438894710139084730743420696711", "3255.3598652586986751992684384937777874633621691142687503564716623", "3256.2188209911383411280411577982852487553250240551655399502172436", "3257.6657666252046459844827424864330407190768694433876847534436304", "3258.0084090452035952755326075118028594122223122618147554877395684", "3259.1625700454582938461243254548039022585794743539106529134541759", "3260.2286032447082730128941932388321196012585822328573028717753063", "3260.7276303641956631897354270219625190223414226510753249517017777", "3261.3465417181861466461412352465225939271051885139104573354122362", "3262.1619167451275454381838766264522022744659504092105328208470821", "3263.1473688045932713562542396528982097979570361176805029821280983", "3264.1664994566074508621460740284849269086490338969963647972305653", "3264.4154820742770432786592281955961715461626401990398153997635929", "3265.3361321228148538758420017569186907195030453381374735287010263", "3266.0925818027379131372964523198562189404972753400678128966510584", "3266.6475687297436129972654206999342833756774949625382610191986756", "3267.7594239247123464976604015898505402388695613462304236679329322", "3268.7381093624476346687357544620820391843360145871593347482906277", "3269.9136172430444704840160765949138823196843569775805212087273023"]}