{"idx": 25, "tmin": 2492.799, "tmax": 2542.304, "dps": 80, "elapsed": 143.28148245811462, "n": 60, "zeros": ["2492.9693672040212023380732045908988243395995013525077853538106833", "2493.4258095178518475565983162239991949747301549855292383415452955", "2494.1833213492917525551131741231662965389598509216652963077068686", "2495.2991655419053987635760806895961083869321296076307362659260951", "2495.6438594216433477288190538827433233001065554309800873967797992", "2496.8273196597415895647272699128154613832535881342895300891429701", "2498.3419938575168415404977167324398137669685578676609585468392473", "2498.7525976175681591355462366769684643205300559605270037975781931", "2499.4957989586958173043725843616425861457103179819207813845711598", "2500.2441670385628746094598897045990665648122181592310692383643471", "2501.1263319202767341158488973595462887829272489706938015343214891", "2501.7490243323529889899928979329665548419755847811609746789956443", "2502.8625369506691817401918609092641912910273616350974689070781981", "2503.6072275777406429108888797596631436609147060019120881888903346", "2504.1454580810677581250942292215774573990923955898836407078459774", "2505.1773111049770954031447778132936244084503540122301337081179732", "2505.8620673567922284744661262548784629733933448504801085362322476", "2506.6064977649975212134668521652749831633411749620053623884935606", "2508.1859771322168145729255012574686378601342799428180719310376508", "2508.8059069074552137892557524299525352521941238295974456378563672", "2509.3551644965201076570052696180836451876993474716643780665144637", "2510.4549256582685369830997178875413835623577989197097516413561662", "2510.9502191881578208053987447658891078115692166344936189652772644", "2511.6680617720602620018302607750365524735768249536702677057907581", "2512.4846622863638124372615145210683038665177098717857029413422991", "2513.0564052735283875699581377522691123882878099135555035819929320", "2514.4677209586380937181196232754441096316007650385231183508494606", "2515.0465799380286117838444684868518456914125953812997174184599290", "2516.2429437168773425819407285877824389211666369019690527129971023", "2516.8631294417574348538922943131117686437619444001519226139446765", "2517.7097259991715344103096124925905002058634533968341040567441723", "2518.5180576322743236080793839419439604491849514510492244006661088", "2519.1889415072996728101620017050055088770398171546613095037117027", "2520.2019998890070099355676889853605556869181988715101210441174867", "2521.3089930291453490404853705681617848287676121272855481952078925", "2521.4363860233472235963943931059883579799710377628968816132051906", "2522.4160090499336079827208704027439876244995088881788829644509100", "2523.0168690007475373800085549364714769992026782559120596823047435", "2524.0136504113829023373319846931904973643234397680649572133952797", "2525.3339738162558665049845155955082745475585710630683573952584375", "2526.0350826258969983224592443435612561600031576176564672192598538", "2527.1854071943987704023828067144770121924173031072416721704582899", "2527.6742673900250068235507281862232028398887054665081329727036144", "2528.2575209949897398931855820714821302638491796791374532256298180", "2529.0384343141495648642257316200151341691508237195128234735710556", "2529.8651250998812003585151242835493021085985940258163974192497668", "2530.6929289577362563962591941597825431700162482618102302063643092", "2531.6806641135514067483379783719986386751206044309042832968905019", "2532.4116369019234003110268633412287020998160486171022315117725636", "2533.1352364952093960122975232034502129534085423955090966940088536", "2534.4756733582740003372796143594003269234192436236421977163758908", "2535.0066033986200625059246423046744242190678564461656764870588292", "2535.5903586976947981303591889012914087604657738734281725020716922", "2537.0545335414951453023963616892205114670426952920762151675876261", "2537.5489231605675748012123533329504805851763007843996461338689653", "2538.4402398909398813021930834172663475855171818154343766367116248", "2538.8072923136531198726897001674163543623276170512564588674369625", "2539.9485964925734320682654695019843231548163873764385285478754999", "2540.6031785997403028049089058641023423381315557906196690386910138", "2540.9650796079464445448385934904556243881258203698150692553709915"]}