{"idx": 36, "tmin": 2991.899, "tmax": 3033.303, "dps": 80, "elapsed": 132.20249199867249, "n": 51, "zeros": ["2992.0207913276733278457574559276916176825587312172022491931958448", "2993.0471598964164864729927188203904647330039540706066334548621816", "2993.4770183227874011685362635207951948983568650249497714705575387", "2994.4250041137014099982099279083666203941864101972392749207501674", "2995.8866144967375195321069071693367199577181657873374156721663908", "2996.2063760262403879738394163384562242493835796821271334226978725", "2997.2335757152527650280511895022910618895203140533361531138192792", "2997.9875148128924212697018549569008555494797614554686570710753607", "2998.7593690976391940480228032980506012524092889669927291506713791", "2999.4787251773243107105248808802561224028804068748736418463662413", "3000.4448396821961352818279476170300173796265806278784382081204067", "3001.2374690168143148226850219596643861770924263519095610148018815", "3001.8687452051808456540202156720435073810740545368989776857415723", "3002.6494888764015828999775965792518188517893606602302996502583568", "3003.4298770503787053131031519421558837143010021222510990915040155", "3003.7526570488698866938834303439215254770138634434555928379515674", "3005.3268493435446540624007657129788926517564863357550364471475329", "3006.3060071578012927428098733716111766361294911840571155285461582", "3007.0779948758794013551784902377399038696015834072209799806898374", "3007.6509700636826107449281719650857331228741758066581023346053281", "3008.6419485942737386876208578881069260099096204574442381508057537", "3009.1327499431041685813636089669835404166677025580924872848432288", "3009.8122823776916631545691712178498257437975122981816897470482332", "3010.4793364026081797601675605099371608508860157023832334576612015", "3011.8525752935134563857473214637010365751854605784402265301203852", "3012.2603670122726669736675236102767547655734051762484307411845755", "3013.0844777214754540803605721637488830663010250012969941161905819", "3014.0668410453605495075939156434586153184096528993119115988601256", "3015.0014398048747682649440143399078492953338758108836686867224892", "3015.8482205377329704255358336014634751285033793883482590344426788", "3016.2848547757248227255733607575389365165010935717540466396676725", "3017.6666972375210592351080796831094979248443193589172532612853322", "3018.1966187313608166847374053497216545555730890390200150227088368", "3018.9025597807017166124163871353373157943446462643940459206981649", "3019.7711556451287304875279775565070437539366569406395968667781136", "3020.1988915892822032336239960392989428282210848416366693884630220", "3020.9386161321386471140987054106068856348641508801999234118382500", "3022.0271907706309560510871977707450841626525453292661883791699624", "3022.7275961105545999734926990039325124363802254407743576922160397", "3024.1549897123169951818047814307917409520410305648157511036334454", "3024.9377868837532853395203535628062666542429436302086550427794086", "3025.5924961406801574979757969869813756184595804597525274798815953", "3025.8198462032229768093283873573205620647562460861759024788313017", "3027.2474138776236834597494049471461402721430313702777181109235363", "3027.4208199315181763026013075758762558363179881708561700473403072", "3028.6151765467669170348092626941935120542666566749440221570067963", "3029.4128918326706448664226230608556180760130144286495115517365172", "3030.0497165625863954587427025268782573923386015003831957598235346", "3030.9175583733144081533705465162745935129387772345648218306586294", "3031.6070818031269501170456709580115846108437434780875698196645285", "3032.6373765937858535218315595741714635048883639486956493903210761"]}