{"idx": 10, "tmin": 1575.158, "tmax": 1652.115, "dps": 80, "elapsed": 17.471147537231445, "n": 88, "zeros": ["1575.2393524653271158316680274010490407470925313760773401628438309", "1576.1706870262810793289346521511688311653133517209558998647160629", "1576.9168598122633848399107009449722050022225441802815840616052895", "1578.0016899054688746043208521040523903154335113628056551661336839", "1578.4385126075176424446570884891052326010989021707463006740433646", "1579.3717174242007255078543536815332045074072865808243066704670256", "1579.8185694284253377760378093430209379977978069776599698414854375", "1581.1801706721139835523205034189880042502327529246371814315657168", "1582.4602456859364675980626399032679823614820258223615337203122182", "1583.2997674692785886530123243270442737798768371355497802280562532", "1584.1172082508014960861988456717803656240389910805673417227179435", "1585.0204055281052011308807758078428681947800917620632794044933739", "1585.4073555301581314088752411714122142665405102642025804226959318", "1586.4385660622242631811851420671051474401334013321317470081469307", "1587.3885224124030606237742232006734785372463869873882791091484508", "1588.4811482194792711779878346750848569563119423165143604343235069", "1589.0286187255174143862125948139560442521975791112197845898962652", "1589.7398151214392046705964058215476628882781751159211462593011744", "1590.9522408488385550355617599056976294834608351359098606808248944", "1591.9969005584563358414771615840443622536711165024546308553424765", "1592.6711990645418287658411173128309023293179079336570260568972578", "1594.0922824261298816752919191647414441096347370838743648895954658", "1594.8123721657431372422296992348317398555646823326271971188461096", "1595.0518523023565045969980401306369776321539307118552668007279317", "1596.1806583103092969270758463954288352874345622797416412784901992", "1597.0041436697624092892792920164476808870582770422559133070764768", "1597.5104672962031111483803012309430070805457010104512779763691238", "1598.7855125307121355665317841769063602263789932243695913363000787", "1599.7517674712172222185300825458687492369360496667788420672653436", "1601.0628462256104801037314911974180536822029133960596012524665186", "1601.7091051805576930896739173682300518081844877171832504722857832", "1602.2464944243477787307602345640985465116759136822491451773656822", "1603.2222341666844841813111934818651059462697896219468241155658958", "1604.2314752904024476234828959619776017148777962390248989504817739", "1605.2032102377449457398306256544626386096379926760983016078551345", "1605.6545705115004291249459527266426744670642765214670806469474537", "1606.8182495370687486480681088020155603935135100844540751800466264", "1607.5863057876444215381428044742803174633988801505469528498987635", "1607.9446032811655449254514822401602388588814011211472170366463076", "1609.4742003329954311043568245220412815119637926392651353612751831", "1610.6883814488487196647415358848784520730327673145980378599539403", "1611.4608904473233695612850058500079415421554866122746280977498270", "1612.2046403415785427470155374453010473915734305859831949818018249", "1612.8658159969256483959285016107561097229474074907007891921062213", "1613.8014761028534191810457554031762656454295660003258724984978569", "1614.5427827505336067666088076767191505177979615930556794763579470", "1615.0881804612322936106044809462855837747103826293050607920546912", "1616.5881136207753977479773302274639080059258882977929331708074949", "1617.1306664124199124102169752732077260010643042152843657632166969", "1618.3842368583649295829658220829986504738033897544743689965895594", "1619.0085287779804439719376056665475839482129979813286038305867965", "1620.2234801285565441164081478077043731421843256106361165248101398", "1620.7730097784980757750437814597197945459517502690091640616805392", "1621.7144471225080977038965852787308091147523438047852930835629585", "1622.8282695283669489390658286989524750833435882563014584316336066", "1623.6373559112556315390774412399174878720787990736601736458895276", "1623.9778747230046145841729325910338017561496760539394057753878129", "1625.0616125180792954076071770004029607113232571518862600117112096", "1625.5978935945693488287696418718224822277104348885631747524923717", "1626.8949644386424102474039509133707591203960924484651596689216879", "1628.2306204307886658263500068388526161469271023743473908215738883", "1628.9612796462939666350281613197978384532967963409859839482565544", "1629.8028889833694015286921869379300984420290679872930692339727208", "1630.5449750653856047628398171153897800665676891191372354402880189", "1631.3050034508299154706182289503241567712568945371603637659376768", "1631.7839513215348058132236504358224614801943223847575378057650263", "1633.3631971027189542090338889095986435980268409415345091960062929", "1633.8221251852933776282458532390940965724059962247359237381595824", "1634.5950159726250073990588312113084558916196857207165848519766436", "1635.6786156751268504025430873934666534479263048682767036908523868", "1636.7566641664875194913232053945746254909206167301409181448138880", "1637.3021110808468184818735241327936219303769402656052729703256922", "1638.6622624707121095571252488464165433655599396027730768968231631", "1639.4041029037118639479342661574040783116831534776497426520928180", "1640.3269741402982887666335956005937244429053160283390055844913645", "1641.0515344460261358874806220655306075418337700981607974466479059", "1641.5815665659654674848717975176492263476697934353971747007737328", "1642.5321369798167332047748140240506758263185981108187014054246282", "1643.4127833197431088287082827769206001358275698471167203203338576", "1644.0663833062162897563522793728165363265030990067055148967876711", "1645.7325569275778899864396049415313712337677672021805533197435360", "1646.6401881158256791661324070743982793396205652168110626866724443", "1647.0871941803275826980700988708298341088249160138818981747186521", "1648.0208839222295777024826222658018550439224977393232217916249564", "1648.8611085467338098384574928169075398675189415325178932817241878", "1649.6698769005821624980286258799735965887243442273661057591761348", "1650.6221428667724993376235500498952565067107460787636817147634726", "1651.4675418887034684625730594294163607157084436114277917417426519"]}