{"idx": 41, "tmin": 3193.069, "tmax": 3231.773, "dps": 80, "elapsed": 125.97837972640991, "n": 48, "zeros": ["3193.4124092036712151370829624050238076379551379506230314266887595", "3193.6313376088069629485579437491010443250638429493695549431941913", "3195.2250994734442360651637609758348100723373683058497528042722259", "3196.0990321855110532582992792437758019103755422524861673350460273", "3196.8250396934132942240771319327355710580149396435874294158459187", "3197.5361607768836043730336168974802332748473887723651619362907959", "3198.1434952749945694496487989673378019007876819692304373460797630", "3199.0169012274031756111833226266549628697903527236168571403940547", "3199.8792937672931649595449608601896979767036403623044407489915719", "3200.5644379739913046648151828421609776681860180733835036958300253", "3201.4819167864638961320063614561171093487421576718051219253280717", "3202.1939859200374065210736942180546837191919660806333847697810249", "3202.8401324987339636774286536070820408600255563883189810898346714", "3203.5566723695966163044050191020495973328350285856807373237868065", "3204.4010935574917213835350983156762596676876215886644175204796958", "3205.8504355591021563482552386457339836382060687806632464781271301", "3206.5912176816566031811702531320506089453402015958877687341593823", "3206.9494705980455249208630526585114164150902321404011538041347945", "3208.2124275933153201213480009968452515784495652819850506360438220", "3208.6953034606594144229413086924693515900012384565726949396655630", "3209.1381201760832827144924124718403335080960462371866434806901946", "3210.1230315418592897303897021374274607543311363548844430908234861", "3210.6834332768304260719683368948422765107492416029583545978293228", "3211.8590427669057639100806289294937911203011808030666372391850593", "3212.5272941979337296229178366287045108183948864380193582898241825", "3213.6697917557283907054130561960130278167396412805815257878730187", "3214.1768800204714273438703998583614817283721159576445743119168468", "3215.3142846943325075597868025095825117888585534282684792410700793", "3215.9697302007126040710338340306159727591338116019370032166024876", "3216.4243278380220895395026510022564971120312834907661825463185242", "3217.5619523401386452372707597380943694100949768442684480856821703", "3218.5871780558104345714083554101844025224605877666612460913813819", "3219.0305128323441145029788467694798239981734437819398898268455099", "3219.5733168462366875036454655029867687398975346592575707935602430", "3220.4242849538428415050255484231495831543584563613362285766790250", "3221.2538077896740700277318615594553135647160432536384046550782171", "3221.9353665359035789879785263990118583261307086254505959122437191", "3223.2872330402622086232582929500306532713813601752498473997177164", "3224.3010135222765125010265495176949506220031695421717321230775033", "3224.7450354839611068030459014516065369106870286789696410148875359", "3225.7587158442505509564843653829191438211605634501753356031608016", "3226.1322178346795866104628246000716221210537201228758476073471774", "3226.8773314050331964661065179285504827707600772493809244839373080", "3227.6381756528820813474875461129747161722321395956791277792460097", "3228.8068823062378825556037049917053075194695851145405019004243943", "3229.2298400166289142360567511244163868380563885609365772759211258", "3230.1265908172534610089732978744603455417629534730461785363039686", "3231.0318666090018280888630519491784432749826072824061787952595273"]}