{"idx": 73, "tmin": 4285.329, "tmax": 4317.732, "dps": 80, "elapsed": 109.94314336776733, "n": 42, "zeros": ["4285.7635746598889102967478080429746521750871669006817171377250654", "4286.7511160708204647218234358308380491344414781229131612944326011", "4287.6202209928506777433224307301421337172873967179539643335398923", "4288.2770307172282341043927568486414760950435129067450036590880165", "4288.7173145805579331270267887125456086737959937291782893090974722", "4289.5466252990731563905545920935442960123925358746265147301069849", "4290.3863030875114362913413577432641498307558473202899066828168098", "4290.8787536931495885335352548551253503670073853598369436144649292", "4291.7517191694163392259954259731859580444180506309830802690081572", "4293.2361550128200047976012207713629157819967862086315770640491093", "4293.8818937877500205880675447058049683068519246978933495490868592", "4294.5534852583561907045472877212258571920206553017208311342712166", "4295.0466057786391728126941185458162515344656533988967726090173394", "4295.9971982765392678394539868191441883172016848995163024549569585", "4296.5086244930305816060651816076332619382734415884712037049620922", "4297.1921370251011726200081158348250276043964372618644560519335497", "4298.3812759778091508685910349502671902341453383291188146856099120", "4298.6291727928773808308811812029064143334852286039362797523445497", "4299.8245070895396046485585409779059424031402472539537577022337042", "4300.3764196178422106555505017126637370267024369721728629363043482", "4301.3157675744004498166206246067198277127978694007691641633508916", "4301.9217338842916210467429434214684319986620463599893651780859260", "4302.9925502985284352162504697758624613981451903246576319716884567", "4303.8438048333546486634519739695969562515644938974337700825299335", "4304.5306876970692380876609643379446635562347727093524691909191443", "4305.1095045937028345976932214744861978781327045496066998386249124", "4306.2886345114960489318322511307018148640627677878189277752585926", "4306.5320746805463407992986957263528671250558577129651570286052922", "4307.1627485242509868232126131458535760973836988233340861617771328", "4308.0033794518674347754688480373345034743360709780126577221640311", "4308.6690650549731867470384066826270413392773815504460494951898417", "4309.6714093164575954055346222139423154285457385888318165862786037", "4310.9923456520236723227304257100280238762382052841749628905136475", "4311.4848810788532908659407004153350540561927443716807231381158158", "4312.0816943468596499662152918086251830249850683772104401517645077", "4313.1460987341221315220363526529429400766701172745069386019296136", "4313.7707693950301345210310201649545397347608791169053942803382861", "4313.9994237383766978338433415455490460860278258429538443059547496", "4315.1545324534337477616873208310661466663538517479616909601034821", "4316.1171195522069589222488529228036129694559635881594582187451694", "4316.8284374557078644291018627503395087274000122404227518058094006", "4317.1894112155735505127426866016596009642871388859557740768852272"]}