{"idx": 23, "tmin": 2391.089, "tmax": 2442.394, "dps": 80, "elapsed": 35.67577147483826, "n": 62, "zeros": ["2391.4391316701153197895637126874754721694593547134799600431898406", "2392.6485777087628730687225126458408229291982377701203819003213918", "2392.9305852272063530623322665107614262042496366160996514020001173", "2394.0493818096479877918163960134936065735100986258740631518726314", "2395.0868547650586581772527167149565922754786652749053430371016780", "2395.6789961816294854463762899490343548457880981523559271864714076", "2396.2262552356176363982355810555738314160583822449660740749310236", "2397.1514229873556265183287333476228530552001726188393951598296606", "2398.4095660344110805558577053967811078523523289301461393337598211", "2399.1852984557390097854378915938891950610847715066875661951759997", "2400.1428110998795023931685428288334038102446103732426288404234802", "2401.0064244215868976894833507310314163546117435925074301226178324", "2401.7771956949105450791045279828937526042780083980804073906009268", "2402.1883645780011751346922233957237511473311914194101468047791003", "2403.1139421970468719275031423997050165867075685838187803929955100", "2403.7191408227785976190525105438722151425415531040087730924081581", "2404.6830346028427056513450492302905196095988283074001997353104311", "2405.7494528682964825923423220260192841306179845958776206881342582", "2406.4828325411463794184363363143483702648498128193750619563068176", "2407.7047891133770198135560599872691538170766076463840237793527518", "2408.5478625125027973511479029019455306079294421317508289725829000", "2408.8140941662608379011131634642838763930023041353848176903678825", "2409.9047382194481908291122163325411807813176088564052069120398434", "2410.6826840470873078803541749022796109843702303336267504793094072", "2411.9329827115370782381567960619910299135345386954883026101640184", "2412.2552880862839754940054909756940885751743510769902022309350369", "2412.9649755541950670915526932578614967543598996642653464360090336", "2413.8574858266574601293583431407462215196481202477182212185836946", "2414.8232540546182200239919894239270886924174508454554087665183302", "2415.1813802197344534148344333810145714667019288434821965218388509", "2416.9597504032145141287086658676048289772822179719669164786170806", "2417.6391849801426080411171085792660580628694822295774499285243670", "2418.4771275874426009836510705096194186506368278000842838240869572", "2419.0273440029478706373716449781292784368557496146601854675250664", "2419.8505472934649776777807309542477323998952128650582218756041707", "2420.5113928610983329954951668066848865918362985621580773597222176", "2421.3310071111128239054874555090899785888473090800880984672446630", "2422.2672006067929839669928427516523939910517274427551834333136780", "2422.9923633927712760789187056357948544816403599986666904205954494", "2423.9981844017812652978604408761061710887497984413494111670275420", "2425.0851501266919744714407581878684789310192662265861154413807364", "2425.4270478087749771326626000297156411967648250562942013824298807", "2426.6656852804737982987547104729843350447327512213412293316677870", "2427.4497076388519558992654791123149807015854354884535982958469088", "2428.2886991752043913183980028299099660354375295066396992767221065", "2429.0537115819909257209366511070462929300439222249439954360243081", "2429.9578728546975646341324745103153494063412874036831436537318842", "2430.7530377471366751921382573974917701347707238416310000860270253", "2430.9809885495835978354259424092022436575535354301410001266626813", "2432.2755257497957339906724635669597861917229435807917687547586382", "2432.5306610619529470184666679154725292066829007952603950424547399", "2434.2736122279085482795528388998343654336224183238763933757510030", "2435.2078998003266736140016218756130976879224038981755528521031614", "2435.6437634986836460875469566578518744915254782634469400049986489", "2436.6440474498626633480547576060861419806082975700347893501851596", "2437.4967065106754981632936263186524560394933379426884477735802619", "2437.8433243833857112249132111282169331821799045195443841206999335", "2438.6967298183035589119298611441342393466544312661273108466744520", "2439.9887006498613093530431777338737567321020572510444965912649325", "2440.4998453395189557779410599951492676986152561145298118101321736", "2441.4329618168051557164776727966354283451183146139342357515681257", "2441.8838726778443624210046658632123856974896814962677131577437190"]}