{"idx": 11, "tmin": 1652.115, "tmax": 1725.923, "dps": 80, "elapsed": 18.85935926437378, "n": 85, "zeros": ["1652.3805256707677777257458877470257549635711702273668775564710934", "1652.9381074324464471097488742201617703179617390683505172403515767", "1653.8257186124721349843814796130752128307252351442340754703891361", "1655.0122399548839933196822867109952506681757357214876987012283735", "1656.2871662208136925864810788166402320202527363402255682895541888", "1656.9755028486647259708269283394820606392852108412300117982216109", "1657.6362832900969780482995707410339094442041274468601059053063132", "1658.7580039332345878388296039295156075868994969527882491372663582", "1659.1238325070064511839814138377305930004150924558590050083583406", "1660.0530794883749522353784369095764462472815838695115695806641537", "1660.6910797380528099915696418634636639445031317813015236924367618", "1661.9300586178745694460207760998681496681352888012004371638448846", "1663.0419842059217839370315543461080683043116429307094653125109169", "1663.5777585641956411446342582054192341533101887441831492132770277", "1665.1069844403303646005180216228249564681308227551730111397404908", "1665.4485322147331560151905717635102814331798963395928906559030587", "1666.1437740117410113911552502607931484479393997268980449923681834", "1667.4534576686917572826919053607675593379566046007168149922065170", "1668.1182869767769799664297540138235398939607119374238231477643212", "1669.1402779390922875251452240935364312350589649071349140881253495", "1669.6722616021853217124993604619826392738846976441808410810736851", "1670.4502100973348454303250253672628429468212788516328113179519112", "1671.1783606537808543978194623926463811909098934423492546780397240", "1672.4645435174316732195912942239719549677646770919244636175086559", "1673.5721758899730013111419244262826080047945251962197166019657429", "1674.5689803927246805887374856723082707033921790432645172528557103", "1675.5052189020738211624294090594138770481139290175351228545607675", "1675.8380890666326336415813116859145358413373083903428427396064884", "1676.6181437328887724819348493885992827592735533865298578353500405", "1677.5905468578280639735172983269893399615139186370901962258334970", "1678.5357724364758773335594365646173055683900619175426488679507678", "1679.2239750321121453579450830557712609967030781765474245348654660", "1680.4397927007516063259099380365454560213586579815306421382113875", "1680.9440153031962631377156275582739362283636657360222175107656496", "1682.3843498310016750134320355763274134236856190612724413485000919", "1682.8359315155277388193083441611822252980378554440656800070306636", "1683.8123774328775744854582740895329342428956480349609774895870325", "1685.1139192423831408294161084989160295149625270121987559308511756", "1685.6955799506893682634832215862665263269639987318116474004895062", "1686.2777705414315476104263346124275981579161781629871592358368729", "1687.3675168409344991509483534291771088541384211830328901029351782", "1687.9177519280084610571366226195752116730120668359597998642153330", "1688.7536038917114829736843974645758223266288449337871048014659652", "1689.4889864748361545427803229819921730928397750678644361582559291", "1691.3215966893869862768812105576151824958552200138636321388026061", "1691.8098544675531982453821931666717161984955255179370415141711830", "1692.7928797975701025492706443076297469299990535470403348639847782", "1693.3583749479952776331541701066980802219456646963076923440344963", "1694.3698384185722409903606863912646964501454038514219509590207778", "1694.9782227419366210086287744816149186130870976649997473901619201", "1695.8960305629442302966845773161230654096356415911274489868788113", "1697.1312447957570987379857705047305765536243448494008314861161036", "1697.5002563981393821164326356175890594899066810553112425104359861", "1698.6224184969827006316997455516692413113264470868916481655295766", "1699.1535858912902365407284838152453664757244258917083675150480052", "1700.4593356126123835352245536309967156501226746867640827181674229", "1701.5634938546666013224685113196705448893975061676778808889567132", "1702.2930249585648157040988612809738832648770327768709292157746604", "1703.1587797970378950388725281960362970157820941325900134521984830", "1704.0480915933943480495941578101495110636952966590291817997400429", "1704.7920319149949034083569353633559213825178220003952324866128038", "1705.1798868196319447826830449057228204956047498646261652248825601", "1706.1401445611587538159125429354905109060615740503315227649487592", "1707.3207411990547399578963978565686506145007114694513594544366763", "1708.0803729613464867627973132461886222990935480860575952175053675", "1709.4598952974764926278609428850749833411604019219651225297915493", "1710.1223468649824999817964058886113834824725684563125864432707078", "1710.8610704117800994285712363240081702573259669656316065483625666", "1711.9721258796553123879617933735629854990453517755200477189708464", "1712.1807914384241165659067960828660808853490319643829569485144397", "1713.7004576738558169430537330658180068636491964996439414410797694", "1714.4962687881110502335957377473596045039555063028517658492399552", "1714.9905749986877847541965635479733342720734401968318573970007735", "1715.6976051705632757846123041796796236808560956358574162102586734", "1716.9057367709945712308024402472191617700628245007576456652792500", "1717.4323247799288478316539950418414575520662680312050848417629692", "1718.9401336837336454602520286295228158534510719689327243475254913", "1719.9337953840975992784065139998000190814599539946490213684322532", "1720.7438285367821820130322259318792124738633512567066472881714538", "1721.2267540855805009798489436222662269131210375377819237494570555", "1722.0596396120224052711523632268913459445984920322711528989796630", "1722.9850010633355073641086246983555498561805289824560507794095693", "1723.5059637800315714162296862639724087021216401411677774509949098", "1724.8702739074789545781466963881464385507305590233971281537624890", "1725.2965760422067464680496675448729336243096408461057077146415074"]}