{"idx": 6, "tmin": 1220.072, "tmax": 1317.732, "dps": 80, "elapsed": 12.950372695922852, "n": 108, "zeros": ["1220.1200967369362893865057357222623712866854406784222057855865647", "1221.4568483340247394387463423535734388054100139247261182375025980", "1222.4014911900987582450010332281282428888645746688023689247405510", "1223.0492500401670028968460388517828072617229181421109354698027349", "1224.0475158725027236860564092147669858564974687753402314461516319", "1224.5166327335694307873246336544823442630392216846926959194998617", "1225.3599314514777080439373866143143802911481635292651377758685659", "1226.4809466958050205102770926195161309338794547484572911038613439", "1227.4131120832059115705668701228577495200292297000235438940214455", "1228.6172410480326843956451032903831707432678227102648667643299427", "1229.9027822705989039307032596739608647846521864535371608222286921", "1230.2541024402967913316912236971425206282627767455782114670784958", "1230.9623432404932075968983457679406339250509069118943597758406990", "1232.3281796250636769362698638428705717659075085828810778666456172", "1232.9718388844260170873199568294741468671655566248189458369407139", "1234.1235361585781982916759363008092779151131160045871391917333067", "1234.5856353708636609970620340010918668953631419714668986473729099", "1235.6587033687759738118223050585185560824498720366847752527432198", "1236.3041457517327575398446152565787884355335403157149283962038382", "1237.4142324623148321325544323848419355575221499065802223363320076", "1238.9278019453218037636360466871829284314744275891710947318640957", "1239.8221596214579456745579648937214783602478097155968270655608146", "1240.3631499842637312967883629902305936426477710709660848787821613", "1241.2217385920755975087357720328290532260229291686443221026615855", "1242.0970765857998446643727989032269534044698373772595488475881237", "1242.8364863219122215450355909407212127918937377780747276289464994", "1243.6809227119975063734272057242334019568395503205789065788944740", "1244.7839379408269768487170215948517799763313984892830966098090212", "1245.8967089252792290873244158453164318017955773074478770296178094", "1246.6692911455792477508187742198888504079106338048564007296271569", "1247.6719988141042376229684758522298982245471308620726334638376804", "1248.7477578965753153609194709403425203870571681664150042871750194", "1249.3295485855742610845620138508858805239163307038708225138680583", "1250.5902201556396101603264805195933595898684429290461261583936959", "1251.3147835916364561080655291731042394537481536871290719129075230", "1252.1251098970815541659778524855129992278769748446391184639403475", "1252.9330468925589969787966499877569851009754908656656757566787745", "1253.5536257938591474369857351928421099052115010034754154769311542", "1254.4888297646605752377451984295589437760647186172661839031057177", "1256.3306105156036598080374382302334644772207440344204151362620112", "1256.7270676935827991380954720822591822019248957869429544181014246", "1258.0026528601387654985518148878770762397020013086971477142336259", "1258.5660518982799763526199130022142072942011962656914107031044310", "1259.6198732256985988496284176592381794277843546202603363405850179", "1259.7470220764520402275944372214170245670840956657102908234425770", "1261.4252327681265550360493445146911691587750081564458045986017366", "1262.0924217959517350854361259834372414194224085416089147514838772", "1262.8538844949310303959507299337763606884218401516415659973146326", "1263.9254787020640407151079557907241970936825860242758992820018571", "1264.7555670395354576806651437028612714781340734785587678314165638", "1266.1312961602512345405404347064610603367139999405851685904024626", "1266.5713844575617059766047478606562839381541458875293389263116812", "1268.0555061771495228079017489979458977282487290144118705940216864", "1268.7529910877059758922848243559199332601349585119290276886288889", "1269.2638674656025200316969915866374599428575288388595459118817767", "1270.1534749963994757718214741380119451810624645502937611759035103", "1271.0258052199357339223739046420863143869067437300700462401849733", "1271.8336658633686915256524334976251776213250230945198799679537924", "1272.8720425627845270724169782620474689834944229945984720922627456", "1274.4524372963879833078174288959815087506571131542648684154626840", "1275.0959655408450862177484687150693292420626768437849951218232223", "1275.8115299045042914935413530392478818049657089109390203553931695", "1276.6953938172612321296589697508470255078618433004841379630266654", "1277.4941847482826723647838791153801859435350318961939991352856149", "1278.6110023917999987119088179894736958863440232315382637965346866", "1279.4176910012096802320930893486134614748240231873029075352411953", "1280.1728866599259211043652154178064090091097119614373929250555422", "1281.2158550679607369559024007158628808849959472726079959844729504", "1281.7383564726280145128880953375635547531706387108638688180143018", "1282.9116808725513470522482157315186373559594831919803282898549162", "1284.3128017351990499035781306743290571817765152382610414689333480", "1285.2382163200804774249678453287463208191266892717172925615995655", "1285.8957780167286590279233508592783678934086751265193176708662285", "1286.5802977426065287566593336707928794225262882872998976992935756", "1287.7834882312181843088327493149147530126366160455134544993178604", "1288.1509989499593769862822934045544202038995013769029852309749776", "1288.9025551193365350479561114731120084662920847384279867047360927", "1290.4297180623142881294504678863806619803195579701425331242957435", "1291.0432976811096588593918701964517903084231290017389594878021326", "1292.3583189882522935453956302178169390673700087069028427622670014", "1293.0896656557469921350528951408243575669858560407437998865206540", "1294.0179885671004801478892387841412352961801827350688945337300091", "1294.7984286479931895127959667505201511953212011569640370025797852", "1295.8560464412930512402447508762210114379327447219961842118390983", "1296.6488301467644776829398504501827668259730626679624258142329511", "1297.8048323576063505968932801512890626203292570544896319113230565", "1298.1956745626968684444891236301025919995174378720254771302533656", "1298.8312088808548333883436390244913764668236778043521833589686380", "1300.0447645038443614451619732568581407269001038513999265522676858", "1301.2786562393296986298167968889102097197989037123673109547952679", "1302.4014679087045272972702587502347553238451191419871968064420217", "1303.4056630213631980427395422840313373788826125799443919806318782", "1303.8670610384407920813318604156620889348874060458780753314225299", "1304.7820661512019742444042460035329074076014064765567098986199149", "1305.4349391515799087969834029333317808518731965881939088789198101", "1306.4259656054494618968170034210139109495949646943999249313249335", "1307.4791953047599425781148993406433769125023983210966129500313396", "1308.4415548456846756391493296014370674733344526588544993521031440", "1308.9312788285599026765701463875141145782787828909796083999397758", "1310.6910707138142941282458721347939495726063665020155291931417036", "1310.8505359949772452122971202588815874518927089199213175579908772", "1312.0417004263410793304104783607619896846996234983654501637647851", "1313.3013293310810415573506704333809083551815827147041571433066744", "1313.9328887475164110022786527267497739878988940252663888299634669", "1314.8412217686711474499161189536152534668035298190037855798697006", "1315.3296287930181632835174924106805988926778216116412170994752014", "1316.5080703384955826995501041500719952677682067225156363342266985", "1316.9887767752227612935070916768337131000308541799211428815289382"]}