{"idx": 49, "tmin": 3490.999, "tmax": 3526.553, "dps": 80, "elapsed": 116.18536686897278, "n": 45, "zeros": ["3491.0289077247217791506929618307631323524867504732159774924299928", "3492.2529963423542061073136434023974117169069494466208938332416611", "3492.9743844610744875546232491734416366817139733990709417179802536", "3493.7487727377581133326396424366562105056220431249594743860278006", "3494.4478925520355523440416444963968274521003663041576959030805232", "3495.5404743107097365049761128102608396352772993859683378261253620", "3496.2703397427069597141051412487971600352938684582124419225674077", "3497.0230803581904558069265484360893084344929012245360500027675922", "3497.8229787738477555257631536024820642286959288437855347015280209", "3498.8002148138901706002663727792242092182381041658893405801261343", "3499.4610635781042863082990591571702840171583012258490808589345050", "3499.9873457756391687904269291330692408943914692134609176424904406", "3500.7787724107205740814891752550623337759260183461475633109621326", "3501.2877299666538054101277456510730373107047806186889325621615353", "3502.2983209755588839718187817686526000231058497355492018701262062", "3503.2161842291021651474296305410259039315699291519106850017726092", "3504.5130492606895111539630467408481279823071964271725335014652790", "3505.0386548292328653888981853582528169566237562949624319210338322", "3505.8561377279427073063396795934454685636522165753389100532280339", "3506.7352563574268895021247931818601480458301388444140847362224581", "3506.9692287929021887985149143404657527422949743177495566810792735", "3507.8818452809878201633030383514178497181838200825589168943705844", "3508.8329283824654450598765078498920107108060229750595128938975514", "3509.8664578372417579050967468662101568360299732535154918227712825", "3510.2391462581839243638535053116733455550978577132628180110465649", "3510.9273103259239986339376131966474568656555363878419081661164806", "3511.9464086040640794436700346429487322731819884440469587321744029", "3512.9177357170630599627166499017867877509567259483459399445119226", "3513.3130683259407341704767961133279383715097350583851926274075930", "3514.8380402873751469993639338347638699413129550064922595754632572", "3515.3132061062519972375914829092355429309450394757854974416393688", "3516.1878828457665739607570946907459168523170928914394308731099409", "3516.7900037509492317990951167509729569728167284494901189331085446", "3517.5968974347087722328240196416021951042936900497185527450457137", "3518.0151474819076568090082608023126224726225199518176049045342856", "3518.9650749645541006498183233032057428587708898860928748676143336", "3519.7645269831425625908456774144535949235893681765855722786853288", "3520.3688946821452764426227314143064446307860072721321812142094430", "3521.8124807783414740984033412545860373541296894708093580174180784", "3522.5466510536310821588103984379899681220660213808972931774629086", "3523.2563959424286814745821752103690047338298539493249050825789412", "3523.7494893670887923996527900168921314258475311272651084615102758", "3524.8556744596460703687625716355194876895137066644579069416124603", "3525.3581677655156438284250711720130804449021920105074154721547413", "3526.3693392035595564921384353398247905287378111340582711277474919"]}