{"idx": 48, "tmin": 3454.995, "tmax": 3490.999, "dps": 80, "elapsed": 118.56563091278076, "n": 45, "zeros": ["3455.4193157887646270882217148880029633468382693436135272544930686", "3456.1582732898207758680815212077777368939381689720748971944482519", "3457.2027359462169640432254789310666522496524671066199680550666060", "3458.2358168166782940668860680101053140655379466185531375282186360", "3459.1939744188111596822909648970621484925974938824579346300991530", "3459.8536939800259130850086575302194013303670756522079422131422015", "3460.8004162298066564543313410503181008269997233726512693141478656", "3461.1199535589210684802059151974924954489984330496917789325698513", "3462.0560388654112260652141572687213100256495147277338961668459925", "3462.6725637068001581653738457618731763998630997680753790119237503", "3463.9386486071979167847676976066095332771453694203309890444111510", "3464.4670990742399809835233239454386696487082802771778090521564824", "3464.9775003763242699740626080838970562156286960454943107659413996", "3466.0468822096399800634622781256984347639966677419701621093488797", "3466.3979560389162227971046837382960525236547270430681978187207561", "3467.8302491005741376743000394718288214505424713473848786531586562", "3468.3779130106792052628631232737674401786910286811722808517985600", "3469.4628690280422898584462044228229269856712596605416911485678797", "3470.6169150367246266168868657922387677676021194840725335057042071", "3470.7879963621788132901193896285394276955158330153931042971088442", "3471.3993312826045005619166312014302223248531588334950542367339293", "3472.3150647288537878532434408641418605474167139699845783308201577", "3473.2191873227560702319157750358209276759531362671276989407388438", "3473.4702547608165293762279207905993433171516121715677532252548083", "3474.7485099218411833266420697579341387854011238509412321371674788", "3475.4132999259599794609138000700321326385628767003150602764852873", "3476.5336344674752167773031413600922680968944595798360892841106364", "3477.4199353914312927506878021479959226901616054423689546187667361", "3477.9757415153782898453018677216685761730477385100786521560489155", "3478.7380622214779445833358439723656352579397546314889854825949030", "3479.4095048205760229888882245657199939999342442377128012623362580", "3480.6628320563706753797167072354128533414919664086298642330863716", "3481.1664105923985141963448103689526833030208441310765285561436568", "3481.6801573919614584070174230360872302529529362642275636253907934", "3482.8108269048258938484118801479876263788164554566121995500164975", "3483.3724292075402789634409270713948111750515940836223108196884517", "3483.9124690183752631437825613146498536804126196980661364220057448", "3484.6516645221361233399537269762834718193870550682922854656577572", "3486.2794286517193697629919579062841077141277545671747963606990645", "3486.7918440648676546115993348668966753522961583107944349833080074", "3487.9342921807354686470843270201556160095417703550895505616713467", "3488.2199166225573326194622243515059936834657129365433523895150542", "3489.0021374692004276397593172212652078352186876118372883386663139", "3489.8574929448477530015603401374954638010285363928751072057566575", "3490.5309935678400842453503804779114540869190946290052463647796831"]}