{"idx": 34, "tmin": 2907.741, "tmax": 2950.045, "dps": 80, "elapsed": 136.98225927352905, "n": 52, "zeros": ["2908.0063415635248740460606311708660543816817453764356118936166871", "2909.3575080712249303412184199172839753827567680824899075718495250", "2909.7384374144563619104374767646152391823576053581577763939842646", "2910.1899641674760183070309067527700734677374896554178435085207896", "2911.3767025254684050298632879065507797649280785074179251731452070", "2911.9988147279542780360625650164328521471587761607165285446909907", "2912.4350714843476003074142926826630052392299614455747189222570291", "2913.3703265950458415461002190551503600143899925135620637613927334", "2914.9457869405228573596540623600361782451677569374939555682647377", "2915.7132394473526691324243403253318788961854186259263065983943715", "2916.1557690729021370974634677928326859926417947257222552024556539", "2917.1589522534835600075898849495102019497722611900885568922560900", "2917.9044754021482702013296172383769103299184599884585470200069587", "2918.2825002596842468626251053383951087473118260611569605237757385", "2919.4069265509242936706857696446166836927233691723546635661208924", "2920.1115504793791365894846913685840356793206595017151582389674037", "2921.0531021921469248429389025750807058862630163365489105775803469", "2921.7464606963474088488264507726054645665474784007811158615100106", "2922.6335045745803055636792749751705117141696927576754703000718466", "2923.0271071445917333530480170631958410389146055672795752689221823", "2924.6103118599246646653455126970541867695802067562141944751947085", "2925.0973521088059970368431069823210055306345776603078294636512813", "2926.0823232707454409563494193978179260076255311296887503860488921", "2926.9119123115531275986228096057007281392576766259919688972879304", "2927.6934773000307480674864827372883175187657815834476855040986787", "2928.2753452891177000810221453477141233372867543353753270173055356", "2928.9359649917579898100600717095194908195511964068031030967364589", "2929.6280374841266497042924353779161809959534777185072591461297829", "2930.4476991307817972895080733203217141252661042273044486778900746", "2931.5559822368306080259688808489228041646562063898552997130236173", "2932.3796315883051836013270932076905364260501525172980602114459519", "2933.5336918240057616734650504813543923066708568050197450341234847", "2934.1173251536986226821673067785841821605614094377496994421377684", "2934.9188921272139148781950786670090606133535267297658617417935830", "2935.5638473344805978376845269261238501675993266001983411455898979", "2936.2189625198881316058106080018215130658698378690944319687962875", "2937.4898568100978969248301173454657261703538615327884234368617127", "2938.0343896719294314659410906017103301288501668550198185639681093", "2938.8820340663816042528820992829534095149428822548210758424300129", "2939.3443281550401838586490450866426290667649053268227410306508388", "2940.2250570337599660434246854968754625706776171281471521080483421", "2941.2182827508568590593578948882293061716344824932170863062655870", "2941.9201731146841014491279009637937036099306086542666047815898005", "2943.3536823615285491112772577675309967870355003623409114711280082", "2944.0266824581596369219950092816975814649803625838925835679893159", "2944.6578139102503040445405197769761499997475087062957655564314039", "2945.3409533606060261647936424357946320253144885336598344912939339", "2945.9968114836593982639815345472340019983365442200362022157100815", "2946.9492663157924593434798942571447374664236808694342018362833797", "2947.3798597890152783389711018512896076176764469052688176452492479", "2948.4783720239221894408176318189114299422483057707802742338403493", "2949.3219105965979192951873631050139926733335138570479119154650241"]}