{"idx": 72, "tmin": 4252.925, "tmax": 4285.329, "dps": 80, "elapsed": 109.08643579483032, "n": 42, "zeros": ["4253.2936691663804598531418704068783140841793633752150736284649735", "4254.1586250348672068245114287482078339701810408135776339956480183", "4254.7138695365969987258324343849167066510271083133893187697732668", "4255.6967369130783822595267864904862643797542650581948357630622712", "4256.3545834117223618920233982597862570711437435826467281502701160", "4257.3248531246867520366688780663585660551779965035342571206937491", "4258.3358821039533553990964572530802069220984451077475266297557733", "4258.9867444485561626906948923739128824732432883122094947430518336", "4259.8442274958547829481193102070245055154197932099494478533269126", "4260.1498421214996131928263651932865391995410789640128232922900902", "4261.1122283139820220943843524563177777849515421814643115456769730", "4261.9406919525005659969884634854155455974542794001391507901899313", "4262.3162768420954689321649044924905090051007919482491806252712634", "4262.8764332372731769410598596519730106469038139300678406231156258", "4264.6224496229101591726031209596259352553966532774962678813031418", "4264.7481121681446612773299039532980298200505267706252871173902017", "4266.1836030463858200312113250921655761596323188430903064235485266", "4266.5578315297664230620949650534609586667435400213243606190304662", "4267.4001292132210384471425865293211335289666461795620510362342824", "4268.0322066708883618959284024023080024768714369795812546890301905", "4268.8153425874674246471649038052566060738992462446447923661222598", "4269.6167243050763968586764191398641314684931796594539571345668803", "4270.3733959868601310300725034542340920314633396615360095864829032", "4271.3921028465183733123301527319929260300883092525173071109235203", "4271.7410625186836201527771807292333613097497694028571635657195444", "4272.4713845936438233647428042092010670670599915373661567848796724", "4273.0720596332082970729544163265746102555525313535950534733900194", "4274.3262505148805943424912831543723718242290250631354170075500938", "4275.2529826132375200101032716364520379823307440517892623801661876", "4275.8974089576355096645886147926280974475232275037765837575960731", "4277.0412962433526375560862442689314455539557591531820468455469692", "4277.4029097576724801237922014021435975982417691039393464317996812", "4278.1843783088100421281228989148249504871162965653367628599778900", "4278.6196541065094387311597988437844706727674600174103485311334990", "4279.6345811265692062756177348374947345701669872363046651542297492", "4280.0561676326720898226146509028350277136524950980893381818094109", "4281.1778590289050309020648050359790710486659234334702435106391354", "4282.0320179145934021642130539296521260407798819255192801280411869", "4282.5153495351568447649518211243661379133549319363122489786734680", "4283.8433748908681057882128775471245812576511340338207892096072784", "4284.4412660414238393702157842951791934610124168169183385156482860", "4285.0341187586796844441019262245408397196266187344808149449522153"]}