{"idx": 54, "tmin": 3665.167, "tmax": 3698.92, "dps": 80, "elapsed": 111.24073123931885, "n": 42, "zeros": ["3665.5944456668603114494376272270634542667897392182378437499380390", "3667.0038514808124359628745161291964381323090124084389108916863332", "3667.4545151095412501901700050387913397018933064088352132316695706", "3668.3951023373712688627691452808830821477752690654137380240970429", "3669.4866581324335914797460619211836208494548552061923091090513469", "3669.9903562096617494071266130138066353902938504757896233590087494", "3670.9852531755848377860450625882304252076062969032317175015185492", "3671.5004439009258472092533641578794898394999757500745112367733486", "3672.0686305883270116066649632828966050749308604126511214054251339", "3672.8399079583112676641770879238610014066224336194559920066643680", "3673.5549895851587795925840198222034247827663530590576812675575918", "3674.6210542345134968364311893060266175902166139139585512109492355", "3675.1891713205930567367262087800981030398594618396660173647660851", "3676.8241148976875463017761031556549811271169626160383095231816721", "3677.1036548405805351858311824740649122400554097109836775704106236", "3677.8455200240380627388444462226759570841184403337604803861309865", "3678.5709549376668571545360501044496346999752619375277952797296636", "3679.2863193172177758382802489601715503980245399722483614230800986", "3680.2038762664517968432865079190064587181812466667181227636317423", "3680.9934952080464603469878994948196128848435444504004578584432080", "3681.7982778822281224787311849880962234952599659609569282610345597", "3682.3067876652661591914944191858558267098928177776086382461851783", "3683.2670593696315875016645898386350517196426283640743399883720386", "3683.8509348170328571571243441971416955921463622348675885655656549", "3684.6091985641783751187673331291319324965822478469270268883125683", "3685.8215358056107496541724996271793703675298906357355333767628263", "3686.8133712651983925475076485741539542497687669084091142937604908", "3687.5690641781388605784991028232707013201044122936375370200284999", "3688.0936410976211040563456814107554499258323542506941392891975821", "3688.7759981352820696998794788802855883244578671477055241832913431", "3689.5843051931230423030771218597430909533268547637768551499952629", "3690.3673215119163537415712061149456635460904505295878329357523343", "3690.7920287358065569048732340467965281356268309737638351365459614", "3691.6960674195360934204318650139343431601689445538409344057183345", "3692.8881962942372091943135089057158930228841411275944706593620515", "3693.4924487182769916788266735751623393323011625679728530129150059", "3694.4705174203336430820468245733238075161934580653362006335503673", "3695.1543155888188631780405832929508345528405581250894364357409776", "3696.0557082753492241719231311639861551915025354748002327345161521", "3696.7313014043784688214324159772672019814976905334277103947467220", "3697.3600963451542307008155837056057613495511903726616500363556607", "3698.5340882531237637671372036666932157445858543330463651784596624"]}