{"idx": 56, "tmin": 3732.673, "tmax": 3765.977, "dps": 80, "elapsed": 111.54274082183838, "n": 43, "zeros": ["3733.0312563841751504379991195623773918853237995138464079882833709", "3733.5587236254824613313803826709883779028425441247308463758719632", "3734.6169245928723881726880894599460976807252800134008383395737437", "3735.3195186676511122540829164776724089329122743082607821635895173", "3735.5881957314885178620159983482051864643234263899679008519299171", "3736.4619210290551581782599498439493325508181173726423505613276881", "3737.3813023365688278423199214003595405056609434816790560912455096", "3738.3732139360066894903730656791529107857750026371243528797565222", "3739.1928434531887175511637124210532759442702157391239573575975978", "3740.1659779393275069189631916778115204098605852036905721300611794", "3740.8058722004850945904088245284698098139022379924200534142512815", "3741.5556698511942870455352446926422582647457418551239328777116560", "3742.2760236928797669162610567600838638463151354941816661549620622", "3743.0768686122122390185934847141569189420483972854310207636746373", "3743.7906260778109630732242057061583922775052832496913358685657461", "3744.8998468757373037933992992691064069894851050309736734329555755", "3745.5204936055295110804930506788046702447421732668758493706200863", "3745.8326370064749631218559947217681925424728064677804425129645319", "3746.5919059698924675229004531747221728356240948293071724096321255", "3747.7458701552600721953551296655938992719125840995018809785194699", "3748.3806677325715797700201606949908434003133911215952973309986785", "3749.7451623725287924824762958406253297363341647371904238455832513", "3750.3894344095562924751158771067698272984805898125117222363472040", "3751.1127037521541139374418391290760215048768982475878465607609028", "3751.8765261708728524296395214131333391320501208678431696089334161", "3752.3330329272124098619455388620119083657599086636826035003521653", "3753.1885794105022769512125333220570734868894355964512631257000477", "3753.6998905054420988812572277474120799416139103390593251418039038", "3755.0641860320486797716741101187749627512026315747228321202570769", "3755.3010589687660330679991207136831894891759339896867525380828828", "3756.3881848545587652865886436009019958816285107812395907760055396", "3757.1345648997733062198363608120041975831335411086965824775825980", "3758.2539075873537534643647737410345019073883966185599026112648361", "3758.8743634836184878583092065658987170089460759990569513120990631", "3759.2916335805955780404087339056681954407657659798227107973739141", "3760.6910462613648089666171967047033870777094372996343912366076325", "3761.2677165326781714037244014330310227999847692192839219012640182", "3761.9744834344512760581702414209360502677958025466342968881358289", "3762.6184509007842406727221322958814241085307824302536009011434953", "3763.4649975551034412599842370766932078737615564576631163207188120", "3763.9412403545155193721641832739846486582939518446274757358085333", "3765.0381974069281725881754168845111817268046260836776437071089560", "3765.2032133790660657662006843167235802227214099033688493571401664"]}