{"idx": 7, "tmin": 1317.732, "tmax": 1408.641, "dps": 80, "elapsed": 13.634521722793579, "n": 102, "zeros": ["1318.0165755186378473112732803418382936732462852543467780723066369", "1319.7846401592432729743554407360766435564964374398403379184496945", "1320.3017748403780765650177361279985577410122908127104983141281891", "1321.2293037933442466316006028163532809217089559998984663602102482", "1321.9994951624461278500152499401626080172687036098732728203394082", "1322.6641742827740194826288218648811328324849804131758477645683526", "1323.8458020990883268901093863872469983241575068191164713115497020", "1324.5101397648481907771158250588721011275108482543245750846240751", "1325.5944307009327833547822542184802570692404668690313323808079797", "1326.3731040345937380827418555213982534931691622452259403327278891", "1327.1613735841419663731981237167682835968877745539814220635832225", "1328.0217136443048073368002116891593670795300252135054461031804303", "1329.4538432207462264775803290161704307441446216424972762929943309", "1330.4629497275450159641704651523139875387826014013686972655902642", "1330.9513551097158477935301215401151500976736936655718209414229811", "1332.2188580945634116376789403537649915844344815738116400583937301", "1332.8068323596243689429210035591923278916642192055503369090107770", "1333.2555126631865444169208261629806248462138232694586610476716428", "1334.5112776346986787644779251992766847833573020196674769265710573", "1335.0031687925994135170437144265111719206886634806225181774253116", "1336.5771918329739044946259407569664177767213651875177060643952812", "1337.3791071640701882753359079320455069617220671941204451308316438", "1338.3409880303373772446610587353188130448573120499009100037906922", "1339.3634427136278977887172060923910175464046562356144611062530771", "1339.9488180270850093103010812435161094744838164417069017877068362", "1340.6963453472350559818884132180735687208846893744577983549551439", "1342.0554736432040071206641063700585261966263840108626591678962562", "1342.8471757826642204855986594221302258770175486497090771592837483", "1343.3361409584399808894744366111826994346220359948308650749579865", "1344.2692217465873559114404361952022398673703452485164631815591674", "1345.0939701349319280021815036964934316056810915455243285069678898", "1346.1834853104888320354338837847133254997679246770901167223313301", "1347.5923428212358696984079222681563149788415332875318622459238589", "1348.3627992934424878832917823251205783968015691627597363810557256", "1349.2829414312100745895092542630051301844285436721352438637452789", "1349.9787469740109862836004926733862763412739755558047383270680047", "1350.5280637027894135734817363198954863547176109907356971128622301", "1351.4976209100795585440150120017174966492396011729487772929028043", "1352.5389138044120654839256733592435754879995059025255789499203877", "1353.3450169244754244520100889833340725108596422536849394188258025", "1354.3000501199912605451806802409211577715578257694792284835937327", "1355.4456636243505744293299585225046226872920925803378391495399055", "1356.4247251080523199375189280812487642303814609787181060730511113", "1356.9112344777033717842859603460835716430482188749622245711815103", "1358.1707014167832375805338020479706424355851680073153986990737785", "1359.2689298287040473333588926432361004532252960549459187741458629", "1359.6800501404001261593058612982049101707319135892439894827147825", "1360.7496619416678538959352728550051463242353135683316633688972606", "1361.4340687433986140110235284472412200382340362395340794738472577", "1362.2999222008003701915766691686061856873714700528723113222033296", "1362.8488256025630114017638505325566709951904298982017750573748670", "1364.4078237646148791724307571145204919019861084724313407660884760", "1365.6962585525775532678486186287245573984776677604382068132528271", "1366.4099654374839243768610919207950267140691825119488484725086720", "1366.8436767977188132775191083605897650040569381059308462010068937", "1367.9557817420861877016193276453792906676959074652983805304243494", "1368.8538795043296544525746128927462190997358126411729858852921152", "1369.2900158859499521927930024119862017513794515992342968623530452", "1370.6677360192869413956517518256198062292138190201035248858815567", "1371.5153980763881408093831413499532456926700106308458282401835794", "1372.1694986462353691585888128055494885823848763225713975041603096", "1373.0380060983454743732606221775794769686768600860944968462871937", "1374.4480692351601573590902254610781932838497313716256062838830853", "1375.0280766729982168296562269952352326950775712746647482922277139", "1376.4195011020358435390692049830782066087999099666175502878556560", "1376.9074999012063541594298685348135908569512937191954544797498703", "1377.8698872525679763861045619950020826367253118961182703146331911", "1378.6580573053398157476230608667771263199575559416914258938904558", "1379.3973198109880993363242233705815098359361607626658100744455404", "1379.8453165820157075948485853319800856491659674682054140924044760", "1381.4107071679715104380560130437975158583133941767076128078559625", "1382.2036726320575882663595013376127559394596559923303304633553352", "1383.5228874770597351616565832155560632258494903821848426433225718", "1384.2897084776586977295921435186216417966920787619605920497581488", "1384.9751122329236609393257376246338408972123729074999823535446425", "1385.7273948339981339726638035198051650330568078724482349484883034", "1386.6412596524293427242354488954364565452224406659361136364637874", "1387.9440340833493819535803435922976874850079236288148475612264677", "1388.4082037068556438132006799652745939869073888129027173544176772", "1389.2428467668384681555300629357829174045464242372522290833474877", "1390.1177596180238482088319176067218388061012376214576566398696922", "1390.9655099442189783546888419051244852728588530618249815783165350", "1392.2026862802189688420498985539861829196916522987979073298936908", "1393.2795573677847662395276973840606312577034971838294683231496833", "1394.3861423787956880161278432768987193044887707743542637852728013", "1394.9500290613264619834657090651881577779488381249568650788842063", "1395.5010408747487449751368735981962524803752982363012642532296857", "1396.6034884452744752655737568491057841917739251442234021721548691", "1397.1408340422675975025136852226916675129615205643196429441772093", "1398.3490932171204578952907932841476709341509785235709602847341021", "1398.9575672783676125998867612391821523790088552740401769040101317", "1400.4487449249958197515940131555174331825343043668849459227729642", "1401.1861172693414536721611082658370072703367159365808111701949100", "1401.9953235121457104468684020826453084107643468741006176792045587", "1402.9600805672825683840192781438805952305089588910867125789538095", "1403.7861708159344393497562816996990563225580940517105574804208918", "1404.8257653441410893087264728205089111391278153420724037051299222", "1405.6922649696259018414083114679584972876362582374044853704555706", "1406.2875454985224669186584437398660543638754242535410369128899552", "1407.2189247976534958041393148167045133614766224919495007558411547", "1408.1158956223534561984047995999430492497542962277913838755219926", "1408.4922282877584031116186533898832361209737393060712065719902152"]}