{"idx": 35, "tmin": 2950.045, "tmax": 2991.899, "dps": 80, "elapsed": 135.0663902759552, "n": 52, "zeros": ["2950.0884220957832737894471419490406686330829508494464864427426992", "2951.4597375139005349312647220272535037064977872945764316112531694", "2951.7135936548406061703970344822644019425182401674487233200560508", "2952.4571366874467642332022956404593205612433052731753718638509573", "2953.6909176410501747707938504837467812191533468123453953328770703", "2954.3944352656736034975551807672280023438723377573479534914286512", "2954.9323683409108111962485592418836708242414674875680659888386917", "2956.0453364144640628426494513929740334663737161367219673381123962", "2956.6294469281980908895735112586031490426206750729977473958708564", "2957.1989114147515227434056872370511123919889769987280920894016148", "2958.0178621714708351685256587990323067458677989896037316266483818", "2958.6634185568144448410091513726808708684748971060285028994942297", "2960.1385236595281778212842267247195678021479576170487001540851207", "2961.1266029565940349752823628459790776487942148165097807368084349", "2961.6955007829206112040372169053047305019925278050774937213481405", "2962.3756564935575613429034505055530806283548190149309200877122201", "2963.2820239573019800278651925599601654538329832604475554175223332", "2963.8125328140632791444573171232111640361847816707286078301745005", "2964.6284042300394136963495020679305970195764904759826699326577638", "2965.2814574531479616050722315299843903458471991593318591609057459", "2966.5769597182920227682895903818766366227434695775762465781086810", "2967.1900306844501704876017142075043998352960474525906770092380643", "2967.6114124131379892390672705555050079594292232935315153655855167", "2968.7878430420349809190754370097913360620551639046417441895572708", "2969.8477613547201192313579499039213090334687055893733388869820618", "2970.3085628070303848254893022873715119322743938326508856259540957", "2971.5442711194261969290020845430728652334246910171643059797395371", "2972.0400424297019804675182250348537090683470244396609475464918302", "2973.2346843448622969462384270124175249400316600289477936155018070", "2973.6786124221566354820017043723885102521177855921629367688033153", "2974.0778212966441757893091616833918647246908941657714352006678834", "2975.1740167915214958422408040353533663735324748980027558746055661", "2975.7153741353383782487950926881124524111603026882574040856391701", "2976.6440484504833016496829022839400517045117525544581287360390609", "2977.9067232365579562254721137393428133261611798158345246778749883", "2978.6586656007684878221014201451235241680005349512608500772161522", "2979.6996945576666001909519797622746186608714072630668833746613855", "2980.2337424790517664612496416861321336230771188538051750538575723", "2980.8314455853852332703108141511406849606027047055162603501415910", "2981.5108026210075938561445880401312842133190868465035898113355383", "2982.6881168105660365513971221778317309225507426600431660163626203", "2983.4782777403546514355147013290980033784134673625472632544721259", "2983.9829663090189377277763252858064417090631683340283001526638449", "2984.8224264230385034677185735314056712761851611424777719311342934", "2985.7643374953322500727542597156284683034342884237542431700154446", "2986.2675079341597565078075747085383701024931119539618790728703207", "2987.3285753718642605643630825286388026088406506386445433320642789", "2988.5267325786248368841354525694433030553656060443454879922161055", "2989.2253456091433027277456622999001773082468677693670069843089134", "2990.2071669319276087517399974139741633712899094370803014948629224", "2990.5758438984391171525866212133416399695291079590165364079828993", "2991.4086704302684961190443913338330650223901399668525742421892597"]}