{"idx": 18, "tmin": 2114.761, "tmax": 2172.817, "dps": 80, "elapsed": 27.831448316574097, "n": 68, "zeros": ["2115.6888761047909411716089754787930453794735727743652369798906115", "2116.1011696456334892602750475492173967497899699650056078078359930", "2117.6504674370720321542407126045223365393303131922201244574140280", "2118.1343266763225332525136991822740075152636354988987723540929856", "2119.0826737907415136625265529628740099391494108163680612654424967", "2120.2404926515981962857824545306344693658795984045668501591032621", "2120.8405478366219189444475275929579540978004802002804541920582042", "2121.6653181577560513006900043630045597756880855240573914398791896", "2122.0223923708703887320072659099089583871188305028213281181397046", "2123.0379735825136810394614559827548832084865051429219003139522850", "2123.9439228743467580535964716078473477353694892900260834701022877", "2124.5390379677867264024958383663919279177557087034129509032571147", "2126.2278611477992755900721233578426965644842143854412017458706185", "2126.7285873470537131783527250255384914575049260302102251587316577", "2127.7360456767916080425247298260713774708462150974514711188039646", "2128.5416479657812397294811858884377362961898626309414050732867814", "2128.8058041781224240547449326558196901245025315197547814711501606", "2129.9856253670977213001527383695812759156485093372572699801189648", "2131.2021491771708910897780266695856892216786803818476349683134782", "2131.4303242181581952916012692245491809664863202619727184080593553", "2132.4122685923490384390433490722750820203451307104338962817597306", "2133.3969603834903494956718350382296316738112282254724545379800338", "2133.9201713459842788875890624046106372701977429326248786615464552", "2134.8761308920423294920508043075988878609401770461145614743672699", "2136.2246702235348269439733315072345774674733802108930286739855863", "2137.0977039915898841042463835362077010666788510141887052978869151", "2137.9130286498810024793096662271048722349337075751312742221763549", "2138.3518946443652995678808369446947869337738836852892470434477143", "2139.4789473292419696435435326459579157331776511280544774676132263", "2139.8621442248835565277234604822035166431342821405170234409978063", "2140.8218647610713880705344766042388485463594817889932225141648042", "2141.4848613794557988958248934660272331022526676121887191926612797", "2142.6344609125697364236983227706459505836286457282686840842908639", "2143.6756466807128989733390920245095403227377925366533436595026585", "2144.4937589521335904934603304897696556311787123322857634134681859", "2145.2846308618503883187090496873293427247653628695828015257849304", "2146.1610376405298297734685557226887230548606142018887105110640191", "2146.9202504534228068785309295534616294952171934253053014071764262", "2147.7726770465595026284616344322481987543001975362367105103626314", "2148.6657700674757150573540750120756898846160690825572921750501412", "2149.5366997029288439265257157171834188069968246258769263443163117", "2150.3479925188150278463975149114928696122644837536479220407234341", "2150.6548371704449569840337163356994648786434089125967273720729012", "2151.5974387409057738813104164400329628357334776042969645877397757", "2152.7172053254633813818969273397360099266015657304969700807568896", "2154.0132774215533552765200701347570197993191811591457066130682963", "2154.6894025226015742352424164931511203850780840115837290956438280", "2155.7874390946757329813214025854840513570402525531120759349204372", "2156.0757021424306577429517583941841078215282260951848569293100615", "2156.9938310377127517928345910920852734122612237125947135768152270", "2157.8957228886095901075607750797096057552386515376103467458160760", "2158.1859305959851671300144360569209477916877141877199414916457116", "2159.8730890586640715422524936601002112917005035286550752162865535", "2160.2239227413243883755211277501103267870229315683673187926781437", "2160.9229719089996746718951890559425518811841917718597222820643847", "2162.2764255388770620160941315646345438057553211037944105078682088", "2163.1401653004070875724274390074778723685396126619970858001783994", "2163.5698668361233676818070295967280183098463410040484779297253502", "2164.8138434572473305916644732820151157861311444097779990286983548", "2165.7523411754218131718994067895709886983883281257169767076507174", "2166.4166219918099904882341504275797101626093046193520582538668553", "2167.0778196424205147182145527393205557003229242275605396541115712", "2167.8605348560456529148661365240686519404835374046069475762025119", "2168.6114917446544898979916612987768619726671653458077976511353975", "2169.2945834543200141517135743179984772074164368321082579461160025", "2170.3594122992233584420805218948154960213733099004106825260622385", "2171.5747006072876936651185471118563917136959098376857088906710740", "2172.7780471734894772511016699001117186397734000247517625803108203"]}