{ "analysis_parameters": { "N": 100000, "t_range": [ 1000, 10000 ], "dt": 1.0, "n_samples": 9001, "seed_f_rand_pos": 123, "seed_f_rand": 42 }, "f_rand_pos": { "description": "Random multiplicative function with non-negative coefficients", "coefficient_distribution": "U(0, 2) for primes", "primary_peak": { "t_star": 4895.0, "D_abs": 54.378568355750545, "M": 1.8672835272683825 }, "top_10_peaks": { "mean_M": 1.7838707496563315, "std_M": 0.0808484748762794, "min_M": 1.6054648766770783, "max_M": 1.925920275165312, "M_values": [ 1.8672835272683825, 1.8098353648074046, 1.925920275165312, 1.7629761597721147, 1.785000292255138, 1.7402931679218894, 1.7942699452838502, 1.7345915367494704, 1.6054648766770783, 1.8130723506626771 ] } }, "f_rand": { "description": "Random multiplicative function with sign-varying coefficients", "coefficient_distribution": "U(-1, 1) for primes", "primary_peak": { "t_star": 6840.0, "D_abs": 7.0088603166485015, "M": 1.6358996838886422 } }, "riemann_zeta": { "description": "Riemann zeta function (all coefficients = 1)", "primary_peak": { "t_star": 7995.0, "D_abs": 14.00341280461752, "M": 1.8210784645972633 }, "top_10_peaks": { "mean_M": 1.8461853477166206, "std_M": 0.1543523048500728, "min_M": 1.5964713974749423, "max_M": 2.0421835047388353, "M_values": [ 1.8210784645972633, 1.9479799774591404, 1.6821968159671201, 1.6943853382202179, 2.0169482837155663, 2.0421835047388353, 2.041366944791758, 1.867138058055888, 1.5964713974749423, 1.752104692145474 ] } }, "statistical_comparison": { "t_statistic": -1.0728826714020692, "p_value": 0.2974975823116348, "significant": false }, "hypothesis_test": { "hypothesis": "Non-negative coefficients + multiplicativity \u2192 M < 1 (similar to \u03b6)", "expected_M_range": "0.5-0.7", "observed_M_f_rand_pos": 1.8672835272683825, "observed_M_zeta": 1.8210784645972633, "conclusion": "REJECTED - Both functions show M > 1 (constructive interference)" }
}