{ "task": "Phase-vs-magnitude features under class-held-out validation", "protocol": "Train on F1, F4, F6; test on F2, F5p, F5m, F7, F12", "N": 1000000, "K_max": 4, "kappa_DH": 0.28408, "classes_excluded": [ "F9", "F10", "F11" ], "classes_excluded_reason": "LMFDB modular-form coefficients unavailable in this run; per the project memory these require LMFDB anti-bot delays which are not feasible in the time budget. F3, F8, F13 also excluded (per r10).", "n_peaks_train": 600, "n_peaks_test": 1000, "phase_only": { "AUC_held_out": 0.7207791666666667, "accuracy": 0.623, "confusion_matrix": [ [ 273, 327 ], [ 50, 350 ] ], "bootstrap_mean_AUC": 0.7203828519150577, "bootstrap_95CI": [ 0.68834803592521, 0.7518908709754828 ], "n_features": 22, "feature_names": [ "circ_var", "d12", "d23", "d34", "d13", "d14", "d24", "c12", "s12", "c23", "s23", "c34", "s34", "c13", "s13", "c14", "s14", "c24", "s24", "c2_12", "c2_13", "c2_14" ] }, "magnitude_only_S_k": { "AUC_held_out": 0.8382041666666666, "accuracy": 0.726, "confusion_matrix": [ [ 397, 203 ], [ 71, 329 ] ], "bootstrap_mean_AUC": 0.8384932104596746, "bootstrap_95CI": [ 0.8133812026295806, 0.8621605762889948 ], "n_features": 9, "feature_description": "log|S_k| for k=1..4, pairwise log-amp differences, max log|S_k|, sum log|S_k|" }, "original_r10_features_8class_subset": { "AUC_held_out": 0.6666666666666667, "accuracy": 0.6, "confusion_matrix": [ [ 400, 200 ], [ 200, 200 ] ], "bootstrap_mean_AUC": 0.666456105620742, "bootstrap_95CI": [ 0.6262348622870003, 0.703124870939765 ], "n_features": 4, "note": "The original r10 11-class held-out AUC was 0.5335; restricting to the 8 classes computable here yields 0.667." }, "phase_plus_magnitude_combined": { "AUC_held_out": 0.7636875, "accuracy": 0.708, "confusion_matrix": [ [ 401, 199 ], [ 93, 307 ] ], "bootstrap_mean_AUC": 0.7637308382827601, "bootstrap_95CI": [ 0.730900254780874, 0.7942962711566826 ] }, "per_test_class_mean_predicted_GRH_probability": { "phase_only": { "F2": 0.6667255195860813, "F5p": 0.39513477196347346, "F5m": 0.40316068256020615, "F7": 0.7149441129605978, "F12": 0.5216284665736935 }, "magnitude_only": { "F2": 0.9998907538905837, "F5p": 0.031988202146270114, "F5m": 0.02320512317827121, "F7": 0.6692079462258614, "F12": 0.9967368435998831 } }, "conclusion": "Phase-only features improve over the original r10 features (0.721 vs 0.667, non-overlapping CIs) but are SIGNIFICANTLY WORSE than direct magnitude features built from S_k(t;N) for k=1..4 (0.838). Hypothesis that phase features are MORE effective than magnitude is REFUTED."
}