{ "parameters": { "T0": 85.6993, "beta": 0.3085, "gamma_anom": 85.6993, "WINDOW": 40.0, "mp_dps": 80, "sigma": 2.0, "J_list": [ 4, 8, 12, 16, 20 ], "PRIME_BOUNDS": [ 1000, 100000 ], "n_zeta_zeros_in_window": 33, "n_prime_powers": { "N=1000": 193, "N=100000": 9700 }, "arith_components": [ "M_polar (poles at s=0,1)", "M_arch (digamma integral)", "-M_logpi (log \u03c0 * \u03b4_ij/2\u03c0)", "M_prime (-(1/2\u03c0) \u03a3 \u039b(n)/\u221an * (F\u0302_ij(log n)+F\u0302_ij(-log n)))" ], "basis": "Hermite functions phi_k(t) = (1/\u221a\u03c3) \u03c8_k((t-T0)/\u03c3); orthonormal in L\u00b2(R)", "anomaly_definition": "Add to M_zeros: phi_i(\u03b3+i\u03b2)*phi_j(\u03b3+i\u03b2) + phi_i(\u03b3-i\u03b2)*phi_j(\u03b3-i\u03b2)" }, "GRH_baseline_max_abs_lam": { "N=1000": { "J=4": 4.979968877526476e-17, "J=8": 3.2401278079571077e-12, "J=12": 1.4775906904318888e-08, "J=16": 9.97704850937958e-06, "J=20": 0.0013012438122415643 }, "N=100000": { "J=4": 1.1001288778044684e-49, "J=8": 9.31922312113539e-46, "J=12": 5.31195338270015e-40, "J=16": 6.063014215526125e-35, "J=20": 2.0522889246528653e-30 } }, "anomaly_max_abs_lam": { "N=1000": { "J=4": 0.8948097385207693, "J=8": 1.3917608706350828, "J=12": 1.8379186466382824, "J=16": 2.277483083818942, "J=20": 2.727835891824946 }, "N=100000": { "J=4": 0.8948097385207693, "J=8": 1.3917608706350297, "J=12": 1.8379186463045816, "J=16": 2.277482760285752, "J=20": 2.727771200089032 } }, "fits": { "alpha_N=1000": 19.265261635039867, "alpha_N=100000": 27.38398371147471, "r42_alpha_N=1000_reported": 39.63 }, "signal_above_baseline_at_each_J": { "N=1000": { "J=4": true, "J=8": true, "J=12": true, "J=16": true, "J=20": true }, "N=100000": { "J=4": true, "J=8": true, "J=12": true, "J=16": true, "J=20": true } }, "notes": [ "Our independent reconstruction of the Riemann-Weil quadratic form yields a baseline \u03b1\u224819.27 at N=1000, vs r42's reported 39.63. This indicates a difference in basis normalization or sign conventions, but the qualitative behavior (steep prime-truncation-driven growth in the absolute baseline) is reproduced and self-consistent (Q[i,j] reproduces the EF to <1e-22 at low (i,j)).", "At N=100000, the absolute baseline is suppressed by 13-27 orders of magnitude at every J (e.g. J=20: 1.30e-3 -> 2.05e-30). The signal is therefore detectable at all J (J=4..20).", "Interestingly, the FITTED power-law exponent \u03b1 INCREASES slightly (19.27 -> 27.38) when going N=1000 -> N=100000. This is because at N=1000 the baseline is dominated by deterministic truncation error of the prime sum; at N=100000 the residual is dominated by numerical roundoff propagating through high-J Hermite evaluations, which has a different J-dependence. So while \u03b1 (the slope) does not decrease, the OFFSET drops enormously and the artifact is effectively eliminated." ]
}