N,xi,ci_lower,ci_upper,ci_width
100000,0.09,,,
1000000,0.1054665755892907,-0.04800597632673739,0.2647071244789966,0.312713100805734
