{ "T_window": [ 10000.0, 100000.0 ], "N_grid_points": 1000000, "dt": 0.09, "approach_A": { "block_size": 0.45479211794728047, "samples_per_block_avg": 5.053245754969783, "n_blocks": 197892, "xi": 0.4799923039229721, "loc": 1.4810852126105603, "scale": 1.1522391853111034, "xi_95CI_low": 0.4751310968607518, "xi_95CI_high": 0.48314030499517513 }, "approach_B_geom": { "block_size": 0.6063894905963739, "T_representative": 31622.776601683792, "samples_per_block_avg": 6.737661006626377, "n_blocks": 148419, "xi": 0.4675762607271547, "loc": 1.6669605151348819, "scale": 1.2393004777261631, "xi_95CI_low": 0.4628639443123593, "xi_95CI_high": 0.4718901383424506 }, "approach_B_T_lower": { "block_size": 0.6821881769209206, "n_blocks": 131928, "xi": 0.4591838877672515 }, "approach_B_T_upper": { "block_size": 0.5457505415367365, "n_blocks": 164910, "xi": 0.47170740608684447 }, "xi_B_outside_xi_A_CI": 1.0, "xi_A_outside_xi_B_CI": 1.0, "delta_xi": -0.012416043195817406, "method": { "evaluation": "Riemann\u2013Siegel main sum + first-order C0 remainder, vectorized over t", "theta_function": "5-term asymptotic expansion (accurate to <1e-10 for T>=1e4)", "verification": "RS values agree with mpmath siegelz to ~1e-5 at sample points", "fit": "scipy.stats.genextreme.fit (MLE)", "uncertainty": "non-parametric bootstrap, n_boot=100, 95% percentile CI" }
}