{ "parameters": { "T0": 85.6993, "beta": 0.3085, "gamma": 85.6993, "WINDOW": 40.0, "PRIME_BOUND": 1000, "mp_dps": 80, "n_zeta_zeros_in_window": 33, "n_prime_powers": 193, "J_list": [ 4, 8, 12, 16, 20 ], "sigmas": [ 2.0, 1.0, 0.5, 0.25, 0.125 ] }, "full_Q": { "2.0": { "lam_min_abs": [ 13.539730537611865, 5583.013533729611, 103252025.39717406, 1709090525933.6968, 1.219050442602888e+16 ], "alpha": 21.079513915654644, "intercept": -30.42756864939743, "r2": 0.913141930596191, "p_value": 0.011161420341556582, "stderr": 3.7534955720846503, "beta_over_sigma": 0.15425 }, "1.0": { "lam_min_abs": [ 29.697552577538833, 12496.509756709911, 72698585.44283748, 2052885406533.8887, 1.6482566360142778e+17 ], "alpha": 21.55109619951938, "intercept": -30.727295368336044, "r2": 0.8863880152242277, "p_value": 0.016843052849229673, "stderr": 4.45460165347199, "beta_over_sigma": 0.3085 }, "0.5": { "lam_min_abs": [ 31.832485196654996, 15915.029356681449, 95228572.65385225, 2655646929702.6665, 2.233713942466265e+17 ], "alpha": 21.684953065445757, "intercept": -30.812511160644057, "r2": 0.8886913047750783, "p_value": 0.016321097747700956, "stderr": 4.43084889586849, "beta_over_sigma": 0.617 }, "0.25": { "lam_min_abs": [ 60.757273890181835, 16468.85652967882, 114317560.30013463, 2421347733911.0166, 2.1671505099267485e+17 ], "alpha": 21.27546979322509, "intercept": -29.70462917110966, "r2": 0.8813738507328818, "p_value": 0.01800003804841848, "stderr": 4.506388886040851, "beta_over_sigma": 1.234 }, "0.125": { "lam_min_abs": [ 205109.13359745394, 282515125.8288413, 388898216335.0469, 536064252885814.75, 8.005177919606185e+17 ], "alpha": 17.535645716765725, "intercept": -14.396631807466424, "r2": 0.9466084687065973, "p_value": 0.005322325496005759, "stderr": 2.4044299604504955, "beta_over_sigma": 2.468 } }, "signal_only_M_off_pair": { "2.0": { "lam_signals": [ 0.04875950921742505, 0.04875952484388874, 0.04875952484389375, 0.04875952484389375, 0.04875952484389375 ], "alpha": 1.8994834833191502e-07, "r2": 0.7093853664514868, "intercept": -3.0208552285051895, "beta_over_sigma": 0.15425 }, "1.0": { "lam_signals": [ 0.21124631451326353, 0.21126364578724133, 0.21126364720915045, 0.2112636472092671, 0.2112636472092671 ], "alpha": 4.8629861317196566e-05, "r2": 0.709446359453744, "intercept": -1.5547788015843187, "beta_over_sigma": 0.3085 }, "0.5": { "lam_signals": [ 1.2755813428405842, 1.3023723765439732, 1.3029350685987957, 1.302946886819476, 1.3029471350375534 ], "alpha": 0.012652376183713645, "r2": 0.7248376082210692, "intercept": 0.23063870525899888, "beta_over_sigma": 0.617 }, "0.25": { "lam_signals": [ 46.34085805669395, 295.50488921341235, 1635.2020166665427, 8838.442327774243, 47568.592535834774 ], "alpha": 4.200048682819495, "r2": 0.9555717498704578, "intercept": -2.48783848596832, "beta_over_sigma": 1.234 }, "0.125": { "lam_signals": [ 205092.5713405789, 282505284.20541114, 388855322308.83215, 535240897952772.75, 7.367336957884538e+17 ], "alpha": 17.501773519620187, "r2": 0.9473330860184149, "intercept": -14.334201451503976, "beta_over_sigma": 2.468 } }
}