{ "parameters": { "T0": 85.6993, "beta": 0.3085, "gamma": 85.6993, "WINDOW": 40.0, "PRIME_BOUND": 1000, "mp_dps": 80, "n_zeta_zeros_in_window": 33, "n_prime_powers": 193, "J_list": [ 4, 8, 12, 16, 20 ], "sigma": 2.0, "arith_components": [ "M_polar (poles at s=0,1)", "-M_logpi (log \u03c0 * g(0))", "M_arch (digamma integral)", "-M_prime (true FT of h_i*h_j at log n)" ] }, "GRH_conforming": { "min_abs_lam": [ 3.748861908536891e-14, 2.6005240605676125e-14, 2.2079485902290754e-14, 2.2991655476134216e-14, 2.2621404996927553e-14 ], "most_neg_abs_lam": [ 6.8381931195410076e-12, 5.175439379572236e-06, 670.6594954178152, 3034395551.6041164, 1.81156336751616e+17 ], "max_abs_lam": [ 6.8381931195410076e-12, 5.175439379572236e-06, 670.6594954178152, 3034395551.6041164, 1.81156336751616e+17 ] }, "anomaly_case": { "min_abs_lam": [ 6.902340001530717e-13, 2.574023767160698e-13, 1.1407337890603212e-13, 1.1681517341722513e-13, 6.202233032921227e-14 ], "most_neg_abs_lam": [ 6.838017249891664e-12, 5.175435528048654e-06, 670.6594954178, 3034395551.6041164, 1.81156336751616e+17 ], "max_abs_lam": [ 2.0667084579873616, 2.066878016876958, 670.6594954178, 3034395551.6041164, 1.81156336751616e+17 ], "signal_largest_ev": [ 2.0667084579874033, 2.0668780168769874, 2.0668780307881014, 2.0668780307892427, 2.0668780307892427 ] }, "r39_baseline_reproduction": { "lam_most_neg_abs": [ 747.5539814818608, 90916291.86939546, 430563227098015.56, 1.82076594369323e+21, 8.35953457064711e+26 ], "note": "My reproduction with unnormalized basis and r39 FT-bilinear prime sum" }, "fits": { "GRH_full_EF_alpha_most_neg": 39.62930737367457, "GRH_full_EF_alpha_min_abs": -0.3200162471846761, "r39_repro_alpha": 34.03320966785445, "signal_alpha": 4.8629861317112595e-05 }, "r39_reported": { "lam_min_abs": [ 13.539730537611865, 5583.013533729611, 103252025.39717406, 1709090525933.6968, 1.219050442602888e+16 ], "alpha": 21.079513915654644, "signal_evs": [ 0.04876, 0.04876, 0.04876, 0.04876, 0.04876 ] }
}