Zero,σ,t,|L_DH(ρ)|,log₁₀|L_DH(ρ)|,Pass
ρ1,0.808517,85.699348,9.452578e-01,-0.02,NO
ρ2,0.650786,114.163343,1.818903e+00,0.26,NO
ρ3,0.574355,166.479306,5.762993e-01,-0.24,NO
ρ4,0.724258,176.702461,4.823506e-01,-0.32,NO
