{
  "indices": [
    2467,
    2544,
    2622,
    2699,
    2777,
    2854,
    2932,
    3009,
    3087,
    3164,
    3242,
    3319,
    3397,
    3474,
    3552,
    3629,
    3707,
    3784,
    3862,
    3939,
    4017,
    4095,
    4172,
    4250,
    4327,
    4405,
    4482,
    4560,
    4637,
    4715,
    4792,
    4870,
    4947,
    5025,
    5102,
    5180,
    5257,
    5335,
    5412,
    5490,
    5568,
    5645,
    5723,
    5800,
    5878,
    5955,
    6033,
    6110,
    6188,
    6265,
    6343,
    6420,
    6498,
    6575,
    6653,
    6730,
    6808,
    6885,
    6963,
    7040,
    7118,
    7196,
    7273,
    7351,
    7428,
    7506,
    7583,
    7661,
    7738,
    7816,
    7893,
    7971,
    8048,
    8126,
    8203,
    8281,
    8358,
    8436,
    8513,
    8591,
    8669,
    8746,
    8824,
    8901,
    8979,
    9056,
    9134,
    9211,
    9289,
    9366,
    9444,
    9521,
    9599,
    9676,
    9754,
    9831,
    9909,
    9986,
    10064,
    10142
  ],
  "gamma_values": [
    2997.6472031144426,
    3075.833479242464,
    3155.31210821767,
    3232.7387131248083,
    3311.155306118273,
    3387.808777785405,
    3465.8271557271273,
    3542.340883917587,
    3619.885723507011,
    3695.6727901331806,
    3772.51233121744,
    3847.681749670897,
    3924.1933105253574,
    3999.519248285303,
    4074.8170645106657,
    4149.069451050763,
    4225.282365846363,
    4299.05494728291,
    4373.863804411419,
    4447.732962461683,
    4522.144077728261,
    4596.829908459072,
    4670.350631746017,
    4744.421811483696,
    4817.232875407549,
    4890.627756888265,
    4963.526118617487,
    5036.841667107008,
    5108.959096698433,
    5182.130914016586,
    5253.944070491727,
    5326.867763789802,
    5398.277621995208,
    5471.082873141512,
    5542.764646056709,
    5614.4922879169335,
    5686.093541225542,
    5757.94200797797,
    5828.890322956993,
    5900.02613076822,
    5971.604971542722,
    6042.397652237235,
    6113.552617473988,
    6184.336316582488,
    6255.212382593088,
    6324.348503493781,
    6395.668869607561,
    6465.743873966872,
    6536.470053698358,
    6605.399554340271,
    6676.021079514865,
    6745.670849832027,
    6815.081096307121,
    6884.701384278516,
    6955.261558551968,
    7024.0428320315905,
    7093.502511762346,
    7162.637987016803,
    7231.712168225955,
    7300.7634768748685,
    7369.532613631589,
    7438.872215940765,
    7507.881582709908,
    7576.268605073817,
    7644.9278133139105,
    7712.908648889922,
    7781.703703737554,
    7850.381575865229,
    7918.206299766421,
    7986.989921279802,
    8054.632075493165,
    8123.010669984643,
    8190.53885964643,
    8258.997998911042,
    8325.708797278194,
    8394.04874701899,
    8461.562867847097,
    8529.165725244557,
    8596.787241215077,
    8664.068204986472,
    8731.879802245325,
    8798.459711536962,
    8866.791201368247,
    8933.161556855914,
    9000.243406943076,
    9067.344319123518,
    9134.299136950121,
    9200.451077571463,
    9268.359885083666,
    9334.30589877917,
    9401.427516665659,
    9467.860632792306,
    9534.471660705845,
    9601.023594442615,
    9667.564227300298,
    9733.303859799544,
    9800.34871249273,
    9866.121993983968,
    9932.269131844621,
    9998.850397089675
  ],
  "N": 10000,
  "K_N": 5
}