{ "parameters": { "T0": "85.7", "sigma": "2.0", "half_window": "40.0", "prime_bound": 1000, "dps": 80, "M_zeros_formula": "for zero at 1/2+beta+i*gamma: contribute Re[v v^T] with v = h(\u00b1gamma - i*beta) (functional-equation pair, no conjugation)", "M_arith_formula": "sum_{p,k: p^k<=prime_bound} Re[Lambda(p^k)]/sqrt(p^k) * [h(k log p) h(k log p)^T + h(-k log p) h(-k log p)^T]", "Lambda_chi": "Lambda_chi(p^k) = chi(p)^k * log(p) (complex; we use Re part)", "Lambda_DH": "Lambda_DH(p^k) from recurrence on Dirichlet coeffs c_n = A*chi(n) + B*chibar(n) of L_DH (real)", "L_DH_off_critical_zero": { "gamma": "85.699348485377592171929267708941729037987829423407575924765024463854574584004397", "beta_pair": [ "0.30851718245663738555335196060684412785067026830501462250439870858155011800810091", "-0.30851718245663738555335196060684412785067026830501462250439870858155011800810091" ] }, "L_DH_critical_zeros_in_window": 49, "L_chi_critical_zeros_in_window": 53 }, "J_values": [ 4, 8, 12, 16, 20 ], "lambda_min_lchi": [ 0.22896404432300493, 0.0299431333928687, 0.003437512676670098, 1.1950772123599212e-06, 3.33626741447568e-13 ], "lambda_max_lchi": [ 5.704096451361824, 2722.453181289948, 15436160.657964068, 423305925911.38556, 3.866161236086691e+16 ], "lambda_min_ldh_offcrit": [ 0.17293066452683875, -0.015689552756595115, -0.01898305822234395, -0.028435580315451656, -0.03495023860480681 ], "lambda_max_ldh_offcrit": [ 5.256530491496579, 2570.804774826574, 15512242.624877013, 444271382028.8717, 3.904560763953769e+16 ], "lambda_min_ldh_crit_only": [ 0.06545907206516281, 0.0007124844005979207, 2.2840516370960682e-07, 7.089777522122622e-13, 2.4007529865813553e-21 ], "lambda_max_ldh_crit_only": [ 5.262128248697679, 2570.8047765060164, 15512242.624877013, 444271382028.8717, 3.904560763953769e+16 ], "analysis": { "comparison_with_r24_zeta_delta": { "r24_zeta_delta_power_law_alpha": 17.9, "r24_zeta_delta_exp_rate_a": 1.926, "r24_zeta_delta_super_exp_rate": 0.569, "this_ldh_offcrit_power_law_alpha_J8_20": 0.9038640584609449, "this_ldh_offcrit_exp_rate_a_J8_20": 0.07017212458010666, "this_ldh_offcrit_super_exp_rate_J8_20": 0.019430501999113725, "conclusion": "L_DH off-critical lambda_min grows much more slowly than zeta_delta; growth is roughly linear in J (alpha~0.9), not super-polynomial in the dramatic sense of zeta_delta." }, "local_log_log_slopes_ldh_offcrit": [ { "J_from": 4, "J_to": 8, "alpha": -3.462317581383896 }, { "J_from": 8, "J_to": 12, "alpha": 0.4699586813508179 }, { "J_from": 12, "J_to": 16, "alpha": 1.4046557601456968 }, { "J_from": 16, "J_to": 20, "alpha": 0.924445745498053 } ], "observations": [ "For L(chi), lambda_min remains positive across all J, decaying toward numerical floor \u2014 consistent with all zeros on critical line.", "For L_DH using only the listed critical-line zeros (no off-critical), lambda_min also remains positive and decays toward numerical floor.", "For L_DH with the off-critical pair (gamma=85.6993, beta=\u00b10.3085) added, lambda_min becomes negative for J>=8 and grows in magnitude.", "Magnitude of lambda_min for L_DH grows mildly (factor ~2 from J=8 to J=20), whereas zeta_delta in r24 grew by ~11 orders of magnitude over the same J range.", "This indicates the Weil form DOES detect the L_DH off-critical anomaly, but the local growth rate vs J is dramatically smaller than for the artificial small-delta shift in zeta_delta." ] }
}