{ "description": "Single-zero asymmetric displacement of zeta gamma_23 with basis centered ON gamma_23 (T0=gamma_23~84.7355). Tests whether centering basis on the displaced zero increases growth exponent alpha relative to r55 (T0=85.6993).", "parameters": { "T0_value": "84.735492980517050105735311206827741417106627934241", "T0_identity": "gamma_23 (first zeta zero in window)", "sigma": "2.0", "half_window": "40.0", "beta_shift": "0.3085", "prime_bound": 100000, "dps": 80, "zeros_in_window": 33, "shifted_zero_index_in_window_0based": 14, "distance_T0_to_shifted_zero": "0.0 (T0 = gamma_23 exactly)", "basis": "h_i(z) = exp(-(z-T0)^2/(2 sigma^2)) * (z-T0)^i", "M_zeros_formula": "Re[v v^T] with v = h(\u00b1gamma - i*beta_g); beta_g = beta for shifted zero only", "M_arith_formula": "sum (log p)/sqrt(p^k) * [h(k log p) h(k log p)^T + h(-k log p) h(-k log p)^T] for p^k <= prime_bound" }, "J_values": [ 4, 8, 12, 16, 20 ], "lambda_min_zeta_single_shift_beta0p3085": [ 0.5572945564532771, -0.09431383023036186, 3.839998697423009e-08, 6.581978909802532e-22, 3.5025359903486326e-42 ], "lambda_max_zeta_single_shift_beta0p3085": [ 174.75748482777374, 19996309.43478007, 34899301194843.574, 3.7541353724300814e+20, 8.100683741715813e+27 ], "lambda_min_zeta_crit_only_control": [ 0.6515032244469496, 2.7320959820151028e-05, 1.0475759756644261e-14, 1.0716552652536532e-29, 6.126696296287572e-48 ], "lambda_max_zeta_crit_only_control": [ 174.75759284527976, 19996309.4347801, 34899301194843.574, 3.7541353724300814e+20, 8.100683741715813e+27 ], "fits": { "power_law_alpha_lmin_shift_J8to20": -97.45315570916559, "power_law_alpha_lmin_ctrl_J8to20": -104.43348705110493, "power_law_alpha_lmax_J8to20": 51.02106170427206, "power_law_alpha_lmin_shift_J8to16": -64.94461455687572, "power_law_alpha_lmin_ctrl_J8to16": -79.26476381644916, "power_law_alpha_lmin_ratio_J8to16": 14.320149259573466, "local_log_log_slopes_lmin_shift": [ { "J_from": 4, "J_to": 8, "alpha": -2.562898812419238 }, { "J_from": 8, "J_to": 12, "alpha": -36.28938960287468 }, { "J_from": 12, "J_to": 16, "alpha": -110.18179761035886 }, { "J_from": 16, "J_to": 20, "alpha": -209.20411885731102 } ] }, "comparison_with_r55": { "r55_T0": "85.6993 (off-center by ~0.964 from gamma_23)", "r55_alpha_lmin_J8to20": 3.7602209876048813, "r55_lambda_min_J8to20": [ 0.5294780785396644, -0.16880601441257617, -0.6494860484897667, -2.945244747487964, -4.5184633475580975 ], "this_T0": "84.735492980517050105735311206827741417106627934241 (== gamma_23, on-center)", "this_alpha_lmin_J8to20": -97.45315570916559, "delta_alpha": -101.21337669677047, "interpretation": "Centering basis ON displaced zero does NOT increase alpha; it COLLAPSES |lambda_min| super-exponentially, qualitatively matching the critical-only control. Off-center placement is essential for the positive growth signal -- it is not a minor confounder." }
}