{ "analysis_type": "tail_behavior_comparison", "functions": [ "Riemann_zeta", "random_multiplicative_f_rand" ], "parameters": { "N": 100000, "t_min": 1000.0, "t_max": 2000.0, "t_step": 0.1, "n_samples": 10001, "random_seed": 42 }, "results": { "zeta": { "max": 11.216253043751205, "mean": 1.8066671535682555, "std": 1.8446860128915556, "kurtosis": 7.3834320079259825, "excess_kurtosis": 4.3834320079259825, "percentiles": { "99": 8.853246695826314, "99.9": 10.770663726316483, "99.99": 11.207655868164473 } }, "f_rand": { "max": 40.84209445353207, "mean": 2.139974561971506, "std": 2.683802192155273, "kurtosis": 38.84843557472604, "excess_kurtosis": 35.84843557472604, "percentiles": { "99": 13.14449463511452, "99.9": 27.441667281880513, "99.99": 39.109554972654635 } }, "ratios": { "max_zeta_over_frand": 0.27462482504447594, "kurtosis_zeta_over_frand": 0.19005738323036836, "p99_zeta_over_frand": 0.6735326797711596, "p99.9_zeta_over_frand": 0.39249305137622803, "p99.99_zeta_over_frand": 0.2865707849654862 }, "statistical_tests": { "ks_test": { "statistic": 0.08469153084691533, "p_value": 1.195514739292459e-31 }, "mann_whitney_u_test": { "statistic": 45746920.0, "p_value": 1.6188105817476708e-25 } } }, "conclusion": "Riemann zeta has significantly lighter tails than random multiplicative function", "hypothesis_supported": true
}