Function,Type,ξ_low,ξ_low_CI_lower,ξ_low_CI_upper,ξ_high,ξ_high_CI_lower,ξ_high_CI_upper,Δξ,Δξ_CI_lower,Δξ_CI_upper
ζ (zeta),Multiplicative,-0.122442,-0.259791,0.013924,-0.193291,-0.314616,-0.063678,-0.070849,-0.256517,0.114818
"L(s,χ₄) mod 5",Multiplicative,0.006141,-0.158916,0.171880,-0.241680,-0.403209,-0.121027,-0.247821,-0.465222,-0.030420
f_rand,Multiplicative,0.261561,0.093984,0.440176,0.036934,-0.145670,0.170493,-0.224627,-0.459045,0.009791
f_fully_rand,Non-multiplicative,-0.005870,-0.138223,0.113083,-0.054572,-0.202075,0.090418,-0.048702,-0.241514,0.144111
L_DH,Non-multiplicative,0.004297,-0.215602,0.138147,0.023163,-0.355418,0.160090,0.018866,-0.293738,0.331471
