{ "metadata": { "analysis_date": "2026-03-24", "N": 1000000, "n_primes": 78498, "n_composites_squarefree": 529427, "n_squarefree_total": 607926, "t_range": [ 113.5, 115.0 ], "t_step": 0.01, "n_t_values": 151, "known_zero_location": 114.16 }, "peak_analysis": { "partial_sum_magnitude": { "peak_t": 114.31000000000041, "peak_value": 6.043407300803677, "distance_from_zero": 0.1500000000004178, "value_at_zero": 4.85768512442189, "peak_to_zero_ratio": 0.8037990627863018, "fwhm": 0.48000000000024556 }, "composite_phase_coherence": { "peak_t": 114.15000000000033, "peak_value": 0.009313822557092746, "distance_from_zero": 0.009999999999664055, "value_at_zero": 0.00931377514520026, "peak_to_zero_ratio": 0.9999949095130173, "fwhm": 1.5000000000007674 }, "comparison": { "improvement_in_accuracy": 0.14000000000075374, "accuracy_ratio": 15.000000000545697, "R_comp_is_more_accurate": true } }, "t_values": [ 113.5, 113.51, 113.52000000000001, 113.53000000000002, 113.54000000000002, 113.55000000000003, 113.56000000000003, 113.57000000000004, 113.58000000000004, 113.59000000000005, 113.60000000000005, 113.61000000000006, 113.62000000000006, 113.63000000000007, 113.64000000000007, 113.65000000000008, 113.66000000000008, 113.67000000000009, 113.68000000000009, 113.6900000000001, 113.7000000000001, 113.71000000000011, 113.72000000000011, 113.73000000000012, 113.74000000000012, 113.75000000000013, 113.76000000000013, 113.77000000000014, 113.78000000000014, 113.79000000000015, 113.80000000000015, 113.81000000000016, 113.82000000000016, 113.83000000000017, 113.84000000000017, 113.85000000000018, 113.86000000000018, 113.87000000000019, 113.8800000000002, 113.8900000000002, 113.9000000000002, 113.91000000000021, 113.92000000000021, 113.93000000000022, 113.94000000000023, 113.95000000000023, 113.96000000000024, 113.97000000000024, 113.98000000000025, 113.99000000000025, 114.00000000000026, 114.01000000000026, 114.02000000000027, 114.03000000000027, 114.04000000000028, 114.05000000000028, 114.06000000000029, 114.07000000000029, 114.0800000000003, 114.0900000000003, 114.1000000000003, 114.11000000000031, 114.12000000000032, 114.13000000000032, 114.14000000000033, 114.15000000000033, 114.16000000000034, 114.17000000000034, 114.18000000000035, 114.19000000000035, 114.20000000000036, 114.21000000000036, 114.22000000000037, 114.23000000000037, 114.24000000000038, 114.25000000000038, 114.26000000000039, 114.2700000000004, 114.2800000000004, 114.2900000000004, 114.30000000000041, 114.31000000000041, 114.32000000000042, 114.33000000000042, 114.34000000000043, 114.35000000000043, 114.36000000000044, 114.37000000000045, 114.38000000000045, 114.39000000000046, 114.40000000000046, 114.41000000000047, 114.42000000000047, 114.43000000000048, 114.44000000000048, 114.45000000000049, 114.46000000000049, 114.4700000000005, 114.4800000000005, 114.4900000000005, 114.50000000000051, 114.51000000000052, 114.52000000000052, 114.53000000000053, 114.54000000000053, 114.55000000000054, 114.56000000000054, 114.57000000000055, 114.58000000000055, 114.59000000000056, 114.60000000000056, 114.61000000000057, 114.62000000000057, 114.63000000000058, 114.64000000000058, 114.65000000000059, 114.6600000000006, 114.6700000000006, 114.6800000000006, 114.69000000000061, 114.70000000000061, 114.71000000000062, 114.72000000000062, 114.73000000000063, 114.74000000000063, 114.75000000000064, 114.76000000000064, 114.77000000000065, 114.78000000000065, 114.79000000000066, 114.80000000000067, 114.81000000000067, 114.82000000000068, 114.83000000000068, 114.84000000000069, 114.85000000000069, 114.8600000000007, 114.8700000000007, 114.8800000000007, 114.89000000000071, 114.90000000000072, 114.91000000000072, 114.92000000000073, 114.93000000000073, 114.94000000000074, 114.95000000000074, 114.96000000000075, 114.97000000000075, 114.98000000000076, 114.99000000000076, 115.00000000000077 ], "D_magnitudes": [ 0.15015483927840112, 0.17057419241641547, 0.24052325959434348, 0.33017973918927995, 0.4269995017075788, 0.5263400344001166, 0.6260290602106041, 0.7247628160535504, 0.8215955275103787, 0.9157513469864346, 1.006546280744164, 1.0933528827249739, 1.1755834506588276, 1.2526819401957656, 1.3241202742516098, 1.3893969868189668, 1.4480371536423051, 1.4995930470343368, 1.5436451978059897, 1.579803678363144, 1.607709494417807, 1.6270360161103181, 1.6374904066778793, 1.6388150258490946, 1.6307888005260398, 1.6132285704116898, 1.5859904343264777, 1.5489711483470303, 1.5021096664756763, 1.4453889808512954, 1.37883853579831, 1.3025377081237002, 1.2166212732706352, 1.121288663192865, 1.0168207878124362, 0.9036129151018634, 0.7822446113187377, 0.65364512772804, 0.5195429829854321, 0.3839408486577901, 0.2592249359796054, 0.19148284666780416, 0.250941491542718, 0.39106861401765297, 0.5593958354378225, 0.7407751821646704, 0.9303504661673768, 1.1259301849332082, 1.326189782387788, 1.5301416078304861, 1.7369456953874625, 1.945832317812478, 2.1560672431390486, 2.3669353377112383, 2.5777328130692125, 2.787763857312067, 2.9963396264116713, 3.2027785666609128, 3.406407514226069, 3.6065632575426165, 3.8025943754898575, 3.993863234727007, 4.179748070107852, 4.359645096243404, 4.532970613157917, 4.699163078428304, 4.85768512442189, 5.008025503445686, 5.1497009466206745, 5.282257924470621, 5.405274298896797, 5.5183608575673535, 5.62116272287762, 5.713360628631158, 5.794672058489286, 5.864852241070593, 5.9236949973775435, 5.971033436993111, 6.0067405002446606, 6.030729344262, 6.042953571599255, 6.043407300803677, 6.032125079035517, 6.009181637565559, 5.9746914916791845, 5.928808387223774, 5.8717245967469776, 5.803670068862861, 5.724911435192214, 5.635750879919744, 5.536524877722136, 5.427602806538551, 5.309385442402879, 5.182303344338174, 5.0468151381514055, 4.903405708896059, 4.752584312825325, 4.5948826209065645, 4.430852707495294, 4.261064999694975, 4.0861062054651045, 3.9065772419506604, 3.7230911902317234, 3.536271309405855, 3.3467491526394384, 3.155162842255431, 2.9621555827446073, 2.7683745243244404, 2.574470143030711, 2.381096389732011, 2.1889120041607115, 1.9985836359560571, 1.8107918491114385, 1.6262418809264763, 1.4456825377788123, 1.2699396076140776, 1.0999763884852845, 0.9370074310025845, 0.7827219942321987, 0.639742494124355, 0.5125812686250972, 0.40945643374455665, 0.34407471721189725, 0.33042192736322556, 0.36636814523029565, 0.43332093137142214, 0.5139678969591658, 0.5983054293331415, 0.6811795317079489, 0.7598781033789556, 0.8328963569400245, 0.89936075751734, 0.9587540124139703, 1.0107767532639498, 1.0552739182330504, 1.0921933924022957, 1.1215615737618816, 1.1434682481958527, 1.1580568113981766, 1.1655176934707079, 1.1660837899755239, 1.1600272214673901, 1.1476570417731293, 1.1293176982542397, 1.1053881700173722, 1.0762818032462214, 1.042446945228554, 1.0043685627622136, 0.9625711254797632, 0.9176231457652562, 0.8701438929850094 ],