{ "parameters": { "T0": 46.13, "sigma": 1.0, "J": 10, "H": 2500 }, "X_values": [ 1000, 3000, 10000, 30000, 100000, 300000, 1000000 ], "eta_empirical": [ 0.15592269575707887, 0.07011246333162913, 0.02559638933801269, 0.0011963878860368046, 6.0984094655466866e-05, 5.347440200676383e-07, 5.795525797172522e-09 ], "eta_theory_PNT_Hermite_bound": [ 32.82591996298927, 15.159246317962433, 2.6983249196401595, 0.20120430442608495, 0.004298584907616831, 5.365375521965509e-05, 1.7702526729547545e-07 ], "ratio_theory_over_empirical": [ 210.52688836351763, 216.21328930150133, 105.41818551075603, 168.1764808674227, 70.4869840554645, 100.33540012821196, 30.545160782795797 ], "fit_empirical_stretched_p2": { "A": 5.537820755030901, "c": 0.1232343606012018 }, "fit_theory_stretched_p2": { "A": 11.549428664706026, "c": 0.13506194702584873 }, "fit_empirical_free_p": { "A": -0.04872830285187816, "c": 0.0011935018265113186, "p": 3.689314038290917 }, "fit_theory_free_p": { "A": 5.316972059016243, "c": 0.001119884504751303, "p": 3.747284392436899 }, "pearson_log_log": 0.998771667128165, "regression_slope_emp_vs_theory": 0.9126556749180773, "regression_intercept_emp_vs_theory": -4.999387271357163, "geometric_mean_ratio": 108.26356560452525, "naive_gaussian_c_prediction": 0.25, "formula": "eta_theory(X) = (2/pi) * integral_{log X}^infty exp(u/2) * ||g(u)||_op du, where g_ij(u) = exp(-i*T0*u) * (-i)^(i+j) * exp(-omega^2/4) * sqrt(min(i,j)!/max(i,j)!) * (omega/sqrt 2)^|i-j| * L_min(i,j)^|i-j|(omega^2/2), omega = sigma*u", "verdict": "Theoretical truncation bound from Hermite-Gauss Fourier-tail Gaussian decay \u00d7 PNT density of primes quantitatively tracks the empirical noise floor across 7 orders of magnitude (Pearson r=0.9988 in log-log, slope 0.913, constant offset ~108x). The bound requires NO arithmetic conjecture beyond elementary PNT \u2014 confirming Front C verdict."
}