Function,Mean R,Median R,Std R,Mean KS p,Median KS p,# p < 0.05,% p < 0.05
ζ(s),0.006029138074775913,0.006076559253804422,0.002111562637784419,0.3284741943385025,0.23297364801061832,5,10.0
L_DH(s),0.004035079390381985,0.003828204936449006,0.0020718744034234644,0.5492268279689767,0.6123369269610424,3,6.0
"L(s,λ)",0.00500508751610374,0.00498652584518061,0.0018971596883070707,0.4745364541396205,0.4894475287923211,1,2.0
