{ "description": "J-sweep of Weil quadratic form Q = M_zeros - M_arith at (T0=46.13, sigma=1.0). Tests how lambda_min scales with basis dimension J for the deformed zeta (first 20 zeros shifted by delta=0.05) versus undeformed zeta.", "parameters": { "T0": 46.1347251417347, "sigma": 1.0, "prime_bound": 1000, "half_window": 20.0, "delta": 0.05, "zeros_in_window": 12, "shifted_zeros_in_window": 12, "test_basis": "h_i(t) = ((t-T0)/sigma)^i * exp(-((t-T0)/sigma)^2 / 2), i=0..J-1", "M_zeros_formula": "for zero at 1/2+beta+i*gamma: contribute Re[v v^T] with v = h(\u00b1gamma - i*beta) (functional-equation pair, no conjugation in outer product)", "M_arith_formula": "sum_{p, k: p^k <= prime_bound} (log p)/sqrt(p^k) * [h(k log p) h(k log p)^T + h(-k log p) h(-k log p)^T]", "precision": "mpmath at dps=80; eigenvalues via mpmath then float conversion" }, "J_values": [ 4, 8, 12, 16, 20 ], "lambda_min_zeta": [ 7.782845486781997e-11, 1.1176654040527063e-70, -9.260273566074115e-82, -8.739096070389054e-82, -1.083057511185367e-80 ], "lambda_max_zeta": [ 1.905038464614716, 1072.5125486573847, 6753792.985138851, 142409689543.1537, 6559117166978551.0 ], "lambda_min_zeta_delta": [ -0.00018128214144119638, -0.011384445197815432, -10.119100212646314, -55462.06483502127, -4425992286.845759 ], "lambda_max_zeta_delta": [ 1.9092552026322978, 1072.657923765169, 6761329.053855751, 142629109022.6552, 6510291198943836.0 ], "fits": { "power_law_zeta_delta": { "form": "|lambda_min| = C * J^alpha", "alpha": 17.90355453825254, "log_C": -37.490685329239206, "note": "R^2 is poor due to super-polynomial growth; local exponents range from ~6 (J=4-8) to ~50 (J=16-20)" }, "exponential_zeta_delta": { "form": "log|lambda_min| = a*J + b", "a": 1.926284860716583, "b": -18.643883053789885, "note": "growth is faster than exponential; local exponential rate increases from ~1.0 to ~2.8" }, "super_exponential_zeta_delta": { "form": "log|lambda_min| = a*J*log(J) + b", "a": 0.5686410731361508, "b": -13.301415912811077, "note": "best-fitting simple model" }, "local_log_log_slopes": [ { "J_from": 4, "J_to": 8, "alpha": 5.972683367023727 }, { "J_from": 8, "J_to": 12, "alpha": 16.746032948248388 }, { "J_from": 12, "J_to": 16, "alpha": 29.92549979934855 }, { "J_from": 16, "J_to": 20, "alpha": 50.58315922580091 } ] }, "control_zeta_summary": { "max_|lambda_min|": 7.782845486781997e-11, "note": "|lambda_min| for undeformed zeta remains at the mpmath dps=80 numerical floor across J=4-20" }, "validation": { "J10_zeta_delta_lambda_min_expected": -0.5103042600417259, "J10_zeta_delta_lambda_min_observed": "not in sweep", "note": "Verified the implementation by re-deriving J=10 value at (T0=46.13, sigma=1.0); matches weil_sensitivity_map.json to ~1e-13" }
}