{ "analysis": "M_coh Non-Stationarity for L_DH", "N": 10000, "t_ranges": { "Low-t": [ 50, 550 ], "Mid-t": [ 1000, 10000 ], "High-t": [ 10000, 20000 ] }, "n_points_per_range": 1500, "n_blocks": 120, "gev_results": { "Low-t": { "shape_xi": -0.4642769560041281, "location_mu": 1.6389304878197297, "scale_sigma": 0.18786838517992466, "ci_lower": -1.5266219494587583, "ci_upper": -0.4399399101902585 }, "Mid-t": { "shape_xi": -0.4948105939228858, "location_mu": 1.6521648450197133, "scale_sigma": 0.19118844694014306, "ci_lower": -1.499212385015451, "ci_upper": -0.4541253674695312 }, "High-t": { "shape_xi": -1.2553211595313756, "location_mu": 0.07924483401052512, "scale_sigma": 2.48043631950269, "ci_lower": -1.4577373407595051, "ci_upper": -0.450165281170943 } }
}