{ "zeta": { "total_M2": 13546.775694817024, "M_1": 1965.746571248302, "M_2": 6483.538454470982, "M_3": 4759.568273991135, "M_4": 337.92239510660477, "frac_1": 0.14510807704599357, "frac_2": 0.4786038095361374, "frac_3": 0.3513432554886207, "frac_4": 0.02494485792924831, "cross12_Re": 1386.7568196273132, "cross12_Im": 160.6829173493644, "rel_cross12": 0.10236803582404366 }, "Delta": { "total_M2": 1.2521533395557165e+45, "M_1": 4.203966238545556e+44, "M_2": 4.784909785100937e+44, "M_3": 3.249380269317559e+44, "M_4": 2.832771025931117e+43, "frac_1": 0.3357389311469783, "frac_2": 0.3821344905567794, "frac_3": 0.2595033824268272, "frac_4": 0.02262319586941507, "cross12_Re": -2.5016423713514504e+44, "cross12_Im": -3.882740530177104e+43, "rel_cross12": -0.19978722192595613 }, "LDH": { "total_M2": 1525.5356862157648, "M_1": 618.478787291369, "M_2": 717.7688463920235, "M_3": 168.5711119362298, "M_4": 20.716940596142653, "frac_1": 0.4054174496734088, "frac_2": 0.4705028226330889, "frac_3": 0.11049961889412523, "frac_4": 0.013580108799377206, "cross12_Re": -81.15053243449192, "cross12_Im": 4.833651317354525, "rel_cross12": -0.05319477818037379 }, "parameters": { "N_terms": 10000, "T_range": [ 0, 500.0 ], "k_classes": [ 1, 2, 3, 4 ] }
}