{ "metadata": { "description": "Composite coherence R_comp vs truncation length N for three L-functions", "functions": [ "Riemann_Zeta", "Davenport_Heilbronn", "Liouville" ], "N_values": [ 10000, 100000 ], "t_range": [ 1000, 3000 ], "n_peaks": 10 }, "Riemann_Zeta": { "peak_t_values": [ 2447.6033114262164, 2819.3958678481235, 2927.863787978552, 2202.015567734681, 1967.3428348738805, 2556.7534197335654, 1658.9937789056196, 1549.8436705982706, 2030.786335327527, 1721.7550911823453 ], "N_10000": { "R_comp": [ 0.4156295481690815, 0.7067711365441012, 0.8096160875304356, 0.8753162228496497, 0.9582142784633144, 0.8064420970789486, 0.6014715233812299, 0.2658711608593982, 0.9636946810964441, 0.9523634847379887 ] }, "N_100000": { "R_comp": [ 0.4176234528565369, 0.47683272590491876, 0.4646832652722045, 0.5803514021859003, 0.9501221984614642, 0.8312064694240364, 0.5466969048721282, 0.4745065949964874, 0.9449646537010862, 0.5769346567307891 ] } }, "Davenport_Heilbronn": { "peak_t_values": [ 2612.6928502410815, 2798.248034363575, 2146.0761372271645, 2177.456793365527, 1294.0231042529213, 2331.631321349658, 1991.901609243034, 2984.485406662989, 2472.1620857953694, 2486.488037510709 ], "N_10000": { "R_comp": [ 0.8519484508444357, 0.9102850727289727, 0.6440976521966569, 0.981889077599078, 0.5072257879275632, 0.8161606146788175, 0.8729296278180063, 0.5037676109028577, 0.16704362687967006, 0.9455859037009725 ] }, "N_100000": { "R_comp": [ 0.9643317135060742, 0.8755379738475261, 0.49391978106923706, 0.9326310324067657, 0.08498023556715434, 0.9484053706021242, 0.8416856735382289, 0.44757576734349047, 0.3667772109034226, 0.981572854620055 ] } }, "Liouville": { "peak_t_values": [ 1083.2269575843536, 2433.9595478877973, 1735.398854720764, 2742.3086038560587, 1890.2555708818154, 2633.8406837256302, 2941.50755151697, 1609.8762301673125, 1364.2884864757773, 2668.6322807485976 ], "N_10000": { "R_comp": [ 0.813748256833751, 0.7995581189135387, 0.7964208661021198, 0.8498678322451991, 0.8833975258025145, 0.6406162103606342, 0.7531328968485337, 0.9986336293810738, 0.614995676057138, 0.9804659157216411 ] }, "N_100000": { "R_comp": [ 0.7284244240642903, 0.596602129136491, 0.6386920935554083, 0.8680967733808933, 0.7756783837909165, 0.9847786247378671, 0.6256969641374878, 0.6876419341093623, 0.3838133542318457, 0.9624948254591335 ] } }
}