Function,Phase Offset,Circular Mean (rad),Circular Mean (deg),Circular Std (rad),Circular Std (deg),cos(Δφ) Mean,Distance from π (rad),Distance from π (deg),Mean r
Zeta,Δφ(12),-0.16376625303560538,-9.383115125611695,0.8232519602314397,47.168862797133386,0.7030396694317003,2.977826400554188,170.61688487438832,1.2757496072058159
Zeta,Δφ(13),-0.5821845591213016,-33.356718135335136,1.8770435765044555,107.54667489584675,0.14346640654856058,2.5594080944684916,146.64328186466486,1.2757496072058159
Zeta,Δφ(23),-0.10684119993300807,-6.121549834274776,1.1239234030156215,64.39606748877621,0.5287072934925756,3.034751453656785,173.8784501657252,1.2757496072058159
Liouville,Δφ(12),3.098825427422145,177.5496184391123,0.8033564333885003,46.02893307784372,-0.723535565705508,0.042767226167648165,2.4503815608876938,-0.9025040023320511
Liouville,Δφ(13),0.09811595382392223,5.621630057011214,1.6168848953540145,92.6406804622368,0.26928647712423465,3.043476699765871,174.3783699429888,-0.9025040023320511
Liouville,Δφ(23),-3.1056170465103032,-177.93874954892425,1.0033537593876711,57.48793577149826,-0.6041053685452706,0.03597560707948988,2.0612504510757357,-0.9025040023320511
