{ "dataset_description": "Computationally generated resonance detector data for multiplicative function analysis", "date_generated": "2026-03-24T04:58:09.491798", "N_values": [ 10000, 100000, 1000000 ], "t_range_peak": [ 80.0, 92.0 ], "t_general_values": [ 10.0, 20.0, 30.0, 40.0, 50.0, 100.0, 150.0, 200.0 ], "function_classes": [ "zeta", "L_chi4", "f_rand", "L_DH" ], "summation_algorithm": "Kahan compensated summation", "random_seed": 42, "total_data_points": 396, "analysis_results": { "zeta": { "selected_model": "log_correlated", "alpha_power_law": 0.528400196378916, "delta_aic": 4.856752744840655 }, "L_chi4": { "selected_model": "log_correlated", "alpha_power_law": 8.119384085166661e-07, "delta_aic": 0.3128677288350019 }, "f_rand": { "selected_model": "log_correlated", "alpha_power_law": 0.020861797063304308, "delta_aic": 0.21759194609100163 }, "L_DH": { "selected_model": "power_law", "alpha_power_law": 0.00018254377387368908, "delta_aic": -1.1326934570188243, "expected_alpha": 0.3085, "discrepancy": 0.30831745622612633 } }
}