{ "N": 1000000, "omega_distribution": { "0": 1, "1": 78734, "2": 288726, "3": 379720, "4": 208034, "5": 42492, "6": 2285, "7": 8 }, "theoretical_E_Sk_sq": { "0": 1.0, "1": 3.660339696977052, "2": 5.128188329195177, "3": 3.4004212240425264, "4": 1.0634493999480992, "5": 0.13550474105253843, "6": 0.004812368424230543, "7": 1.0963226099890265e-05 }, "total_E_DN_sq_theoretical": 14.392726722865724, "fractions_theoretical": { "0": 0.06947953777315177, "1": 0.254318710238684, "2": 0.35630415472615234, "3": 0.2362596948804897, "4": 0.07388797275352954, "5": 0.009414806774400994, "6": 0.0003343611337096489, "7": 7.617198819229291e-07 }, "definition_I_results": { "description": "R_comp = E[|D_N(1/2+it)|^2] estimated by mean over 500 random t in [10, 10000]", "full": { "mean": 17.396746339599844, "ci95": [ 8.838116078101011, 32.60324174076458 ] } }, "definition_b_results": { "description": "R_comp = mean(\u03a3|S_k|\u00b2) / mean(|D_N|\u00b2) (ratio of empirical second moments)", "full": { "mean": 0.8319452738538796, "ci95": [ 0.5247599371581382, 1.229631588477475 ] } }, "controlled_experiment_definition_I": { "zero_omega_1": { "R_comp_mean": 12.967534223587066, "R_comp_ci95": [ 5.8724930101816835, 26.004003312544718 ], "delta_R_mean": -4.429212116012775, "delta_R_ci95": [ -6.610139200978725, -2.8222569455432533 ], "relative_pct_mean": -27.42959577494723, "relative_pct_ci95": [ -37.37894748087015, -18.716591929953875 ] }, "zero_omega_2": { "R_comp_mean": 10.621279363714326, "R_comp_ci95": [ 6.184156465977056, 18.527313543026512 ], "delta_R_mean": -6.775466975885518, "delta_R_ci95": [ -14.078964281772869, -2.521944726107141 ], "relative_pct_mean": -37.492182518868546, "relative_pct_ci95": [ -43.43246590943527, -28.00467130461213 ] }, "zero_omega_3": { "R_comp_mean": 11.653984455532335, "R_comp_ci95": [ 8.010137244395219, 17.674099314820026 ], "delta_R_mean": -5.742761884067509, "delta_R_ci95": [ -15.042598764492771, -0.6462648836821058 ], "relative_pct_mean": -28.23246431193882, "relative_pct_ci95": [ -46.688107888313134, -7.102901131039761 ] }, "zero_omega_4": { "R_comp_mean": 14.410648911615928, "R_comp_ci95": [ 8.902404234079498, 23.5169053704507 ], "delta_R_mean": -2.9860974279839136, "delta_R_ci95": [ -9.115923173324331, 0.33966768353583404 ], "relative_pct_mean": -13.261406007367233, "relative_pct_ci95": [ -28.853521342574847, 3.479480389433594 ] } }, "controlled_experiment_definition_b": { "zero_omega_1": { "R_comp_mean": 0.8512943002655929, "delta_R_mean": 0.01934902641171333, "relative_pct_mean": 1.670293437451689, "relative_pct_ci95": [ -3.8922139508037397, 10.486079254621758 ] }, "zero_omega_2": { "R_comp_mean": 0.8774971823343092, "delta_R_mean": 0.045551908480429525, "relative_pct_mean": 7.540547989913079, "relative_pct_ci95": [ -8.565325035038686, 21.28770655978553 ] }, "zero_omega_3": { "R_comp_mean": 0.8742535503189367, "delta_R_mean": 0.04230827646505707, "relative_pct_mean": 8.512105273495012, "relative_pct_ci95": [ -12.992229308331483, 29.55962550426973 ] }, "zero_omega_4": { "R_comp_mean": 0.8717577853159193, "delta_R_mean": 0.03981251146203959, "relative_pct_mean": 7.5436808132299, "relative_pct_ci95": [ -9.717158226243804, 25.413535433354145 ] } }, "pairwise_comparison_definition_I_S2_vs_others": { "omega_2_minus_omega_1": { "mean": -2.3462548598727424, "ci95": [ -7.586591628082898, 0.529231786976126 ], "P_omega2_larger_effect": 0.7595 }, "omega_2_minus_omega_3": { "mean": -1.0327050918180092, "ci95": [ -2.5767854996077575, 1.4138589382432425 ], "P_omega2_larger_effect": 0.821 }, "omega_2_minus_omega_4": { "mean": -3.789369547901604, "ci95": [ -5.292577193314687, -2.4661103364472274 ], "P_omega2_larger_effect": 1.0 } }, "n_t_samples": 500, "n_bootstrap": 2000, "random_seed": 20260509, "t_range": [ 10, 10000 ]
}