{ "hypothesis": "Complex M_jk eigenvalue features outperform magnitude-only proxy in strict protocol", "protocol": { "train": [ "F1", "F4", "F9" ], "test": [ "F2", "F6", "F7", "F10", "F11", "F12" ] }, "baseline_paper": { "feature_set": "normalized log|S_k| (k=1..6)", "AUC": 0.828 }, "class_level_features": { "F1": { "pc1_complex": 0.964841429236557, "H_complex": 0.0909791876502189, "pc1_mag": 0.9839752058484148, "H_mag": 0.04679839796092537, "GRH": true }, "F2": { "pc1_complex": 0.936709055485631, "H_complex": 0.1325753573024223, "pc1_mag": 0.9859669419492981, "H_mag": 0.04103426035363647, "GRH": true }, "F4": { "pc1_complex": 0.9035113867653687, "H_complex": 0.20621738964874528, "pc1_mag": 0.9704800807808603, "H_mag": 0.08062499069997565, "GRH": false }, "F5p": { "pc1_complex": 0.9027370634073858, "H_complex": 0.20837133847067968, "pc1_mag": 0.9697014303447281, "H_mag": 0.0823445923061632, "GRH": false }, "F5m": { "pc1_complex": 0.9061855016525466, "H_complex": 0.2018269959620074, "pc1_mag": 0.969589663152623, "H_mag": 0.08256417260656028, "GRH": false }, "F6": { "pc1_complex": 0.9378522864859852, "H_complex": 0.13303616211218794, "pc1_mag": 0.9680860231240013, "H_mag": 0.07876290214528149, "GRH": true }, "F7": { "pc1_complex": 0.9375394546321009, "H_complex": 0.13253788682381404, "pc1_mag": 0.9718066446608197, "H_mag": 0.07210240946159262, "GRH": true }, "F9": { "pc1_complex": 0.9563799101381004, "H_complex": 0.10209392337074963, "pc1_mag": 0.9855300197274757, "H_mag": 0.041046355568125685, "GRH": true }, "F10": { "pc1_complex": 0.9528499841683151, "H_complex": 0.10554510113300905, "pc1_mag": 0.9897807311891152, "H_mag": 0.03076719566882138, "GRH": true }, "F11": { "pc1_complex": 0.9542359489307927, "H_complex": 0.10346351570403609, "pc1_mag": 0.9875601398157005, "H_mag": 0.03649603910327714, "GRH": true }, "F12": { "pc1_complex": 0.9034115303490518, "H_complex": 0.1887742742841707, "pc1_mag": 0.9729857843969594, "H_mag": 0.07258384556387039, "GRH": false } }, "peak_level_results": { "a_baseline_logSk_norm_k1_6": { "AUC": 0.827785, "CI95": [ 0.8059184844163484, 0.8496952344971339 ] }, "b_complex_spectral_only": { "AUC": 1.0, "CI95": [ 1.0, 1.0 ] }, "c_combined": { "AUC": 0.93706, "CI95": [ 0.9231575464431663, 0.9509688280224996 ] }, "d_mag_proxy_spectral_only": { "AUC": 0.6, "CI95": [ 0.5695942913495525, 0.630255131610722 ] }, "e_baseline_plus_mag_spectral": { "AUC": 0.6753049999999999, "CI95": [ 0.6478163409517944, 0.7037406829786383 ] } }, "class_level_results": { "complex_spectral_strict_protocol": { "predictions": { "F2": 0, "F6": 0, "F7": 0, "F10": 0, "F11": 0, "F12": 1 }, "all_correct": true, "F6_misclassified": false, "F7_misclassified": false }, "mag_proxy_strict_protocol": { "predictions": { "F2": 0, "F6": 1, "F7": 1, "F10": 0, "F11": 0, "F12": 1 }, "all_correct": false, "F6_misclassified": true, "F7_misclassified": true }, "leave_one_class_out_complex": "11/11 correct" }, "caveats": [ "pc1_complex and H_complex are class-level constants (one value per 200 peaks); peak-level bootstrap CIs of [1.0,1.0] reflect class-level separability with only 6 test classes.", "Class-level evaluation with only 6 test points provides limited statistical power but shows complete separation.", "S_7 excluded from baseline (k=1..6) to avoid feature-leak (S_7=0 for mod-5 functions at N=10^6); for spectral features, full 8x8 M_jk used since spectrum is unaffected by zero rows when summed." ]
}