{ "config": { "N_terms": 50000, "T_start": 500.0, "T_end": 1000.0, "dt": 0.01, "classes": [ 0, 1, 2, 3, 4, 5 ], "decomposition_definition": { "pure_class_(k,k,k,k)": "sum_k \u222b|S_k|^4 dt", "diagonal_cross_class_(j,j,k,k)": "4 * sum_{j<k} \u222b|S_j|^2 |S_k|^2 dt", "off_diagonal_residual": "total - pure - 4*sum_{j<k} \u222b|S_j|^2|S_k|^2 dt" }, "integration": "Left Riemann sum on uniform grid t in [T_start, T_end) with step dt; validated against r16 N=10000 reference" }, "results": { "zeta": { "int_abs_D_pow4": 85933.3116148635, "int_pure_per_class_k": { "0": 500.0, "1": 8603.650943855911, "2": 11287.059578313676, "3": 2740.3947445715435, "4": 92.36988287278598, "5": 0.4236865924303497 }, "int_diag_cross_per_pair_jk": { "0,1": 1597.1502096361573, "0,2": 1523.4541677992902, "0,3": 663.9469970163319, "0,4": 124.85056742087913, "0,5": 8.110597926799256, "1,2": 8602.619765339645, "1,3": 3325.2896168686675, "1,4": 561.1615990770885, "1,5": 33.427696745364955, "2,3": 4858.508848070048, "2,4": 770.2382875041225, "2,5": 40.56940139829914, "3,4": 450.9740583832229, "3,5": 22.428009693863032, "4,5": 4.908856149403557 }, "sum_pure": 23223.898836206346, "sum_diag_cross_x4": 90350.55471611673, "off_diag": -27641.14193745958, "fraction_pure_pct": 27.025490348017044, "fraction_diag_cross_x4_pct": 105.14031522612612, "fraction_off_diag_pct": -32.165805574143164 }, "L_Delta": { "int_abs_D_pow4": 64001.99392305647, "int_pure_per_class_k": { "0": 500.0, "1": 4030.245745009258, "2": 3738.13629333572, "3": 385.4418610561182, "4": 4.111356711349337, "5": 0.001834937413949186 }, "int_diag_cross_per_pair_jk": { "0,1": 1062.5052787208153, "0,2": 747.7289963687322, "0,3": 195.75161724058592, "0,4": 15.874270772284158, "0,5": 0.3386477094981025, "1,2": 3358.6726978537445, "1,3": 874.5780100905811, "1,4": 61.181047463479054, "1,5": 0.9959049969904769, "2,3": 1048.1527700759152, "2,4": 67.6383713849266, "2,5": 0.9307235162423533, "3,4": 26.355096467623188, "3,5": 0.3296529336104884, "4,5": 0.06893280636773418 }, "sum_pure": 8657.93709104986, "sum_diag_cross_x4": 29844.408073605584, "off_diag": 25499.648758401025, "fraction_pure_pct": 13.527605251577752, "fraction_diag_cross_x4_pct": 46.63043484158429, "fraction_off_diag_pct": 39.84195990683796 }, "L_DH": { "int_abs_D_pow4": 26508.879396354125, "int_pure_per_class_k": { "0": 500.0, "1": 1622.1822854182851, "2": 3246.525379537834, "3": 526.005659823087, "4": 14.361424841650393, "5": 0.01699452800754895 }, "int_diag_cross_per_pair_jk": { "0,1": 662.6924516383178, "0,2": 864.0955602407828, "0,3": 301.52273680114575, "0,4": 49.76840966532063, "0,5": 1.6959521987114021, "1,2": 1253.8535481425847, "1,3": 539.578792964813, "1,4": 75.82549432122435, "1,5": 2.3319958056227454, "2,3": 861.1848998854922, "2,4": 131.28891595057115, "2,5": 3.4970340219195184, "3,4": 59.269269840779565, "3,5": 1.565901952095767, "4,5": 0.3224445658967663 }, "sum_pure": 5909.091744148864, "sum_diag_cross_x4": 19233.973631981113, "off_diag": 1365.8140202241484, "fraction_pure_pct": 22.29099033496514, "fraction_diag_cross_x4_pct": 72.55672087982127, "fraction_off_diag_pct": 5.152288785213586 } }
}