{ "config": { "N_terms": 1000000, "T_start": 500.0, "T_end": 1000.0, "dt": 0.01, "classes": [ 0, 1, 2, 3, 4, 5 ], "decomposition_definition": { "pure_class_(k,k,k,k)": "sum_k \u222b|S_k|^4 dt", "diagonal_cross_class_(j,j,k,k)": "4 * sum_{j<k} \u222b|S_j|^2 |S_k|^2 dt", "off_diagonal_residual": "total - pure - 4*sum_{j<k} \u222b|S_j|^2|S_k|^2 dt" }, "integration": "Left Riemann sum on uniform grid t in [T_start, T_end) with step dt; validated against N=10000 reference to ~1e-5 relative error", "engine": "Numba JIT parallelized exp(-i t log n) accumulation; coefficients: a_zeta=1, a_Delta=tau(n)/n^(11/2) via fmpz_series Euler-prod eta^24, a_LDH=A*chi(n)+B*conj(chi)(n) with chi mod 5 of order 4" }, "results": { "zeta": { "int_abs_D_pow4": 110275.26927385424, "int_pure_per_class_k": [ 500.0, 9397.720835304062, 15387.586136569957, 6524.009400042514, 525.576631697298, 6.8453727484001075 ], "int_diag_cross_per_pair_jk": { "0,1": 1651.8638247673935, "0,2": 1795.7731166800888, "0,3": 1022.7966634640787, "0,4": 282.9295631518721, "0,5": 29.75697644466455, "1,2": 10509.108848459287, "1,3": 5314.473253007995, "1,4": 1327.3345614523348, "1,5": 128.0774193328854, "2,3": 8233.581613675979, "2,4": 2090.239458407036, "2,5": 195.91872432581175, "3,4": 1505.7623986004276, "3,5": 153.45635291269, "4,5": 48.184913582360295 }, "sum_pure": 32341.73837636223, "sum_diag_cross_x4": 137157.0307530596, "off_diag": -59223.4998555676, "fraction_pure_pct": 29.328188078186184, "fraction_diag_cross_x4_pct": 124.37696290040157, "fraction_off_diag_pct": -53.705150978587746 }, "L_Delta": { "int_abs_D_pow4": 64054.716610621246, "int_pure_per_class_k": [ 500.0, 4530.704590602082, 5746.67459582351, 1113.2576095360314, 32.2894294035815, 0.5361810875402647 ], "int_diag_cross_per_pair_jk": { "0,1": 1162.321026486096, "0,2": 891.592763822552, "0,3": 313.63363637130203, "0,4": 49.60239802202663, "0,5": 3.47939642750639, "1,2": 4402.842203366169, "1,3": 1614.2929293387099, "1,4": 234.5615054639704, "1,5": 14.422579657053776, "2,3": 2297.5615581093143, "2,4": 322.15742582724937, "2,5": 17.537865533932067, "3,4": 164.57377445483354, "3,5": 8.489924892712452, "4,5": 2.3912566020657504 }, "sum_pure": 11923.462406452743, "sum_diag_cross_x4": 45997.840977501975, "off_diag": 6133.413226666526, "fraction_pure_pct": 18.61449560214845, "fraction_diag_cross_x4_pct": 71.81023258149087, "fraction_off_diag_pct": 9.57527181636069 }, "L_DH": { "int_abs_D_pow4": 26508.470004195042, "int_pure_per_class_k": [ 500.0, 1779.1205247586338, 4037.2912252876185, 1061.9032181168402, 66.02316478428631, 0.49445179331046957 ], "int_diag_cross_per_pair_jk": { "0,1": 697.3674351567739, "0,2": 963.4432354062166, "0,3": 409.9778904147863, "0,4": 101.52803687741562, "0,5": 8.380057289523617, "1,2": 1512.8385954796527, "1,3": 787.5220246068749, "1,4": 172.50173029436573, "1,5": 12.62410788995363, "2,3": 1378.729584865683, "2,4": 321.2023299738275, "2,5": 23.18876536381265, "3,4": 201.94907839006822, "3,5": 13.235023831290668, "4,5": 4.391223379017748 }, "sum_pure": 7444.83258474069, "sum_diag_cross_x4": 26435.516476877056, "off_diag": -7371.879057422702, "fraction_pure_pct": 28.084731346481046, "fraction_diag_cross_x4_pct": 99.72479163336683, "fraction_off_diag_pct": -27.809522979847877 } }
}