{ "config": { "N_terms": 10000, "T_start": 500.0, "T_end": 1000.0, "dt": 0.01, "classes": [ 0, 1, 2, 3, 4, 5 ], "decomposition_definition": { "pure_class_(k,k,k,k)": "sum_k \u222b|S_k|^4 dt", "diagonal_cross_class_(j,j,k,k)": "4 * sum_{j<k} \u222b|S_j|^2 |S_k|^2 dt", "off_diagonal_residual": "total - pure - 4*sum_{j<k} \u222b|S_j|^2|S_k|^2 dt" } }, "results": { "zeta": { "int_abs_D_pow4": 85022.92665612107, "int_pure_per_class_k": { "0": 499.99999999954525, "1": 8163.875922995023, "2": 9533.764531891067, "3": 1588.4886743111329, "4": 33.08073867426325, "5": 0.028693100525267093 }, "int_diag_cross_per_pair_jk": { "0,1": 1557.4360643190462, "0,2": 1391.8203172352, "0,3": 520.0310449424459, "0,4": 73.24926230367714, "0,5": 2.4127388474616662, "1,2": 7656.017873420015, "1,3": 2557.242608539851, "1,4": 331.3736461973586, "1,5": 8.570044830667364, "2,3": 3435.6122151932104, "2,4": 400.53080494784547, "2,5": 8.674397040458128, "3,4": 188.01466764869878, "3,5": 3.843468481449581, "4,5": 0.6285580281020837 }, "fraction_pure_pct": 23.31046382481202, "fraction_diag_cross_x4_pct": 85.32031735545935, "fraction_off_diag_pct": -8.63078118027138 }, "L_Delta": { "int_abs_D_pow4": 45405.7576512728, "int_pure_per_class_k": { "0": 499.99999999954525, "1": 3776.6053379312125, "2": 2652.4729656721365, "3": 138.21485972377712, "4": 0.4974934081881403, "5": 6.2265057592609275e-06 }, "int_diag_cross_per_pair_jk": { "0,1": 984.7922673429305, "0,2": 591.1132048886983, "0,3": 114.20725700002855, "0,4": 5.765350237201957, "0,5": 0.03530890811359517, "1,2": 2615.5439572082073, "1,3": 472.5260760130651, "1,4": 18.738231461835255, "1,5": 0.08208299226393143, "2,3": 508.46726689082493, "2,4": 17.549591039123552, "2,5": 0.05821775157208364, "3,4": 4.649395904946315, "3,5": 0.013676968563377818, "4,5": 0.001144379605588534 }, "fraction_pure_pct": 15.565846774859937, "fraction_diag_cross_x4_pct": 46.985609798210014, "fraction_off_diag_pct": 37.44854342693006 }, "L_DH": { "int_abs_D_pow4": 26507.495161690218, "int_pure_per_class_k": { "0": 499.99999999954525, "1": 1492.3949194885274, "2": 2697.9646109691644, "3": 288.30051448508004, "4": 3.733272793496076, "5": 7.786273648975863e-05 }, "int_diag_cross_per_pair_jk": { "0,1": 636.3807755277148, "0,2": 794.6169333134385, "0,3": 229.52927328644608, "0,4": 27.18195073836654, "0,5": 0.1589675526059492, "1,2": 1105.5711040281108, "1,3": 389.2912382724511, "1,4": 37.31502610662761, "1,5": 0.1999563543098549, "2,3": 583.3166769322413, "2,4": 60.61870113330204, "2,5": 0.2693841837387778, "3,4": 21.70222480537068, "3,5": 0.07925166095295212, "4,5": 0.009604003938710238 }, "fraction_pure_pct": 18.79616827318834, "fraction_diag_cross_x4_pct": 58.64365598023281, "fraction_off_diag_pct": 22.560175746578867 } }
}