Metric,True_Value_deg,Null_Mean_deg,Null_Std_deg,P_value,Significant
Δθ_1,6.602218314481081,-4.559925279956126,71.40483981381209,0.9253731343283582,No
Δθ_2,-25.855753882286873,2.8771090273659916,38.748580212856105,0.5522388059701493,No
Δθ_3,18.62706429497704,-5.298198354362041,40.95934867048283,0.6666666666666666,No
Δθ_4,-47.50569127887139,5.862543849790834,67.3280864227808,0.472636815920398,No
Δθ_5,-59.89844766916061,1.4015263710606822,93.8014100805483,0.5771144278606966,No
Angular_Spread,30.82438082349693,59.16696141245309,23.073130087409822,0.09950248756218906,No
