{ "config": { "N_terms": 10000, "T_start": 20000.0, "T_end": 20500.0, "dt": 0.01, "classes": [ 0, 1, 2, 3, 4, 5 ], "decomposition_definition": { "pure_class_(k,k,k,k)": "sum_k \u222b|S_k|^4 dt", "diagonal_cross_class_(j,j,k,k)": "4 * sum_{j<k} \u222b|S_j|^2 |S_k|^2 dt", "off_diagonal_residual": "total - pure - 4*sum_{j<k} \u222b|S_j|^2|S_k|^2 dt" } }, "results": { "zeta": { "int_abs_D_pow4": 375163.3748820933, "int_pure_per_class_k": { "0": 499.9899999999999, "1": 10336.459175304797, "2": 23734.34187235863, "3": 7236.754643947501, "4": 158.5800638848666, "5": 0.0396314096823827 }, "int_diag_cross_per_pair_jk": { "0,1": 1630.3032823994104, "0,2": 1825.7907591542198, "0,3": 783.9331921153718, "0,4": 116.3928835933421, "0,5": 2.7104083706581656, "1,2": 13748.408461165378, "1,3": 5968.313689603219, "1,4": 748.1858278316871, "1,5": 11.424756494956757, "2,3": 11305.725660212775, "2,4": 1361.2008692585664, "2,5": 16.263181857039086, "3,4": 902.7790553680957, "3,5": 9.342129251005902, "4,5": 1.6025398012017766 }, "fraction_pure_pct": 11.186104027370648, "fraction_diag_cross_x4_pct": 40.97668298090718, "fraction_off_diag_pct": 47.837212991722176 }, "L_Delta": { "int_abs_D_pow4": 52130.87309449485, "int_pure_per_class_k": { "0": 499.9899999999999, "1": 3875.31055599475, "2": 4207.538472347404, "3": 598.5896477687043, "4": 1.0918557139058798, "5": 8.328579743063342e-06 }, "int_diag_cross_per_pair_jk": { "0,1": 980.7617015405317, "0,2": 597.629962813785, "0,3": 135.21964618564985, "0,4": 7.06652213334887, "0,5": 0.03913971373514594, "1,2": 3052.5960532960735, "1,3": 747.2897771329267, "1,4": 29.71145399256865, "1,5": 0.09886184020445088, "2,3": 1355.813058917755, "2,4": 49.40459548969315, "2,5": 0.09555035264970096, "3,4": 23.522275375880277, "3,5": 0.03714432916850155, "4,5": 0.002013695451532959 }, "fraction_pure_pct": 17.614361692175535, "fraction_diag_cross_x4_pct": 53.5520496206418, "fraction_off_diag_pct": 28.83358868718266 }, "L_DH": { "int_abs_D_pow4": 47595.03511772889, "int_pure_per_class_k": { "0": 499.9899999999999, "1": 1617.7918770743925, "2": 4343.0819166419315, "3": 531.0802178020873, "4": 3.14875478710594, "5": 7.239861979126758e-05 }, "int_diag_cross_per_pair_jk": { "0,1": 641.9324379719567, "0,2": 829.538279319114, "0,3": 270.35449317519397, "0,4": 22.874944385076425, "0,5": 0.1526602557778513, "1,2": 1481.9752883562692, "1,3": 491.35284904466755, "1,4": 33.446311385807775, "1,5": 0.1944302556979381, "2,3": 1165.2217162974116, "2,4": 69.11402414304402, "2,5": 0.2634462838873009, "3,4": 27.076409744223497, "3,5": 0.08671099064062716, "4,5": 0.008238377558435605 }, "fraction_pure_pct": 14.697106161181301, "fraction_diag_cross_x4_pct": 42.30350688919938, "fraction_off_diag_pct": 42.99938694961932 } }
}