{ "config": { "N_terms": 10000, "T_start": 5000.0, "T_end": 5500.0, "dt": 0.01, "classes": [ 0, 1, 2, 3, 4, 5 ], "decomposition_definition": { "pure_class_(k,k,k,k)": "sum_k \u222b|S_k|^4 dt", "diagonal_cross_class_(j,j,k,k)": "4 * sum_{j<k} \u222b|S_j|^2 |S_k|^2 dt", "off_diagonal_residual": "total - pure - 4*sum_{j<k} \u222b|S_j|^2|S_k|^2 dt" } }, "results": { "zeta": { "int_abs_D_pow4": 228633.0656428241, "int_pure_per_class_k": { "0": 499.9899999999999, "1": 9638.993568675305, "2": 19533.320390397803, "3": 4543.425729938146, "4": 135.23443333002479, "5": 0.033716144299881776 }, "int_diag_cross_per_pair_jk": { "0,1": 1624.8949002998793, "0,2": 1731.1686812976818, "0,3": 723.1654660034693, "0,4": 113.32009280306893, "0,5": 2.5598560639070875, "1,2": 11944.102613454197, "1,3": 4800.758947436316, "1,4": 697.0908327592631, "1,5": 10.979050432701282, "2,3": 8405.865987610896, "2,4": 1192.298717394896, "2,5": 14.398282177878983, "3,4": 685.5490690818015, "3,5": 7.338141802616315, "4,5": 1.381063162536003 }, "fraction_pure_pct": 15.024510012103635, "fraction_diag_cross_x4_pct": 55.90594975741917, "fraction_off_diag_pct": 29.069540230477195 }, "L_Delta": { "int_abs_D_pow4": 45220.91190983058, "int_pure_per_class_k": { "0": 499.9899999999999, "1": 3873.7007529789016, "2": 2868.9962075789817, "3": 104.58279856753006, "4": 0.19711696764024644, "5": 5.098729657575108e-06 }, "int_diag_cross_per_pair_jk": { "0,1": 980.3586138762132, "0,2": 580.6659200507086, "0,3": 101.49523154155779, "0,4": 4.941060567773583, "0,5": 0.033422821804327416, "1,2": 2701.9716538223456, "1,3": 414.3680672988499, "1,4": 15.387806430067938, "1,5": 0.07220556233675243, "2,3": 461.02742188697584, "2,4": 14.59101216616606, "2,5": 0.04924655758083733, "3,4": 3.6111503025215566, "3,5": 0.009911849430520533, "4,5": 0.0006205523238358064 }, "fraction_pure_pct": 16.247940545388506, "fraction_diag_cross_x4_pct": 46.69152498129206, "fraction_off_diag_pct": 37.060534473319436 }, "L_DH": { "int_abs_D_pow4": 48241.157377239644, "int_pure_per_class_k": { "0": 499.9899999999999, "1": 1537.759181650884, "2": 3661.4000984086033, "3": 727.739211961642, "4": 4.477068203849058, "5": 7.591055185706861e-05 }, "int_diag_cross_per_pair_jk": { "0,1": 641.3674040438475, "0,2": 859.9795463303948, "0,3": 315.2432307981203, "0,4": 24.837629879522417, "0,5": 0.15707691408979282, "1,2": 1400.5703633929625, "1,3": 539.501001704499, "1,4": 37.23028109286052, "1,5": 0.19651260222075245, "2,3": 1222.971220445249, "2,4": 79.92012060878926, "2,5": 0.279920948055048, "3,4": 43.76107741186017, "3,5": 0.10402506400690562, "4,5": 0.009270723309730146 }, "fraction_pure_pct": 13.33169846204783, "fraction_diag_cross_x4_pct": 42.835860189350974, "fraction_off_diag_pct": 43.8324413486012 } }
}