{
  "computation_results": [
    {
      "N": 10000,
      "K_N": 5,
      "k_max": 5,
      "n_t": 26386,
      "sparse_factor": 1,
      "B_N": 48.51894643270221,
      "k_star": 2,
      "alpha_B": 0.4214778404464515,
      "max_1pr": 4.009286214559883,
      "mean_1pr": 0.6810478222245813,
      "per_class": {
        "1": {
          "mean_Sk_sq": 3.2229511642451887,
          "max_Sk_sq": 21.461302298237666,
          "R_k": 6.658897763120118
        },
        "2": {
          "mean_Sk_sq": 3.3240689251861273,
          "max_Sk_sq": 48.51894643270221,
          "R_k": 14.596251619537476
        },
        "3": {
          "mean_Sk_sq": 1.3485834827424383,
          "max_Sk_sq": 40.43367063116785,
          "R_k": 29.98232675143193
        },
        "4": {
          "mean_Sk_sq": 0.21077482197318909,
          "max_Sk_sq": 7.697002076898738,
          "R_k": 36.517654266493984
        },
        "5": {
          "mean_Sk_sq": 0.005416891570515125,
          "max_Sk_sq": 0.0947651350849097,
          "R_k": 17.49437548292995
        }
      },
      "runtime_s": 4.68779182434082
    },
    {
      "N": 50000,
      "K_N": 6,
      "k_max": 6,
      "n_t": 77491,
      "sparse_factor": 2,
      "B_N": 81.29641227165749,
      "k_star": 2,
      "alpha_B": 0.4064872468243774,
      "max_1pr": 4.569687526405931,
      "mean_1pr": 0.6888264177552227,
      "per_class": {
        "1": {
          "mean_Sk_sq": 3.3945652366193446,
          "max_Sk_sq": 24.322737301326775,
          "R_k": 7.16519954866145
        },
        "2": {
          "mean_Sk_sq": 3.9713543364518027,
          "max_Sk_sq": 81.29641227165749,
          "R_k": 20.470702280444605
        },
        "3": {
          "mean_Sk_sq": 1.9602753545932936,
          "max_Sk_sq": 75.54948912985984,
          "R_k": 38.54024331471249
        },
        "4": {
          "mean_Sk_sq": 0.41717282647305837,
          "max_Sk_sq": 27.368609321938504,
          "R_k": 65.60496653946373
        },
        "5": {
          "mean_Sk_sq": 0.02597113818482461,
          "max_Sk_sq": 1.4096929582063,
          "R_k": 54.279213647633206
        },
        "6": {
          "mean_Sk_sq": 0.0001031125503837073,
          "max_Sk_sq": 0.00040913026852818017,
          "R_k": 3.967802823281019
        }
      },
      "runtime_s": 78.7822470664978
    },
    {
      "N": 100000,
      "K_N": 6,
      "k_max": 6,
      "n_t": 65965,
      "sparse_factor": 5,
      "B_N": 96.02034895511616,
      "k_star": 3,
      "alpha_B": 0.3964726559879625,
      "max_1pr": 4.6822311295022825,
      "mean_1pr": 0.6811122164049899,
      "per_class": {
        "1": {
          "mean_Sk_sq": 3.466895637715169,
          "max_Sk_sq": 23.50965756644591,
          "R_k": 6.781184097580672
        },
        "2": {
          "mean_Sk_sq": 4.242139105207022,
          "max_Sk_sq": 85.39572573949327,
          "R_k": 20.130345474686138
        },
        "3": {
          "mean_Sk_sq": 2.235874154649954,
          "max_Sk_sq": 96.02034895511616,
          "R_k": 42.945328007581445
        },
        "4": {
          "mean_Sk_sq": 0.524989134601722,
          "max_Sk_sq": 36.8935829877913,
          "R_k": 70.27494581536484
        },
        "5": {
          "mean_Sk_sq": 0.04206760095947783,
          "max_Sk_sq": 3.914305670113888,
          "R_k": 93.0479889709992
        },
        "6": {
          "mean_Sk_sq": 0.00037949210583306794,
          "max_Sk_sq": 0.006699000937847182,
          "R_k": 17.652543583591584
        }
      },
      "runtime_s": 158.4481270313263
    },
    {
      "N": 150000,
      "K_N": 6,
      "k_max": 6,
      "n_t": 102432,
      "sparse_factor": 5,
      "B_N": 148.0383799527663,
      "k_star": 3,
      "alpha_B": 0.41930758465317197,
      "max_1pr": 4.693988524824739,
      "mean_1pr": 0.6924175043297404,
      "per_class": {
        "1": {
          "mean_Sk_sq": 3.4952067550215973,
          "max_Sk_sq": 29.85762006500343,
          "R_k": 8.542447459540613
        },
        "2": {
          "mean_Sk_sq": 4.357035128127067,
          "max_Sk_sq": 107.59109916270538,
          "R_k": 24.693649694983048
        },
        "3": {
          "mean_Sk_sq": 2.3912863235460713,
          "max_Sk_sq": 148.0383799527663,
          "R_k": 61.90742551198894
        },
        "4": {
          "mean_Sk_sq": 0.5985702608740653,
          "max_Sk_sq": 52.0512695731733,
          "R_k": 86.95933121897029
        },
        "5": {
          "mean_Sk_sq": 0.0537615805687384,
          "max_Sk_sq": 5.378744093033007,
          "R_k": 100.0481019369559
        },
        "6": {
          "mean_Sk_sq": 0.0006911285930393427,
          "max_Sk_sq": 0.020985590815387048,
          "R_k": 30.364234712240354
        }
      },
      "runtime_s": 391.21289587020874
    }
  ],
  "resonance_analysis": {
    "N": 150000,
    "k_target": 3,
    "t_peak": 100799.22093897355,
    "rayleigh_R": 0.9547920999631405,
    "amplification": 3.4434825612628517,
    "Sk_sq_at_peak": 148.0383799527663
  },
  "thresholds": {
    "lindelof": 0.0,
    "bourgain": 0.3095,
    "convexity": 0.5
  },
  "theorems_verified": {
    "theorem_1": true
  }
}