{ "parameters": { "N": 100000, "t_min": 1000, "t_max": 10000, "n_points": 9001, "n_blocks": 100, "block_size": 90 }, "functions": { "zeta": { "mean_R_comp": 0.004337004040265915, "std_R_comp": 0.0033775981415453313, "min_R_comp": 2.9611364552241267e-05, "max_R_comp": 0.024893641905166065, "gev": { "xi": -0.16224844486962609, "mu": 0.01604988768849955, "sigma": 0.002456312625617639, "ci_xi": [ -0.2714981540916257, -0.03190959577989432 ], "ci_mu": [ 0.015558981188477677, 0.016617256494403324 ], "ci_sigma": [ 0.0020545661008169957, 0.002821531694600006 ] } }, "f_rand": { "mean_R_comp": 0.004816965578868306, "std_R_comp": 0.004554198867393437, "min_R_comp": 3.264323328183426e-05, "max_R_comp": 0.06549120358251455, "gev": { "xi": 0.043605385075882304, "mu": 0.022929006829399006, "sigma": 0.005768691137707514, "ci_xi": [ -0.1344975947221349, 0.218091144334668 ], "ci_mu": [ 0.021702369605231798, 0.024272306330042053 ], "ci_sigma": [ 0.004737191512085397, 0.0066642043367121165 ] } }, "f_alt": { "mean_R_comp": 0.004723949326383341, "std_R_comp": 0.004499297395743244, "min_R_comp": 4.9092449256363105e-05, "max_R_comp": 0.0536590838988136, "gev": { "xi": -0.06641695628587999, "mu": 0.024513019098719745, "sigma": 0.0071305699813029935, "ci_xi": [ -0.19663567246964744, 0.055573912914272286 ], "ci_mu": [ 0.022971053063916787, 0.02625305015635179 ], "ci_sigma": [ 0.006096395466210117, 0.00811446267982301 ] } } }, "statistical_tests": { "mean_comparison": { "t_statistic": 1.3784623389026658, "p_value": 0.16807771973819757, "cohens_d": 0.02054776178411783 }, "shape_parameter_comparison": { "delta_xi": 0.11002234136176228, "permutation_p_value": 0.3261, "ci_overlap": true }, "comparison_with_zeta": { "f_rand_vs_zeta": { "delta_xi": 0.20585382994550838, "ci_overlap": true }, "f_alt_vs_zeta": { "delta_xi": 0.0958314885837461, "ci_overlap": true } } }
}