Function,N,Q4_mean_r,Q4_std_r,Q4_n
zeta,10000,1.499572406876468,0.7106689297148533,50
zeta,100000,1.7387785514113046,0.7756336629099599,50
zeta,1000000,1.532407420976472,0.9862257746776735,35
liouville,10000,1.3605687796709631,0.7745345199440764,50
liouville,100000,1.4726631331265887,0.8203170179962308,50
liouville,1000000,1.3465945447214662,0.9382071500565079,33
