{ "description": "Artificial Weil form: zeta critical zeros + L_DH off-critical pair (beta=\u00b10.3085, gamma=85.6993) at T0=85.7, sigma=2.0. Tests whether L_DH alpha~0.9 is a geometric signature of the off-critical pair projection.", "parameters": { "T0": "85.7", "sigma": "2.0", "half_window": "40.0", "prime_bound": 1000, "dps": 80, "beta_off": "0.3085", "gamma_off": "85.6993", "critical_zeros_in_window": 33, "M_zeros_formula": "Re[v v^T] with v = h(\u00b1gamma - i*beta), per-zero summed over functional-eq pair", "M_arith_formula": "standard zeta prime-power sum (log p)/sqrt(p^k)" }, "J_values": [ 4, 8, 12, 16, 20 ], "lambda_min_artificial_zeta_plus_offpair": [ 0.18455510069660175, -0.004054408163657514, -0.007089958796661557, -0.009609796128333438, -0.010411572178310855 ], "lambda_max_artificial_zeta_plus_offpair": [ 4.0094784294200085, 786.601081672052, 10725360.884189343, 319614413936.9529, 3.29390282475629e+16 ], "lambda_min_zeta_critical_only_control": [ 0.19110706828028035, 3.874204316718405e-05, 1.7398071231846848e-13, 1.5852818713594968e-28, 6.20810510233755e-54 ], "lambda_min_6sigma_window_check": [ 0.18455510069659806, -0.004054408180418023, -0.007089975914611564, -0.009626767089563268, -0.010864408869759503 ], "power_law_fits": { "alpha_J8_to_J20_main_window40": 1.0599838236824497, "alpha_J8_to_J20_window_6sigma": 1.0981078293019098, "reference_ldh_alpha_J8_to_J20": 0.9038640584609449, "reference_single_shift_zeta_alpha": 13.975311690480662, "reference_multi_shift_zeta_alpha": 28.242704189282815 }, "local_log_log_slopes": [ { "J_from": 8, "J_to": 12, "alpha": 1.37835486508191 }, { "J_from": 12, "J_to": 16, "alpha": 1.0570817867693452 }, { "J_from": 16, "J_to": 20, "alpha": 0.3591181026845985 } ], "conclusion": "Artificial zeta+off-critical-pair reproduces alpha~1.0, very close to L_DH alpha~0.9 and orders of magnitude smaller than single-zero-shift alpha~14. Confirms the geometric-signature hypothesis: the slow growth is a property of projecting a single off-critical pair onto the Gaussian-monomial basis at T0=85.7, sigma=2.0, not specific to L_DH arithmetic."
}