{ "analysis_parameters": { "N": 100000, "t_range": [ 1000.0, 10000.0 ], "dt": 5.0, "num_t_values": 1801, "num_peaks": 50 }, "distribution_A_R_comp_peaks": { "mean": 1.436048852052821, "std": 0.26900221789067247, "median": 1.5507134811190124, "min": 0.7565043938444282, "max": 1.6980434918895115, "n_above_1": 45, "percent_above_1": 90.0 }, "distribution_B_D_DH_peaks": { "mean": 1.5650438483552263, "std": 0.16097375598379762, "median": 1.6191007045858115, "min": 0.9428791417007525, "max": 1.700378729255686, "n_above_1": 49, "percent_above_1": 98.0 }, "statistical_tests": { "mann_whitney_two_sided": { "test_statistic": 952.0, "p_value": 0.04025280086250631, "significant": true }, "mann_whitney_one_sided_less": { "test_statistic": 952.0, "p_value": 0.020126400431253154, "significant": true }, "effect_size_rank_biserial": 0.23839999999999995 }, "peak_overlap": { "n_overlap": 38, "percent_overlap": 76.0 }
}