{ "config": { "N_terms": 10000, "T_start": 0.0, "T_end": 500.0, "dt": 0.01, "classes": [ 0, 1, 2, 3, 4, 5 ], "decomposition_definition": { "pure_class_(k,k,k,k)": "sum_k \u222b|S_k|^4 dt", "diagonal_cross_class_(j,j,k,k)": "4 * sum_{j<k} \u222b|S_j|^2 |S_k|^2 dt (combinatorial factor 4 from ordered (j1,j2,k1,k2) tuples with positive multiset = negative multiset = {j,k})", "off_diagonal_residual": "total - pure - diagonal_cross" } }, "results": { "zeta": { "int_abs_D_pow4": 627824606.0868913, "int_pure_per_class_k": { "0": 500.0, "1": 318707.3097319725, "2": 21617258.149318095, "3": 10055368.809663765, "4": 26951.22016932085, "5": 0.07594853607978619 }, "int_diag_cross_per_pair_jk": { "0,1": 1965.74657124275, "0,2": 6483.538454476226, "0,3": 4759.568273992187, "0,4": 337.92239510650415, "0,5": 2.835203567556197, "1,2": 2528647.7161586247, "1,3": 1618245.709497935, "1,4": 75638.4350061265, "1,5": 89.43668359728206, "2,3": 14407697.192641916, "2,4": 692185.434195077, "2,5": 775.3318560510378, "3,4": 505658.98206426617, "3,5": 592.1745607081173, "4,5": 34.3159289775777 }, "fraction_pure_pct": 5.099957098591365, "fraction_diag_cross_x4_pct": 12.642457238603587, "fraction_off_diag_pct": 82.25758566280503 }, "L_Delta": { "int_abs_D_pow4": 33036.7337645652, "int_pure_per_class_k": { "0": 500.0, "1": 3261.5763360044675, "2": 1958.0838736812516, "3": 115.05829568339605, "4": 0.20719302012257745, "5": 7.84036223669931e-06 }, "int_diag_cross_per_pair_jk": { "0,1": 976.303427180437, "0,2": 566.192099504023, "0,3": 113.40989058945627, "0,4": 5.078209960224693, "0,5": 0.03588272461626193, "1,2": 2155.8551371938242, "1,3": 417.3343360790417, "1,4": 15.008107990989629, "1,5": 0.08029172655014989, "2,3": 403.14123704666457, "2,4": 12.941591289844848, "2,5": 0.05633326185650807, "3,4": 3.800505608807156, "3,5": 0.014896057427747987, "4,5": 0.0008614959388394316 }, "fraction_pure_pct": 17.661932767966515, "fraction_diag_cross_x4_pct": 56.53407314397267, "fraction_off_diag_pct": 25.80399408806082 }, "L_DH": { "int_abs_D_pow4": 16093.92497606283, "int_pure_per_class_k": { "0": 500.0, "1": 1370.4581003771495, "2": 2276.6671980513574, "3": 140.41795551682688, "4": 1.9406548322886112, "5": 7.312525915439925e-05 }, "int_diag_cross_per_pair_jk": { "0,1": 618.4787872968723, "0,2": 717.7688463987048, "0,3": 168.57111193621955, "0,4": 20.7169405961421, "0,5": 0.15364589658090072, "1,2": 865.4376553335453, "1,3": 247.6448513295968, "1,4": 25.528139913202036, "1,5": 0.1889288213177704, "2,3": 355.50663462802004, "2,4": 42.45936375719374, "2,5": 0.22921962438493387, "3,4": 11.515738494401955, "3,5": 0.05627293522682765, "4,5": 0.007433179382753332 }, "fraction_pure_pct": 26.652814576200722, "fraction_diag_cross_x4_pct": 76.40805023543412, "fraction_off_diag_pct": -3.0608648116348336 } }
}