{ "N_zeros": 2000, "gamma_max": 2515.286482924713, "r8_kernel_matrix": { "construction": "Q_N[m,n] = phi((gamma_m - gamma_n)/W) ; N x N symmetric", "shape": [ 2000, 2000 ], "results_by_(W, phi)": { "W=1.0,phi=quartic": { "lambda_min": 0.018923097613783746, "lambda_max": 1.9810769023862163 }, "W=1.0,phi=triangle": { "lambda_min": 0.09750250170668551, "lambda_max": 1.9024974982933145 }, "W=1.0,phi=gauss": { "lambda_min": 0.009112132575487264, "lambda_max": 2.230488019181155 }, "W=2.0,phi=quartic": { "lambda_min": -0.0926675750692594, "lambda_max": 2.5062432445971448 }, "W=2.0,phi=triangle": { "lambda_min": 0.04722511944769301, "lambda_max": 2.3455078486386096 }, "W=2.0,phi=gauss": { "lambda_min": 0.00010256980287088222, "lambda_max": 3.488801747646993 }, "W=5.0,phi=quartic": { "lambda_min": -0.2286797289178617, "lambda_max": 5.103414945910653 }, "W=5.0,phi=triangle": { "lambda_min": 0.017960152467329765, "lambda_max": 4.8326228689146715 }, "W=5.0,phi=gauss": { "lambda_min": -4.660009212838862e-16, "lambda_max": 8.399303390261483 }, "W=10.0,phi=quartic": { "lambda_min": -0.4311256479191763, "lambda_max": 10.096055772841302 }, "W=10.0,phi=triangle": { "lambda_min": 0.009218695254690613, "lambda_max": 9.496890622505882 }, "W=10.0,phi=gauss": { "lambda_min": -4.942381990852565e-15, "lambda_max": 16.717055479630073 } }, "comment": "Quartic bump (1-x^2)^2_{|x|<=1} is NOT a positive-definite function (its Fourier transform takes negative values), so this kernel matrix need not be PSD. Empirically lambda_min < 0 for W >= 2." }, "r24_gram_matrix": { "construction": "Q = H H^T where H[i,j] = exp(-(c_i - gamma_j)^2/(2 sigma^2)) ; M x M", "results_by_(M, sigma)": { "M=50,sigma=1.0": { "lambda_min": 0.22192007752049486, "lambda_max": 2.323742420130394 }, "M=50,sigma=2.5": { "lambda_min": 1.0005056811470523, "lambda_max": 4.499551931285281 }, "M=50,sigma=5.0": { "lambda_min": 1.1587949428266549, "lambda_max": 8.420873930887975 }, "M=100,sigma=1.0": { "lambda_min": 0.1366783926749243, "lambda_max": 2.3874932050680533 }, "M=100,sigma=2.5": { "lambda_min": 1.0005056811470523, "lambda_max": 4.511436181321967 }, "M=100,sigma=5.0": { "lambda_min": 1.1587873929988497, "lambda_max": 8.46429129481182 }, "M=200,sigma=1.0": { "lambda_min": 0.05701530223474808, "lambda_max": 2.2940240914789927 }, "M=200,sigma=2.5": { "lambda_min": 0.7490920365069998, "lambda_max": 4.49683588753693 }, "M=200,sigma=5.0": { "lambda_min": 1.0136127840180522, "lambda_max": 11.83486553941637 } }, "comment": "Q = H H^T is a Gram matrix: x^T Q x = ||H^T x||^2 >= 0, so Q is positive-semidefinite by definition. Empirically lambda_min > 0 (matrix is even strictly positive-definite in our settings)." }, "canonical_comparison_W_eq_sigma_eq_5": { "r8_quartic_lambda_min": -0.2286797289178617, "r8_quartic_n_negative_eigs": 674, "r8_gaussian_lambda_min": -4.660009212838862e-16, "r24_gram_lambda_min": 1.1587873929988497 }, "interpretation": "The conflict in f9 is fully explained by matrix construction. r8's Q_N[m,n] = phi((gamma_m - gamma_n)/W) is PSD only if phi is a positive-definite function (Bochner: its Fourier transform must be nonnegative). A generic compactly supported 'bump' like (1-x^2)^2 fails this criterion and yields lambda_min < 0. r24's Gram construction Q = H H^T is PSD by definition regardless of the basis chosen."
}