,zeta,L(chi),L(Delta),L_DH
zeta,0.0,2.6695971488952637,2.202143669128418,2.5421948432922363
L(chi),2.6695971488952637,0.0,0.4674534797668457,0.7560005187988281
L(Delta),2.202143669128418,0.4674534797668457,0.0,0.907221794128418
L_DH,2.5421948432922363,0.7560005187988281,0.907221794128418,0.0
