{ "analysis_parameters": { "N": 100000, "t_range": [ 1000, 10000 ], "n_t_values": 9001, "random_seed": 42 }, "random_nonresonant_locations": { "t_values": [ 2631.0, 9600.0, 6831.0, 5856.0, 1657.0, 2361.0, 7298.0, 3844.0, 2164.0, 8703.0 ], "D_magnitudes": [ 4.835301111043125, 5.232408283871278, 24.094446856664742, 4.828010109616819, 20.548486050298955, 8.23839411225484, 6.061632609915407, 13.624351723458558, 14.251213060110608, 7.682320419901711 ], "M_values": [ 0.48802681681777454, 0.31973577349815824, 1.4751269968203418, 0.2882838191520335, 1.8403205524036625, 1.0451895485563403, 0.27621847305394526, 1.0865463271008704, 1.6414458136398238, 0.9302398915591149 ], "mean_M": 0.9391134012602065, "std_M": 0.5846118997936144, "ci_95": [ 0.520907241419881, 1.357319561100532 ] }, "top_resonances": { "t_values": [ 1329.0, 4293.0, 5978.0, 1610.0, 1055.0 ], "D_magnitudes": [ 145.97486812348356, 130.4927275573123, 129.540324062539, 125.03318959455959, 124.86533215483308 ], "M_values": [ 1.8953832453229533, 1.7064569871363198, 1.4128596483236109, 1.84421893668233, 1.9333132890828932 ], "mean_M": 1.7584464213096216, "std_M": 0.21143566310913536 }, "low_D_locations": { "M_values": [ 0.7570823773333814, 0.1304203160066013, 0.10977530941162328, 0.6572045123190873, 0.10730418435449304, 0.04090844995776737, 0.22910800802452091, 0.4477280991388684, 0.25430163535205214, 0.4763932579117218 ], "mean_M": 0.3210226149810117, "std_M": 0.24974539445345695 }, "statistical_tests": { "random_vs_0.2": { "t_statistic": 3.9980058530477214, "p_value_one_sided": 0.001559900492180973, "cohens_d": 1.2642804594315233 }, "low_D_vs_0.2": { "t_statistic": 1.5323890659410513, "p_value_one_sided": 0.07989504481794622 }, "random_vs_low_D": { "t_statistic": 3.074569328238808, "p_value_two_sided": 0.009486408150547443 }, "correlation_D_vs_M": { "pearson_r": 0.654723558257001, "pearson_p": 7.353607652378238e-26, "spearman_r": 0.8183904597614942, "spearman_p": 1.595103385483989e-49, "n_samples": 200 } }, "percentile_analysis": { "10": { "D_threshold": 3.580061422140223, "mean_M": 0.2459015797921685, "std_M": 0.0868198466302606 }, "20": { "D_threshold": 5.309182783963619, "mean_M": 0.42276047713033726, "std_M": 0.2258968938143298 }, "30": { "D_threshold": 6.890621825126255, "mean_M": 0.5627208671280822, "std_M": 0.1608806465032198 }, "40": { "D_threshold": 8.41356770168924, "mean_M": 0.5828060888889615, "std_M": 0.14502356793317503 }, "50": { "D_threshold": 10.15427053883306, "mean_M": 1.0192566413589155, "std_M": 0.12881000312566288 }, "60": { "D_threshold": 12.10317834670216, "mean_M": 1.377531334258289, "std_M": 0.1413553579336039 }, "70": { "D_threshold": 14.626534274759168, "mean_M": 1.4123463483468113, "std_M": 0.25277575000173574 }, "80": { "D_threshold": 18.24893382671092, "mean_M": 1.2419800292954082, "std_M": 0.1932485164687966 }, "90": { "D_threshold": 24.343891087005815, "mean_M": 1.200141318104176, "std_M": 0.36572068874271696 }, "95": { "D_threshold": 31.894348849679147, "mean_M": 1.5228109719212612, "std_M": 0.18074806145735395 }, "99": { "D_threshold": 63.62537569363654, "mean_M": 1.8616864256091639, "std_M": 0.15044675370839533 } }
}