{ "parameters": { "J": 12, "sigma": 2.0, "dps": 80, "N_prime": 100000, "delta": 4.8, "T0": "89.535492980517050105735311206827741417106627934241", "T0_origin": "gamma_23", "gamma_23": "84.735492980517050105735311206827741417106627934241", "half_window": 40.0, "n_window": 33 }, "zeta_unshifted_GRH_baseline": { "lambda_min": -4.4257054058997984e-35, "lambda_max": 9.326944791869195e-36, "eigvals_sorted_ascending": [ -4.4257054058997984e-35, -7.763057693731117e-42, -3.2652980603725567e-46, -4.1573459264332517e-48, -6.6426646247561036e-49, -1.93655757319454e-50, 9.867568746971236e-51, 1.3690831224985978e-49, 7.240259635642935e-49, 4.353037582232018e-47, 3.5436352946882053e-41, 9.326944791869195e-36 ], "interpretation": "Q is essentially the zero matrix to numerical precision; all eigenvalues at the dps=80 noise floor (~10^-35 to 10^-50). This validates that the reconstructed Weil quadratic form Q = M_zeros - M_arith for \u03b6 is PSD as expected under RH, with the explicit-formula identity holding to ~35 decimal places." }, "zeta_shifted_positive_control": { "beta_shift": 0.3085, "shifted_zero_index_0based": 22, "shifted_zero_original": "84.735492980517050105735311206827741417106627934241", "shifted_zero_after_shift": "85.043992980517050105735311206827741417106627934241", "lambda_min": -39860.02501739569, "lambda_max": 203995.99966367558, "eigvals_sorted_ascending": [ -39860.02501739569, -7.525158467480672e-38, -5.817867424912428e-43, -3.68280913048863e-48, -1.5469632537223797e-48, -8.048950117595697e-50, 8.335305436125999e-51, 5.3462421429797374e-49, 4.663964721649105e-48, 1.1726934386680204e-43, 4.942997511094851e-37, 203995.99966367558 ], "interpretation": "A single zero of \u03b6 moved off the critical line by \u03b2=0.3085 in the imaginary direction induces a rank-2 perturbation of Q: one large negative eigenvalue (~-4e4) and one large positive eigenvalue (~+2e5), while the other 10 eigenvalues remain at the noise floor (~10^-37 or smaller). The detector cleanly identifies the GRH violation." }, "separation": { "lambda_min_unshifted": -4.4257054058997984e-35, "lambda_min_shifted": -39860.02501739569, "orders_of_magnitude_separation": 38.95455506490774 }, "control_L_chi_4_mod_5": { "status": "not_completed", "reason": "The Weil explicit formula for non-self-dual Dirichlet L-functions requires reconciling Fourier-transform / archimedean-factor conventions across multiple references (Iwaniec-Kowalski vs Bober-Conrey-Farmer Lemma 4.1) which could not be unambiguously resolved within runtime. Direct verification on a Gaussian test function showed a ~0.18 systematic residual against the LMFDB-stored zero list, indicating an unresolved constant/normalization mismatch in the candidate reconstructions. Reporting M_arith for L(\u03c74) without this resolution would produce \u03bb_min values dominated by formula-calibration error rather than zero-structure information." }, "control_L_Delta": { "status": "not_completed", "reason": "Same as L(\u03c74 mod 5) -- formula calibration for non-\u03b6 L-functions could not be verified within runtime. L(\u0394) has gamma factor \u0393((s+11/2)/2)/\u03c0^{(s+11/2)/2} and a_p values from the Ramanujan tau function; without a verified reconstruction the Weil quadratic form M_arith cannot be reliably computed." }
}