{ "description": "L_DH zeros in [1, 200], computed via Z_DH sign changes at dps=20", "range_T": [ 1, 200 ], "n_zeros": 122, "zeros_str": [ "5.09415984457109492569879549751", "8.93991440809652324471761287718", "12.1335454258007424037025477549", "14.4040031122774982072700976794", "17.1302394005724896007739545396", "19.308800174228066955057209194", "22.1597077650939776976695684374", "23.3453701120267757979486895403", "26.0949673462453668078992585808", "27.9237988215997014164623178044", "30.1594179062733849847943220559", "31.9644999711635382023192084773", "33.6998622815646203566475237167", "35.8908547200708496409943859867", "37.4554623430429768999266402246", "40.1625784768500110316817035337", "40.6829527970669996933788833398", "43.0812654792461956539470255052", "44.9471342188822988777961817365", "46.4563546399257466420345922717", "48.4777865803490219734816365119", "50.2400864501019552384688806717", "51.2920857565348670643405429166", "53.671413214926594972484713773", "54.8367768800842933093604499962", "57.0410966862247925358285776089", "58.3951029453325285319364883757", "59.7667923434751933794704961783", "61.7020100472475222117620615375", "63.2795960451608466164932525568", "64.6767188974647438273231413946", "66.655757840827916104521447378", "68.3470994726879748162166103607", "68.9367002150580836637790845831", "71.4298357741290789237905239032", "72.5113430132074122665372273096", "74.3249817489559399721819811807", "75.9093958939883988916750481725", "77.2264182756330451717286709854", "78.7174099263109087798831846458", "80.3279470860903372985559882482", "81.9254023918309966183639177793", "83.1088410847498198713356069484", "87.6474763325597387526893146933", "89.4391887988165135099143807844", "90.7245047744186956158808560237", "92.1827435894784500397147518439", "93.7809439983177029839038420284", "95.3486605376420221420510774899", "96.2917454189752182494769253645", "97.9736249406969999735900968716", "99.6822943459541395755668835283", "100.598993807792284857815694081", "102.819209827108413005073177891", "103.647409137674074030660595832", "104.956984078801925065929243917", "106.579697156249821466519147897", "108.202105072059398535480687668", "109.227830820379033697236657222", "110.865805913936929087184799761", "112.376394236915199579830974205", "116.721513587259197606822412378", "117.643846183592418013609071092", "119.138744016259573555866316076", "120.857558657539140335273078456", "121.803332864092219512336247695", "123.233315929683769561772738016", "124.584757567849411281745686976", "126.12354840812359366015088273", "127.359145519419776332557515439", "128.598128647602078611989129414", "130.562807153136913788753999856", "131.518743993297625588467449871", "132.285177212456273920960398312", "134.3834549907457837565980056", "135.427097376049700153115550256", "136.888631807075690763066503649", "138.12732925328707046277390634", "139.776906805593583900291696688", "140.714101076372649123600086633", "142.12828478417814915959560028", "143.361076340420393227127200145", "145.174350282719401244052209877", "145.734023004263316914890261035", "147.773047391661330143288638706", "149.138860526933091440768593001", "149.647117155553132452764835096", "151.322218913608539966284420721", "152.895822599062744372282834694", "154.001119863499753414740350366", "155.261716588156504936126374281", "156.701929947138208903479767947", "158.126671253753365044432367602", "159.399231375394212030260110749", "160.041155676066994698213255986", "162.034264399934184812255597452", "163.174881287102089361033831137", "164.162334426623298212535145785", "168.32420604189726879885086792", "169.33028794878921933283157645", "171.040546265164952939192448252", "172.020959864426544530328984022", "173.358951510691670181612835498", "174.601393605775955031961153275", "178.169883416393743194446266905", "179.959128581785835595888443911", "180.95648352091311065077146443", "182.245532044519971481750879757", "183.60108625086649845030957858", "184.958392851711879805005778067", "185.951226646155403479942517387", "187.24961813442041646036188522", "188.478654477082224410831207027", "189.943227709291528591350046587", "190.962113121177872512263373097", "192.227424936255825545379276709", "194.075253442953864956532815341", "194.78708932312707672782977567", "195.557541721445490578373404487", "197.488860514737886412365452164", "198.502213535850833169111353371", "199.876184994880383521194257274" ]
}