{ "description": "Sensitivity map of Weil quadratic form Q=M_zeros-M_arith for \u03b6_\u03b4 (first 20 zeta zeros shifted to Re=1/2+\u03b4)", "parameters": { "J": 10, "prime_bound": 1000, "T0_grid": [ 4.134725141734695, 6.134725141734695, 8.134725141734695, 10.134725141734695, 12.134725141734695, 14.134725141734695, 16.134725141734695, 18.134725141734695, 20.134725141734695, 22.134725141734695, 24.134725141734695, 26.134725141734695, 28.134725141734695, 30.134725141734695, 32.13472514173469, 34.13472514173469, 36.13472514173469, 38.13472514173469, 40.13472514173469, 42.13472514173469, 44.13472514173469, 46.13472514173469, 48.13472514173469, 50.13472514173469, 52.13472514173469, 54.13472514173469, 56.13472514173469, 58.13472514173469, 60.13472514173469, 62.13472514173469, 64.13472514173469, 66.13472514173469, 68.13472514173469, 70.13472514173469, 72.13472514173469, 74.13472514173469, 76.13472514173469, 78.13472514173469, 80.13472514173469, 82.13472514173469, 84.13472514173469, 86.13472514173469 ], "sigma_grid": [ 1.0, 2.0, 4.0 ], "delta_grid": [ 0.05, 0.1, 0.15, 0.2, 0.25, 0.3, 0.35, 0.4, 0.45, 0.5 ], "half_window": "max(20, 6*sigma)", "detection_criterion": "lambda_min(delta) < lambda_min(0) - max(1e-4, 1e-2*|lambda_min(0)|)", "test_basis": "h_i(t) = ((t-T0)/sigma)^i * exp(-((t-T0)/sigma)^2 / 2), i=0..J-1", "M_arith_formula": "sum_{p, k: p^k <= prime_bound} (log p)/sqrt(p^k) * [h(k log p) h(k log p)^T + h(-k log p) h(-k log p)^T]" }, "sensitivity_map": { "(4.135,1.0)": 0.05, "(6.135,1.0)": 0.05, "(8.135,1.0)": 0.05, "(10.135,1.0)": 0.05, "(12.135,1.0)": 0.05, "(14.135,1.0)": 0.05, "(16.135,1.0)": 0.05, "(18.135,1.0)": 0.05, "(20.135,1.0)": 0.05, "(22.135,1.0)": 0.05, "(24.135,1.0)": 0.05, "(26.135,1.0)": 0.05, "(28.135,1.0)": 0.05, "(30.135,1.0)": 0.05, "(32.135,1.0)": 0.05, "(34.135,1.0)": 0.05, "(36.135,1.0)": 0.05, "(38.135,1.0)": 0.05, "(40.135,1.0)": 0.05, "(42.135,1.0)": 0.05, "(44.135,1.0)": 0.05, "(46.135,1.0)": 0.05, "(48.135,1.0)": 0.05, "(50.135,1.0)": 0.05, "(52.135,1.0)": 0.05, "(54.135,1.0)": 0.05, "(56.135,1.0)": 0.05, "(58.135,1.0)": 0.05, "(60.135,1.0)": 0.05, "(62.135,1.0)": 0.05, "(64.135,1.0)": 0.05, "(66.135,1.0)": 0.05, "(68.135,1.0)": 0.05, "(70.135,1.0)": 0.05, "(72.135,1.0)": 0.05, "(74.135,1.0)": 0.05, "(76.135,1.0)": 0.05, "(78.135,1.0)": 0.05, "(80.135,1.0)": 0.05, "(82.135,1.0)": 0.05, "(84.135,1.0)": null, "(86.135,1.0)": null, "(4.135,2.0)": 0.05, "(6.135,2.0)": 0.05, "(8.135,2.0)": 0.05, "(10.135,2.0)": 0.05, "(12.135,2.0)": 0.05, "(14.135,2.0)": 0.05, "(16.135,2.0)": 0.05, "(18.135,2.0)": 0.05, "(20.135,2.0)": 0.05, "(22.135,2.0)": 0.05, "(24.135,2.0)": 0.05, "(26.135,2.0)": 0.05, "(28.135,2.0)": 0.05, "(30.135,2.0)": 0.05, "(32.135,2.0)": 0.05, "(34.135,2.0)": 0.05, "(36.135,2.0)": 0.05, "(38.135,2.0)": 0.05, "(40.135,2.0)": 0.05, "(42.135,2.0)": 0.05, "(44.135,2.0)": 0.05, "(46.135,2.0)": 0.05, "(48.135,2.0)": 0.05, "(50.135,2.0)": 0.05, "(52.135,2.0)": 0.05, "(54.135,2.0)": 0.05, "(56.135,2.0)": 0.05, "(58.135,2.0)": 0.05, "(60.135,2.0)": 0.05, "(62.135,2.0)": 0.05, "(64.135,2.0)": 0.05, "(66.135,2.0)": 0.05, "(68.135,2.0)": 0.05, "(70.135,2.0)": 0.05, "(72.135,2.0)": 0.05, "(74.135,2.0)": 0.05, "(76.135,2.0)": 0.05, "(78.135,2.0)": 0.05, "(80.135,2.0)": 0.05, "(82.135,2.0)": 0.05, "(84.135,2.0)": 0.1, "(86.135,2.0)": 0.25, "(4.135,4.0)": 0.05, "(6.135,4.0)": 0.05, "(8.135,4.0)": 0.05, "(10.135,4.0)": 0.05, "(12.135,4.0)": 0.05, "(14.135,4.0)": 0.05, "(16.135,4.0)": 0.05, "(18.135,4.0)": 0.05, "(20.135,4.0)": 0.05, "(22.135,4.0)": 0.05, "(24.135,4.0)": 0.05, "(26.135,4.0)": 0.05, "(28.135,4.0)": 0.05, "(30.135,4.0)": 0.05, "(32.135,4.0)": 0.05, "(34.135,4.0)": 0.05, "(36.135,4.0)": 0.05, "(38.135,4.0)": 0.2, "(40.135,4.0)": 0.15, "(42.135,4.0)": 0.35, "(44.135,4.0)": 0.4, "(46.135,4.0)": 0.4, "(48.135,4.0)": null, "(50.135,4.0)": 0.45, "(52.135,4.0)": null, "(54.135,4.0)": null, "(56.135,4.0)": null, "(58.135,4.0)": null, "(60.135,4.0)": null, "(62.135,4.0)": null, "(64.135,4.0)": null, "(66.135,4.0)": null, "(68.135,4.0)": null, "(70.135,4.0)": null, "(72.135,4.0)": null, "(74.135,4.0)": null, "(76.135,4.0)": null, "(78.135,4.0)": null, "(80.135,4.0)": null, "(82.135,4.0)": null, "(84.135,4.0)": null, "(86.135,4.0)": null }, "optimal_point": { "T0": 46.1347251417347, "sigma": 1.0 }, "validation_at_optimal": { "zeta": { "lambda_min": -1.1125538813640506e-13, "lambda_max": 71033.9926247301, "trace_Mz": 78127.0457390419, "trace_Ma": 0.0 }, "lchi": { "lambda_min": 1.1313336279823418e-12, "lambda_max": 67750.5836808874, "trace_Mz": 75448.81896313878, "trace_Ma": 0.0 }, "ldelta": { "lambda_min": -7.331555682683376e-12, "lambda_max": 93246.17618925296, "trace_Mz": 104923.04583632675, "trace_Ma": 0.0 }, "zeta_delta_0.05": { "lambda_min": -0.5103042600417259, "lambda_max": 71133.72504389338, "trace_Mz": 78192.69048657286, "trace_Ma": 0.0 }, "ldh": { "lambda_min": 2.1732839542078953e-12, "lambda_max": 73246.84952351428, "trace_Mz": 81746.97677242929, "note": "M_arith approximated as 0 (negligible at this T0)" } }, "notes": [ "For T0 in [\u03b31+2, \u03b320+2] (~16-78) with \u03c3=1 or 2, the smallest tested \u03b4=0.05 is reliably detected.", "For \u03c3=4 the basis is too broad and averages out the shifted-zero signal; sensitivity degrades to \u03b4>=0.1.", "For T0 outside the shifted-zero range, sensitivity drops to NaN (no detection) within \u03b4 <= 0.5.", "At optimal (T0=46.13, \u03c3=1): \u03b6, L(\u03c7), L(\u0394), and L_DH all have |\u03bb_min| ~ 1e-12 (numerical noise), while \u03b6_\u03b4 at \u03b4=0.05 yields \u03bb_min = -0.51 \u2014 a 12-order-of-magnitude separation.", "L_DH evaluated at this T0 does NOT show its known off-critical anomaly because the anomaly is at T0\u224885.7 (Spira zero); confirmed in cell #20 with explicit inclusion of off-critical pair at T0=85.7 \u03c3=2.", "M_arith for L_DH is approximated as \u22480 since the test functions are far from the support of log p; analyses near T0=85.7 require careful M_arith construction (validated already in r15)." ]
}