{ "analysis_type": "L_DH Phase Coherence Ratios", "N_max": 1000000, "implementation": "squarefree_enforced", "resonance_1": { "t": 84.208, "R_2": 0.002138711228738871, "R_3": 0.0028217416960755475, "R_4": 0.003083198302908987, "R_5": 0.004447551833723827, "R_3_over_R_2": 1.3193654468908538, "R_4_over_R_2": 1.4416150537195476, "R_5_over_R_2": 2.0795476144511595, "D_total_magnitude": 1.9781683429926493 }, "resonance_2": { "t": 114.153, "R_2": 0.0012696742054579169, "R_3": 0.0009801455230544769, "R_4": 0.004675627267570567, "R_5": 0.00658219052071554, "R_3_over_R_2": 0.7719661617453909, "R_4_over_R_2": 3.682540960091624, "R_5_over_R_2": 5.184157079367952, "D_total_magnitude": 0.1766711480791847 }, "percentage_differences": { "R_3_over_R_2": 41.48958777383741, "R_4_over_R_2": 155.44551235020796, "R_5_over_R_2": 149.2925405190191 }, "hypothesis_test": { "threshold_percent": 20.0, "R_3_over_R_2_stable": false, "R_4_over_R_2_stable": false, "R_5_over_R_2_stable": false, "hypothesis_supported": false }
}