Function,Class,Mean,Std,Min,Max,Q25,Q50,Q75
zeta,Standard,7.0139965218509905,1.031428516900652,4.7100815297991945,9.760087169955122,6.35091354017932,6.948070034004101,7.705770200600245
chi4,Standard,7.560840314928592,1.1512572192859085,5.257740015390923,10.94883155234387,6.786989372419807,7.402208102492033,8.332741864512201
liouville,Anomalous-Resonant,9.072041297052726,2.660885450326096,4.860010474619411,16.525617419261895,7.102340984286971,8.499080986164913,10.465779563345786
mobius,Anomalous-Resonant,6.5133617329305515,1.387361897954048,3.764456670769305,11.677334749194968,5.509745845837603,6.377815197799027,7.273370963769462
f_rand,Control,9.270103845272898,2.609878237521984,4.729829463349117,18.387817716504195,7.174709763302367,8.970410737174099,10.679649823995584
f_fully_rand,Control,2.6786280371031954,0.26219621975833146,2.0858701887873163,3.3631177187737515,2.4704739416086783,2.6613562414054632,2.8382846729786264
L_DH,Anomalous-Resonant,5.026520215393966,0.7123620870153845,3.4519322755717243,7.5649723220587335,4.458264994349312,4.972457620299077,5.494547225164075
