Category,Möbius,Zeta,f_rand
3A,15.653123945903095,15.115741278530692,13.732925091951534
3B,25.633148867110613,26.838510486693913,26.889561507340158
4I,8.340090524165177,26.900431129334514,34.49125187451541
MD,45.46059378828335,28.796405711263247,23.354847326581538
PD,4.9130428745377595,2.3489113941776316,1.5314141996113562
