Analysis_Type,Method,Target_t,N_10000_M,N_100000_M,N_1000000_M,Exponent_alpha,Coefficient_C,R_squared,Growth_10k_to_1M,Alpha_vs_Theory
Peak_Tracking,Track max at each N,84.2 (shifts),4.153125177378411,4.218368727269872,4.217972789920982,0.0033643763069771144,4.036942494596606,0.7434577511511267,1.6%,1.09%
Fixed_t_at_Zero,Evaluate at t=85.7,85.7 (fixed),0.596589285543654,0.369631,0.4078939353502756,-0.08256410059479011,1.1591799604393678,,-31.6%,-26.76%
Theoretical,From σ-1/2,85.7,,,,0.3085,,,N/A,100%
