{ "analysis_parameters": { "N": 100000, "t_min": 1000, "t_max": 20000, "n_points": 19001, "n_blocks": 200, "block_size": 95, "n_bootstrap": 1000, "seed": 42, "metric": "R_comp (unnormalized |sum|)", "composite_squarefree_count": 51201 }, "gev_fits": { "zeta": { "xi": -0.17500892778885327, "mu": 5.389607059202129, "sigma": 0.8769846503347749, "ci_xi": [ -0.24727870134038146, -0.10091963336613591 ], "ci_mu": [ 5.264627542680746, 5.517622088521976 ], "ci_sigma": [ 0.7668691996041382, 0.9647579877161262 ], "ks_pvalue": 0.7990521475305663, "n_bootstrap_success": 1000 }, "L_chi5": { "xi": -0.15298962821457923, "mu": 5.405918995683086, "sigma": 0.9078136812997025, "ci_xi": [ -0.2539887194225232, -0.03023697836951529 ], "ci_mu": [ 5.272267040699699, 5.5419629411833 ], "ci_sigma": [ 0.7698014758302775, 1.0197018776297277 ], "ks_pvalue": 0.6759940935694864, "n_bootstrap_success": 1000 }, "f_rand": { "xi": 0.07859331790408192, "mu": 7.573218685691616, "sigma": 2.2116662955124182, "ci_xi": [ -0.02178286294948074, 0.1661851707063392 ], "ci_mu": [ 7.245042424508017, 7.926581298485193 ], "ci_sigma": [ 1.967462841274846, 2.4423518302362752 ], "ks_pvalue": 0.9912073448441239, "n_bootstrap_success": 1000 }, "L_DH": { "xi": -0.08119846417913988, "mu": 4.496373733959841, "sigma": 0.4652295212649283, "ci_xi": [ -0.182843518667171, 0.00485308852108846 ], "ci_mu": [ 4.426695712088841, 4.565479142389349 ], "ci_sigma": [ 0.4185439960763622, 0.5101210605347178 ], "ks_pvalue": 0.9650621060776379, "n_bootstrap_success": 1000 } }, "pairwise_permutation_tests": { "zeta_vs_f_rand": { "delta_xi": -0.2536022456929352, "p_value": 0.004 }, "L_chi5_vs_f_rand": { "delta_xi": -0.23158294611866115, "p_value": 0.016 }, "zeta_vs_L_DH": { "delta_xi": -0.09381046360971339, "p_value": 0.164 }, "L_chi5_vs_L_DH": { "delta_xi": -0.07179116403543935, "p_value": 0.535 }, "f_rand_vs_L_DH": { "delta_xi": 0.1597917820832218, "p_value": 0.073 } }, "interpretation": { "hypothesis_partial_support": true, "structured_multiplicative_bounded": "\u03b6 and L(\u03c7\u2085) both have \u03be < 0 with CIs excluding 0", "random_multiplicative_inconclusive": "f_rand has \u03be \u2248 0 (point est. 0.079, CI includes 0)", "non_multiplicative_unexpected": "L_DH has \u03be < 0, contradicting heavy-tail hypothesis", "separation_quality": "Only \u03b6 and L(\u03c7\u2085) vs f_rand are significantly separated (p < 0.05)" }
}