Metric,Zeta,f_rand,L_mobius
Truncation N,"1,000,000","1,000,000","1,000,000"
t range,"[1e+06, 2e+06]","[1e+06, 2e+06]","[1e+06, 2e+06]"
Number of peaks analyzed,50,50,50
Mean |D_F| at peaks,10.328,11.527,9.317
Mean r,2.457293,2.769410,1.653311
Std r,1.455238,1.930050,0.829510
Median r,2.165146,2.250900,1.738753
Min r,-0.619177,-0.654857,-0.182318
Max r,5.753078,6.737467,3.123897
% r > 0,98.0%,92.0%,98.0%
% r > 1,80.0%,82.0%,72.0%
t-statistic (vs 0),11.94,10.15,14.09
