omega_k,term_count,S_k_real,S_k_imag,S_k_magnitude,S_k_phase_deg,contribution_to_sum_pct
0,1,0.6065306597126334,0.0,0.6065306597126334,0.0,0.0010676132181205655
1,9700,17.069337756042096,7.764702965819967,18.752410607099492,24.460402106579355,1.0205226115764268
2,33759,128.84837744260955,16.146877112059393,129.85617432400016,7.142892416895716,48.93658194989855
3,38844,-92.56732241418001,74.25967034932836,118.67269196964259,141.2625989105176,40.870505765609735
4,15855,25.85257476022512,-18.51926916348928,31.8012413607204,-35.61559221312073,2.9349220427793887
5,1816,6.867192922154208,-45.845259812934884,46.356727515492146,-81.48096365238261,6.236400016917769
