feature,KS_stat,p_value,DH_mean,F12_mean
log_abs_S1_norm,1.0,2.588936296822578e-194,0.27967378557657074,0.8261946305515616
log_abs_S2_norm,1.0,2.588936296822578e-194,0.529490882678273,1.006589050388684
log_abs_S3_norm,1.0,2.588936296822578e-194,0.47769641861538514,0.9294941112585107
log_abs_S4_norm,0.965,4.714307932626165e-165,0.30942435131832086,0.7468543225155472
log_abs_S5_norm,0.7916666666666666,2.305542249838763e-95,-0.21782589265997426,0.23186335056879648
log_abs_S6_norm,0.69,2.617052004420828e-69,-1.3418819942638216,-0.8703405180353418
s2_s3_ratio,0.14,0.0052735409650126255,1.1277412789499026,1.089345165646513
