Function,Mean M,Std M,Mean R_comp,Std R_comp,Mean Peak |D|,N Peaks
ζ(s),1.8314,0.1785,0.002019,0.001073,12.2641,50
"L(s, χ₄)",1.8201,0.1978,0.198360,0.002346,8.1174,50
f_rand,1.7102,0.2532,0.010609,0.006173,17.3798,50
L_DH,1.8880,0.1859,0.100884,0.003330,4.7001,50
