{ "L_chi4": { "xi": -0.21495181454225126, "mu": 7.401463139333387, "sigma": 1.0430953763325674, "ci_xi": [ -0.3718519433743767, -0.1139154922578774 ], "ci_mu": [ 7.183460712848464, 7.641965099960971 ], "ci_sigma": [ 0.9045738622560684, 1.1792499202836673 ], "ks_pvalue": 0.8674632197934834 }, "L_DH": { "xi": -0.08338449034519661, "mu": 5.938225147338775, "sigma": 0.5860252465181026, "ci_xi": [ -0.325905243983257, 0.05066785585876985 ], "ci_mu": [ 5.827762262863414, 6.0654661829796765 ], "ci_sigma": [ 0.4854823973512352, 0.6710055425194646 ], "ks_pvalue": 0.5044239474092009 }, "L_DH_perturbed_eps_0.01": { "xi": -0.08269112386398406, "mu": 5.941499330378882, "sigma": 0.5834828702283443, "ci_xi": [ -0.3240392565334456, 0.0510775344626298 ], "ci_mu": [ 5.832474816131484, 6.068402024837509 ], "ci_sigma": [ 0.4787152804675111, 0.6682989899293844 ], "ks_pvalue": 0.47356121272529306, "epsilon": 0.01 }, "statistical_comparisons": { "L_chi4_vs_zeta": { "delta_xi": -0.07846767988297454, "bootstrap_pvalue": 0.322, "ci_overlap": true }, "L_chi4_vs_f_rand": { "delta_xi": -0.42361273209080386, "bootstrap_pvalue": 0.0, "ci_overlap": false }, "L_DH_perturbed_vs_L_DH": { "delta_xi": 0.0006933664812125567, "bootstrap_pvalue": 0.61, "ci_overlap": true }, "L_DH_perturbed_vs_zeta": { "delta_xi": 0.05379301079529267, "bootstrap_pvalue": 0.648, "ci_overlap": true }, "L_DH_perturbed_vs_L_chi4": { "delta_xi": 0.1322606906782672, "bootstrap_pvalue": 0.152, "ci_overlap": true } }, "parameters": { "N": 100000, "t_min": 1000, "t_max": 10000, "n_blocks": 100, "n_points": 9000, "n_bootstrap": 1000, "seed": 42 }
}