{ "metadata": { "analysis": "Replication of r12 with explicit M\u00f6bius coefficients", "t_peak": 84.208, "N": 1000000, "coefficient_implementation": "a_n = \u03bc(n), with \u03bc(n)=0 for non-squarefree n" }, "L_DH": { "t_peak": 84.208, "D_magnitude": 1.1259949562234743, "all_squarefree_terms": { "n_terms": 607926, "R": 0.000693409791627063, "z_statistic": 0.2923012401192713, "p_value": 0.7465437664551396, "uniformity_rejected": false }, "primes_only": { "n_terms": 78498, "R": 0.010187748215522388, "z_statistic": 8.147324195248643, "p_value": 0.0002894628158149647, "uniformity_rejected": true }, "composites_squarefree": { "n_terms": 529427, "R": 0.0019897746529972805, "z_statistic": 2.0961090565302936, "p_value": 0.12293381576263347, "uniformity_rejected": false } }
}