{ "metadata": { "analysis_date": "2026-03-24T05:56:23.324365", "t_peak": 84.208, "N": 1000000, "description": "Phase coherence strength vs. number of distinct prime factors" }, "data": { "k_values": [ 1, 2, 3, 4, 5, 6, 7 ], "R_k_values": [ 0.010187748215522282, 0.011649249430191308, 0.011957294991248858, 0.013375893035982434, 0.013315196643596917, 0.028291342693308137, 0.38769545536053784 ], "n_k_values": [ 78498, 209867, 206964, 92966, 18387, 1235, 8 ], "p_values": [ 0.0002895089936606425, 4.2784996339749194e-13, 1.4085127371390934e-13, 5.975776144315414e-08, 0.038391727722094975, 0.3721366742948535, 0.3004535451339646 ] }, "models": { "linear": { "formula": "R_k = a*k + b", "parameters": { "a": 0.0007981540461944325, "b": 0.0097026143247253 }, "standard_errors": { "a": 0.00014309810483885787, "b": 0.00047460272710985515 }, "R_squared": 0.9120502950750056, "RMSE": 0.0003505173476244274, "AIC": -59.371618255741424, "BIC": -60.54330451843912, "fitted_range": [ 1, 5 ] }, "exponential": { "formula": "R_k = a*exp(b*k)", "parameters": { "a": 0.009917204624723704, "b": 0.06485678152683172 }, "standard_errors": { "a": 0.0004545564489188116, "b": 0.012928682439214866 }, "R_squared": 0.8963208838741655, "RMSE": 0.00038057299359113333, "AIC": -58.54894029874076, "BIC": -59.72062656143846, "fitted_range": [ 1, 5 ] }, "power": { "formula": "R_k = a*k^b", "parameters": { "a": 0.010207964664980267, "b": 0.172418109383586 }, "standard_errors": { "a": 0.0002911615984107852, "b": 0.024027436396313738 }, "R_squared": 0.9484724572499675, "RMSE": 0.00026829466661803326, "AIC": -62.04486145952612, "BIC": -63.216547722223815, "fitted_range": [ 1, 5 ] } }, "conclusion": "Power-law model R_k = a*k^b provides the best fit (R\u00b2=0.948)"
}